source,weight,target
", USA TODAY",6.887997099002495e-05,<CONV>
1 minute,5.190406461723196e-05,<CONV>
10 wistv.com,0.00038071428841889997,<CONV>
100.7 MIX-FM,0.00037140079763300004,<CONV>
1010 WCSI,0.00011470281044424898,<CONV>
1011now,0.0005124137410095,<CONV>
1027 Wbow,6.293400204202974e-05,<CONV>
10News.com,0.0008905276072235,<CONV>
10TV,0.0023216173285856,<CONV>
12 On Your Side,0.0004606914335326,<CONV>
12NewsNow,0.0003293117585424,<CONV>
1310 KFKA,0.0013806082963594,<CONV>
13WHAM,0.0005399881204896,<CONV>
15 Minute News,0.0005061013521348,<CONV>
2 News,0.0017589705322679,<CONV>
2 minutes,8.30409682160944e-05,<CONV>
24/7 Business Reporter,0.000245224441713,<CONV>
25 News KXXV,0.0004792241238648,<CONV>
3 minutes,1.6052172391280502e-05,<CONV>
3newsnow.com,0.0003110474216614,<CONV>
4 minutes,1.21173126619783e-05,<CONV>
44News,0.0001623214585778436,<CONV>
5 Star Discovery,3.138727243514404e-05,<CONV>
50 States Today,0.0002048095506017,<CONV>
600 KCOL,0.0002286650551713,<CONV>
7 minutes,1.5066775600781292e-05,<CONV>
860Am The Answer,0.00041164572161030003,<CONV>
88.9 KETR,6.760526266791537e-05,<CONV>
8News Now,0.000800763177485,<CONV>
90.3 KAZU,0.00018296583381848444,<CONV>
91.9 KVCR,0.00031839311406640003,<CONV>
94.3 Jack FM,0.000197078489110264,<CONV>
95 Kqds,1.957454465361334e-06,<CONV>
98.5 The River,0.0007698273300115999,<CONV>
AB Digital Inc,7.267026138114083e-05,<CONV>
ABC 13 Action News,0.0023055694494568003,<CONV>
ABC 13 Toledo,0.0002581123492849,<CONV>
ABC 3340,0.0006377691278391,<CONV>
ABC Action News,0.001238112730433,<CONV>
ABC News,0.0009875780344504716,<CONV>
ABC News 4,0.0010113218571285,<CONV>
ABC News(ABC),6.209320623180276e-05,<CONV>
ABC News.com,0.0001854144209999,<CONV>
ABC15,0.0009002804546835,<CONV>
ABC2 News,0.0006369013793225,<CONV>
ABC25 WPBF.com,0.0005155684283364,<CONV>
ABC7 Eyewitness News,0.0007018198331571,<CONV>
ABIGAIL KESSLER Sun Staff Reporter,3.0133551201562584e-05,<CONV>
ACCESSWIRE,1.0929644321542174e-05,<CONV>
ACS Publications,0.0005963500287606,<CONV>
AFP,0.0005189797085478,<CONV>
AFP - Agence France Presse,0.0003398359570419,<CONV>
AFP News,9.143737009096518e-05,<CONV>
AFmedios,9.276842472878658e-05,<CONV>
AJMC,0.00045568246545360004,<CONV>
AJMC -,0.0001915950312953,<CONV>
AL DÍA News,0.00016806617678341394,<CONV>
AM 1070 The Answer,0.00017975497057703125,<CONV>
AM 560 The Answer,0.0002949604974564,<CONV>
AM 650 WNMT Northern Minnesota Talk,0.00022045549687669998,<CONV>
AM 920 The ANSWER,0.0004429933496786,<CONV>
AM 970 The Answer,0.0006769198245759999,<CONV>
"AMANDA SEITZ, Associated Press",5.760371957843985e-05,<CONV>
AMC,0.0003032976477535,<CONV>
AOL,0.010546058366650901,<CONV>
AOL.com,0.0012008125771316,<CONV>
AP,0.0003444375674343,<CONV>
AP News,0.0057214283761938,<CONV>
ATTPTHD,6.536487385881763e-05,<CONV>
Aaccesswdun,0.0002381973542395,<CONV>
Aadil Brar Newsweek,4.039104220659433e-05,<CONV>
Aamir Beg,1.5066775600781294e-05,<CONV>
Aaron Bolton,3.902899060427379e-05,<CONV>
Aaron Gonsoulin,6.0586563309891495e-05,<CONV>
Aaron Pellish,1.723316927216111e-05,<CONV>
Aaron Specht,6.988567159462426e-06,<CONV>
Abby Mackey,5.224518942099475e-05,<CONV>
Abc 7,0.0004544090218419,<CONV>
Abc11.com,0.0011100234198993001,<CONV>
Abc17HD News.com,0.0007319767062767999,<CONV>
Abc30,0.0006115154082018,<CONV>
Abc4,0.0011181116527819,<CONV>
Abc7,0.0008849907921177,<CONV>
Abc7 Chicago,0.0007388126285737,<CONV>
Abc7amarillo,0.00010135282040302061,<CONV>
Abdel Kareem Hana,1.4335053915413486e-05,<CONV>
Abdul Sattar,1.10703810770583e-06,<CONV>
Abdullah Hasrat,6.0867684673509794e-05,<CONV>
Abi Bautista-Alejandre,4.081927294860422e-05,<CONV>
Abigail Brooks,6.471982451502668e-05,<CONV>
Abigail Murphy,4.4861962966591696e-05,<CONV>
Abigail Quinn,8.022857925656889e-05,<CONV>
Abigail Ruhman,1.5585657640399254e-05,<CONV>
Abilene Public Radio,0.00015312800258280104,<CONV>
Abraham Gutman,2.686049252655872e-05,<CONV>
Achilleas Kouremenos,6.782012106564938e-05,<CONV>
Action News,0.0004541315709625,<CONV>
Action News 5,0.0004384730741807,<CONV>
Action Swift,2.7967841901312403e-05,<CONV>
Ada Pelonia,7.487750527995455e-05,<CONV>
Adam Piore,3.1077405252526375e-05,<CONV>
Adam Schreck,7.659891935914094e-05,<CONV>
Addy Bink,0.0002578019777477,<CONV>
Adeola Adeosun,4.309751639747686e-05,<CONV>
Adeola Adeosun Newsweek,0.0003353497246781,<CONV>
Aditya Pandey,8.455260801674886e-06,<CONV>
Adomonline,5.9371015370289234e-05,<CONV>
Adriana Pérez,3.9847370627909514e-05,<CONV>
Adrianna Rodriguez,2.8636155343926377e-05,<CONV>
Adriel Bettelheim,1.5971012199278216e-05,<CONV>
Advanced Financial Network,0.0058273838122375,<CONV>
Afmedios Redacción,3.5813194373267337e-05,<CONV>
Africa Marketing Industry News,7.891165050970679e-05,<CONV>
Afro News,6.475789884587916e-05,<CONV>
Agence France-Presse,2.595930704779909e-05,<CONV>
Agency Report,4.4260295384356914e-05,<CONV>
Agnès Pedrero,0.0005750173221479,<CONV>
Ahjané Forbes,4.869001720959241e-05,<CONV>
Ahmed Aboulenein,5.78624601052504e-05,<CONV>
Aidan Lewis,1.6891407802438666e-05,<CONV>
Aiga Petelo,5.084752281662117e-05,<CONV>
Aika Shane Algas,3.671471260872724e-05,<CONV>
Aila Slisco Newsweek,6.234849067954602e-05,<CONV>
Aimee Cho,3.5770011494516715e-05,<CONV>
Airdrie City View,0.00038191090293,<CONV>
Airdrie Local News,0.0003822505080652,<CONV>
Aisha Mahmoud,5.520109101567893e-05,<CONV>
Aisha Morales,9.386408146192616e-05,<CONV>
Akron News Reporter,0.000196899541577,<CONV>
Akron News-Reporter,0.0001914578972381,<CONV>
Al Jazeera,8.573201249285961e-05,<CONV>
Al.com,0.0004953770097492,<CONV>
AlKhaleej Today,5.031539237874722e-05,<CONV>
Alabama Department of Public Health,1.4657343592620591e-05,<CONV>
Alabama Now,0.0002683121516905,<CONV>
Alabama Public Radio,0.00026370345156279996,<CONV>
Alan Condon,9.239171831512492e-06,<CONV>
Alan Halaly,7.573320413736438e-06,<CONV>
Alana Wise,0.0002891231895788,<CONV>
"Alana Wise, Jeff Gritchen",1.4525765865006371e-05,<CONV>
Alaska's News Source,0.0002837562673799,<CONV>
Albert Lea Tribune,0.0005310796352525,<CONV>
Albert Stumm,6.547155751419976e-05,<CONV>
Albia Newspapers,0.0008536755238055999,<CONV>
Albuquerque Express,0.0012185509213237,<CONV>
Albuquerque News,0.0008588149265872,<CONV>
Aldergrove Star,0.00013390837046987452,<CONV>
Aldgra Fredly,2.557541261984426e-05,<CONV>
Alec Schemmel,3.155538034037358e-05,<CONV>
Alejandra O'Connell-Domenech,0.0003265806914582,<CONV>
Aleks Phillips,3.604528800852084e-05,<CONV>
Alerta Bogotá,4.453116185108437e-05,<CONV>
Alerta Tolima,0.00025555085296894407,<CONV>
Alex Arger,0.0003553855275201,<CONV>
Alex Babenko,8.334712527961023e-05,<CONV>
Alex Brandon,5.19278488124042e-05,<CONV>
Alex Brown,3.029328165494575e-05,<CONV>
Alex Kienlen,2.5396823089379384e-05,<CONV>
Alex Malm,1.9292565689943687e-05,<CONV>
Alex Nitzberg,1.856618724134554e-05,<CONV>
Alex Strauss,4.6603825289839005e-05,<CONV>
Alexa Jurado,6.462566753055093e-05,<CONV>
Alexander  Tin,1.9073211946097952e-05,<CONV>
Alexander City Outlook,9.356549802379324e-05,<CONV>
Alexander Tin,6.712252739489888e-05,<CONV>
Alexandra Banner,9.091217449244008e-05,<CONV>
Alexandra Del Rosario,0.000122399816329,<CONV>
Alexandra Gerlach,0.0001287887306056,<CONV>
Alexandrea Sumuel,1.8123675539257274e-05,<CONV>
Alexis Johnson,8.522501369498152e-05,<CONV>
Alexx Altman-Devilbiss,0.0004919849923707,<CONV>
"Alfons Luna, Wafaa Essalhi",1.405087072328828e-05,<CONV>
"Alia Pharr, Michael Scaturro",3.0197585186950582e-05,<CONV>
Alice Callahan,4.039104220659434e-05,<CONV>
Alice Fuller,1.592156651786727e-05,<CONV>
Alice Gibbs,2.718039824283046e-05,<CONV>
Alice Gibbs Newsweek,4.929502218916807e-05,<CONV>
Alice Park,2.4904267628926244e-05,<CONV>
Alicia Ault,4.84692506479132e-05,<CONV>
Alison Kuznitz,0.00019516865055,<CONV>
Aliss Higham Newsweek,0.0001056006738973,<CONV>
Alix Martichoux,0.0010530129821163,<CONV>
All News Press,0.0007226280196135,<CONV>
Allen American,0.0003824016118814,<CONV>
Allen Cone,0.0002169116656765,<CONV>
Allusanewshub,0.0006002740954582,<CONV>
Almjhar,0.00011554135089843091,<CONV>
Almudena Calatrava,0.0001009508131539,<CONV>
Alphagalileo,0.0004920468681297,<CONV>
Alsudantoday,0.00016270140831433385,<CONV>
Am 1460 The Answer,0.0004649211172353,<CONV>
Amanda Castro Newsweek,9.934652153815145e-05,<CONV>
Amanda Hernández,1.928748670175013e-05,<CONV>
Amanda Musa,5.7464635953745805e-05,<CONV>
"Amanda Musa, Carma Hassan",7.669768758917498e-05,<CONV>
Amanda Seitz,0.0015179603205064,<CONV>
"Amanda Seitz, Jill Colvin",7.157818551566128e-05,<CONV>
"Amanda Seitz, Matthew Perrone",9.98593248470814e-05,<CONV>
"Amanda Seitz, Matthew Perrone, Jonel Aleccia",2.4845075245663545e-05,<CONV>
"Amanda Seitz, Stephen Groves",0.0001483127368819,<CONV>
"Amanda Seitz, The Associated Press",5.289596492158977e-05,<CONV>
Amanda Sullender,9.395974709317404e-05,<CONV>
Amarachi Orie,3.624545101701279e-05,<CONV>
Ambar Román,0.0004024580028871,<CONV>
Amber Dance,5.4789998376044936e-05,<CONV>
America News Observer,2.490447863371757e-05,<CONV>
America Out Loud,2.9391389847306283e-05,<CONV>
American Council on Science and Health,0.00025665221273209996,<CONV>
American First Reprt,0.0002906283384275,<CONV>
American Journal of Preventive Medicine,8.615001258561344e-05,<CONV>
American Medical Association,0.00026811083430165706,<CONV>
American Press,0.0003732175197841,<CONV>
American Talk,5.342044351663076e-05,<CONV>
Americus Times-Recorder,0.00019149504643205018,<CONV>
Amina Rashid,5.79657965860082e-05,<CONV>
Amir Daftari Newsweek,7.191493165662457e-05,<CONV>
Amit Chowdhry,3.990997348616126e-05,<CONV>
Amudalat Ajasa,5.770148886656332e-05,<CONV>
"Amy Lu, Ben Miller",6.491417497488375e-05,<CONV>
Amy Lynch,1.558400268893108e-05,<CONV>
Amy Maxmen,0.0007478387136779,<CONV>
Amy Maxmen Kff,9.039457748401036e-05,<CONV>
Amy Maxmen Tns,2.762684632184248e-05,<CONV>
"Amy Maxmen, Céline Gounder",2.979827911335243e-05,<CONV>
Amy Smith-Shively,1.3463680735531444e-05,<CONV>
Ana B. Ibarra,2.285240918464938e-05,<CONV>
Ana Vračar,1.2330495243880906e-05,<CONV>
Anabelle Colaco,2.756917845030465e-05,<CONV>
"Anait Miridzhanian, Bill Berkrot",1.9226029258067698e-05,<CONV>
Analisisurbano.org,3.335337045343111e-05,<CONV>
Anchorage Daily News,0.0012284582925131,<CONV>
Andalusiastar News,0.0005343951452574,<CONV>
Andhra Pradesh Mirror,0.0003999454560701,<CONV>
Andi Anderson,1.6867060314056432e-05,<CONV>
Andras Rostovanyi,3.0736473090477e-05,<CONV>
Andre Byik,3.261805872612894e-05,<CONV>
Andrea Rice,2.692305405524097e-05,<CONV>
Andrei Ionescu,2.4305182343977603e-05,<CONV>
Andrew (Drew) Rhoades,7.164170394913709e-05,<CONV>
Andrew Gregory,1.6887987607200277e-05,<CONV>
Andrew Holleran,1.4396251630315211e-05,<CONV>
Andrew Joseph,5.877049450679743e-05,<CONV>
Andrew Ladenheim,8.669921343856767e-05,<CONV>
Andrew Mann,3.59215907226634e-05,<CONV>
Andrew Rice,0.0001750058205641,<CONV>
Andrew Shearer,7.98550609963911e-05,<CONV>
Andrew Smith,3.603247707916857e-05,<CONV>
Andrew Stanton Newsweek,5.540457432291457e-05,<CONV>
Andrew V. Pestano,5.51383569006093e-05,<CONV>
Andrew Weil,0.0001099574291923,<CONV>
Andrew Zinin,0.0001936497927078,<CONV>
Andru Zodrow,2.402974383176715e-05,<CONV>
Andy Barron,9.7459142934572e-05,<CONV>
Andy Uhler,4.400346252832869e-05,<CONV>
Aneri Pattani,6.836685231496316e-05,<CONV>
Angel Adegbesan,3.1799990968259015e-05,<CONV>
Angela Hart,9.714307610034968e-05,<CONV>
Angela Rodriguez,1.4409272296236556e-05,<CONV>
Angie Leventis Lourgos,0.0001475552279252,<CONV>
"Angie Leventis Lourgos, Lisa Schencker",6.28228746555073e-05,<CONV>
Angie Moreschi,1.3378018908930844e-05,<CONV>
Anita Lightfoot,5.862762952870246e-05,<CONV>
Anita Snow,0.0002537140205264,<CONV>
"Anita Snow, Mary Katherine Wildeman",4.377688028046699e-05,<CONV>
Anita Wadhwani,3.4272175601718855e-05,<CONV>
Anmol Sharma,6.613169337666324e-05,<CONV>
Ann Kellett,3.0302789465042004e-05,<CONV>
Anna Malpas,8.774189132402996e-05,<CONV>
Anna Skinner,8.954323717335243e-05,<CONV>
Anna Skinner Newsweek,4.9827369906496075e-05,<CONV>
Annabella Rosciglione,8.630187132220204e-05,<CONV>
Annalisa Merelli,2.1596130707726246e-05,<CONV>
Anne D Innocenzio,1.38891355356202e-05,<CONV>
Anne Erickson,6.796248354077857e-05,<CONV>
Annie Jennemann,5.76383436553816e-05,<CONV>
Annie Lennon,6.968640780672888e-05,<CONV>
Annika Kim,0.0001597186265995,<CONV>
Anniston Star,5.772910449908336e-05,<CONV>
Announcement,0.0002212160475572,<CONV>
Antelope County News,0.0008661325045747,<CONV>
Antigua Tribune,0.00038497155161990005,<CONV>
Antonia Mufarech,8.486170231599654e-05,<CONV>
Antony Sguazzin,0.0001459861477347,<CONV>
Apoorva Mandavilli,0.000280563978486,<CONV>
"Apoorva Mandavilli, Emily Anthes",3.857497340350026e-05,<CONV>
Appalachian News Express,0.00033557851230321087,<CONV>
Appalachian News-Express,0.0001561228937237,<CONV>
Apple Valley News Now,0.0002437971635725,<CONV>
Applied Technology News,0.0002257683982124,<CONV>
Aqsa Younas Rana,0.0001976513332223,<CONV>
Arabia MSN,0.0013987958390919999,<CONV>
ArcaMax,0.0041114360555703,<CONV>
Archyde,3.1525099043137726e-05,<CONV>
Archynewsy,6.772535221989453e-05,<CONV>
Ari Daniel,0.0001947451177843,<CONV>
"Ari Daniel, Fabrice Coffrini",1.180262585342665e-05,<CONV>
Ari Shapiro,4.641246314164207e-05,<CONV>
Aria Bendix,0.0003263026407695,<CONV>
Arianna Johnson,2.2439467892552407e-05,<CONV>
"Arianna Johnson, Forbes Staff",9.3078353406956e-05,<CONV>
"Arianna Johnson, Forbes Staff ",4.039104220659434e-05,<CONV>
Ariel Cohen,7.09641383143873e-05,<CONV>
Ariel Cohen Cq-Roll,4.287621611826922e-05,<CONV>
Ariel Hart,9.75759763986466e-05,<CONV>
Ariel Kozlov,6.583456611783307e-05,<CONV>
Ariel Smith,0.0001445821487657,<CONV>
Arielle Zionts,1.9729317746949175e-05,<CONV>
Arif Ali,3.6458971898781834e-05,<CONV>
Arizona Daily Star,7.225266305597506e-05,<CONV>
Arizona Herald,0.0005553024005471999,<CONV>
Arizona's Local News,0.0004905455055050001,<CONV>
Arkansas Online,0.0008457828656445,<CONV>
Armstrong MyWire,0.00025682247299940004,<CONV>
Arthur Allen,0.0001608821094643,<CONV>
Arxiv.org,0.0006358676137809,<CONV>
Asean Scoop,0.0002817815438325,<CONV>
Asher Klein,2.679195323433072e-05,<CONV>
Ashland,0.000574482344628,<CONV>
Ashleigh Fields,0.0001854447347961,<CONV>
Ashleigh Furlong,0.0001575138193263,<CONV>
Ashleigh Hollowell,7.887149391151485e-05,<CONV>
Ashleigh Jackson,0.0001608742057359,<CONV>
Ashley Blachford,1.3130264741419028e-05,<CONV>
Ashley COunty Ledger,0.00033642283318020003,<CONV>
Ashley County Ledger,2.405724311030507e-05,<CONV>
Ashley Gallagher,0.0001698542327466,<CONV>
Ashley News Observer,0.0004399311658783,<CONV>
Ashley Wali,5.7701488866563325e-06,<CONV>
"Ashraf Khalil, Nathan Ellgren",6.05865633098915e-05,<CONV>
Asia Moore,3.33501935149796e-05,<CONV>
Asia Pacific News,0.0015990625338730001,<CONV>
Asia Shift,0.000449908038614,<CONV>
Asim Tanveer,2.346150830207551e-06,<CONV>
Aspen Daily News,0.00027040653002,<CONV>
Aspen Public Radio,0.00018014656499427528,<CONV>
Associated Press,0.0002305646348214,<CONV>
Asuka Koda,8.704391546467107e-05,<CONV>
Athens News,3.0697515864335685e-05,<CONV>
Atlanta News,0.0010367484575171,<CONV>
Atlanta News First,0.000430016364037,<CONV>
Atlantaleader,0.0011846691561989,<CONV>
Atlantic City News,0.0008165620554733001,<CONV>
Aubin Mukoni,0.0001051996923912,<CONV>
Aubrey Whelan,1.0773373688804948e-05,<CONV>
Auburn Citizen,0.0003368563036333,<CONV>
August Brown,1.3819720371296832e-05,<CONV>
Aurora Sentinel,7.441965712445313e-05,<CONV>
Austin Denean,0.0001153845039902,<CONV>
Austin Herald,0.0003622835200421,<CONV>
Austin Littrell,3.88396773047356e-05,<CONV>
Austin Williams,0.0005158128351014,<CONV>
Ava Barros,3.2164041525355426e-05,<CONV>
"Ava-Joye Burnett, Daniel Lathrop",9.831543129343308e-06,<CONV>
Avery Bleichfeld,1.7368981655855203e-05,<CONV>
Avery Keatley,8.33493523301557e-05,<CONV>
"Avery Keatley, Ari Shapiro",3.8533480285863054e-05,<CONV>
Aya Iskandarani,1.3565711722928022e-05,<CONV>
"Ayen Deng Bior, Anait Miridzhanian, Alex Richardson",5.048880275824292e-05,<CONV>
Ayesha Mumtaz,5.368311740764242e-05,<CONV>
Azcentral,0.0002410531586333,<CONV>
BBC,6.005412846528095e-05,<CONV>
BLOOM,0.0004383555046133,<CONV>
BLOOMCOM1,2.3779925791781585e-05,<CONV>
BLOOMCOM2,2.3828909592574285e-05,<CONV>
BN9,0.0005392859287709,<CONV>
BNN Correspondents,0.0005109186737257,<CONV>
BRONX,0.0002855149443242,<CONV>
Backchina.com,0.0025478084956248002,<CONV>
Bailey Allen,3.5121319805017684e-05,<CONV>
Bakersfield Now,0.0002799491388643,<CONV>
Balitmore Post,0.0002919389883913,<CONV>
Bangladesh Sun,0.0002796374330065,<CONV>
Bangor daily news,0.0009892215967315,<CONV>
Barbara Lewis,7.478374916455638e-05,<CONV>
Barbara Rodriguez,0.0001270237916673,<CONV>
"Barbara Wojazer, Bohdan Kutsenko",1.58031397873183e-05,<CONV>
Barchart,0.0008599527210034,<CONV>
Barney Lerten,4.039104220659433e-05,<CONV>
Barrie 360,4.1300557656724334e-05,<CONV>
Barron's,0.0021698888579441003,<CONV>
Basil John,0.0001053255453301,<CONV>
Bay News 9,0.0029041063768479,<CONV>
Beatrice Daily Sun,0.00010766378310748248,<CONV>
Beau Lund,1.2928540684722964e-05,<CONV>
Beauregard Daily News,0.0001088067265605813,<CONV>
Becker's Hospital Review,0.0006792733888809,<CONV>
Belgium News,0.0008466090472044,<CONV>
Bella Cruz,5.835972133165208e-05,<CONV>
Bellingham Herald,0.0014170037774692999,<CONV>
Ben Adlin,1.1797837503374622e-05,<CONV>
Ben Botkin,8.74782818823299e-05,<CONV>
Ben Crnic,2.019552110329717e-05,<CONV>
Ben Hensley,2.7704294688282485e-05,<CONV>
Ben Hurst,3.923648918247963e-05,<CONV>
Ben J. Costas,5.425823512922283e-05,<CONV>
Ben Newhouse,8.142627842020318e-05,<CONV>
Benjamin Cortez,6.462566753055093e-05,<CONV>
Benjamin Mateus,9.093421949738397e-05,<CONV>
Benjamin Ryan,0.0001175503761,<CONV>
Bennington Banner,0.00011881093430856732,<CONV>
Benton Courier,0.0019183444914542,<CONV>
Benzinga,0.0044411461004083,<CONV>
Berkeley Lovelace,0.0002028320256248,<CONV>
"Berkeley Lovelace, Erika Edwards",5.623382661228751e-05,<CONV>
Bernama,2.2108267864947927e-05,<CONV>
Beth Ann Mayer,3.0486323262007588e-05,<CONV>
Beth Germano,0.0001165777949915,<CONV>
Beth Greenfield,2.7024610988357233e-05,<CONV>
Beth Mole,4.663504641356697e-05,<CONV>
Bethany Rodgers,1.2555646333984408e-05,<CONV>
"Betsy Joles, Ruchi Kumar",1.166658060328192e-06,<CONV>
"Betsy Joles, Ruchi Kumar, Asif Hassan",2.9802981417301017e-05,<CONV>
Betsy Klein,0.0001426766455342,<CONV>
Betsy McCaughey,9.876327909176884e-05,<CONV>
Bgi Genomics,8.761092111926793e-05,<CONV>
Bhaskar Hindi,4.184809065670099e-06,<CONV>
Big Country,0.0011392933122547,<CONV>
Big Country News,0.0003175530168568,<CONV>
Bihar Times,0.0002923190608382,<CONV>
Bijay Laxmi,6.586943293316703e-05,<CONV>
Bill Galluccio,0.0001572172606452,<CONV>
Bill Marler,1.5567714349714183e-05,<CONV>
Bill Shaikin,7.164704933040272e-05,<CONV>
Billal Rahman Newsweek,6.643734616876839e-07,<CONV>
Billings Gazette,7.669582902609351e-05,<CONV>
Binghamton Homepage,0.00054822777684,<CONV>
Bio Rxiv,0.003391791077057,<CONV>
BioSpace,0.0023699057826335997,<CONV>
Biodefense Staff,0.000113188244553,<CONV>
Bioethics.com,0.0003238857399496,<CONV>
Biotech 365,7.776603813688325e-05,<CONV>
Birmingham Star,0.0007974489280551,<CONV>
Bitcoin Ethereum,6.529316151100964e-05,<CONV>
Bitcoin Ethereum News,0.000107204673272938,<CONV>
Bizjournals,4.063474004056763e-05,<CONV>
Blake Jackson,4.683478872512854e-05,<CONV>
BlazeTV Staff,3.786660206868219e-05,<CONV>
Blog,0.077794321222244,<CONV>
Blog Post,0.0003744201678959,<CONV>
Blogarama,0.00014190309592442484,<CONV>
Bloomberg,0.0026515808944972525,<CONV>
Bloomberg Europe,0.0006425957623998,<CONV>
Bloomberg First Word,0.0003612169415045,<CONV>
Bloomberg Government,0.0023954215648295,<CONV>
Bloomberg Law,0.0007986595887932,<CONV>
Bloomberg News,4.0907364198981066e-05,<CONV>
Bloomberg Radio,0.00018284139441172707,<CONV>
Bloomberg(business),9.03778667863871e-05,<CONV>
Bloomer Advance,0.0003464807148237,<CONV>
Blue Grass Live,0.0002970893860355,<CONV>
Blue Water Healthy Living,0.0006031701806222,<CONV>
Bluefield Daily Telegraph,0.0005739288953551,<CONV>
Bnd,0.0018631684248529,<CONV>
Bnn,0.0237273993083792,<CONV>
Bnn Breaking,0.0010076846713304999,<CONV>
Bnn Correspondents,0.0002995325366899,<CONV>
Bob d'angelo,8.261804087712477e-05,<CONV>
Bobby Harrison,2.019552110329717e-05,<CONV>
Bobby Magill,1.5659085453110114e-05,<CONV>
Boise State Public Radio,0.0005179952138249,<CONV>
Boreal Community Media,0.00019459836464382524,<CONV>
Boston,0.0008860569186432,<CONV>
Boston 25 News,0.0004976491521788,<CONV>
Boston Herald,0.0007238117411155,<CONV>
Boston Star,0.00017466081783839196,<CONV>
Boston Sun Staff,1.9049239307627097e-05,<CONV>
Boulder Daily Camera,0.0005660350960262,<CONV>
Bozeman Daily Chronicle,0.00032706623592629997,<CONV>
Bradenton,0.0015669499766634,<CONV>
Bradley Zimmerman,2.5412919272495297e-05,<CONV>
Brado Jornal,2.1515666025043493e-06,<CONV>
Brady Talbert,3.4620893319938e-05,<CONV>
Brandon Bell Getty,3.124000194861791e-05,<CONV>
Brandpoint (BPT),1.558654359005915e-05,<CONV>
Brandpoint Bpt,0.0007536672197819,<CONV>
"Brandpoint Bpt, Satya Jonnalagadda",6.465873815300529e-05,<CONV>
Brandy Zadrozny,0.0002824773118171,<CONV>
Branson Tri-Lakes News,0.0005576119462749,<CONV>
Brattleboro Reformer,0.000447802316559,<CONV>
Brazil Sun,0.0013528672864949998,<CONV>
Breaking Latest News,0.0011445862263662,<CONV>
Breaking One,0.00015346059588589899,<CONV>
Breitbart,0.0014341072522998,<CONV>
Brenda Goodman,0.000627062898967,<CONV>
Brenda Kearns,0.0001687591965556,<CONV>
Brendan Cole Newsweek,8.523599247864654e-05,<CONV>
Brendan Rascius,0.0001505366362228,<CONV>
Brenham Banner Press,0.0003456544344111,<CONV>
Brett Rowland,8.617271708555054e-05,<CONV>
Brian Bossak,5.398079869697268e-05,<CONV>
Brian Day,0.0001985554008704,<CONV>
Brian Dillon Newsweek,2.2777986507169003e-05,<CONV>
Brian Mann,0.0018261022072512,<CONV>
"Brian Mann, Andrew Harnik",1.3202000629813776e-05,<CONV>
"Brian Mann, Anna Moneymaker",3.0243638467376862e-06,<CONV>
"Brian Mann, Rachel Wisniewski",1.5764105350941516e-05,<CONV>
"Brian Mann, Spencer Platt",2.284674721364075e-05,<CONV>
Brian Nowosielski,0.0001079617387413,<CONV>
Brian Williams,1.3046231279077214e-05,<CONV>
Brianna Taylor,2.9951002111981825e-05,<CONV>
Bridgette Fox,5.0978517088663065e-05,<CONV>
Briefly,3.119384032280193e-05,<CONV>
Bristol Herald Courier,0.0002503112649489,<CONV>
British Columbia Times,0.0004385761634488,<CONV>
British News Network,0.0011059531397927,<CONV>
Broadcast,0.4331119408642062,<CONV>
Brooke Colombo Staff,2.852299736312374e-05,<CONV>
Brooke McCormick,4.5994801679664805e-05,<CONV>
Brooklyn Eagle Staff,1.4643657022097674e-05,<CONV>
"Brooks Johnson, Christopher Vondracek",3.565024509558185e-05,<CONV>
Broomfield Enterprise,0.00031573122739000003,<CONV>
Brproud,0.0003026703580955,<CONV>
Bruce Y. Lee,1.6359921936486182e-05,<CONV>
Bryan-College Station Eagle,0.0001091721469662718,<CONV>
Buddy Logan,2.825020425146492e-05,<CONV>
Buenaventura En Linea,5.156466056585417e-05,<CONV>
Buffalo News,0.0009533400160782,<CONV>
Business And America,0.0013159104613600999,<CONV>
Business Class News,7.012176648155618e-05,<CONV>
Business Mirror,0.0005968262595951,<CONV>
Business News,0.00014864151400963374,<CONV>
Business Post Examiner,2.9004826360651262e-05,<CONV>
Business Standard,0.0004707441773645,<CONV>
Business Vantage Views,0.0006384251940481,<CONV>
Business Wire,0.0005976415054958963,<CONV>
Business.decaturdailydemocrat.com,0.0010896061452587,<CONV>
Business.malvern-online.com,0.0015759387441187,<CONV>
Business.punxsutawneyspirit,0.000756745274056,<CONV>
BusinessDay,0.0001621561096293,<CONV>
BusinessMirror,0.0007529852931541,<CONV>
Businessday,0.0004031433230941,<CONV>
Businessday NG,0.0004038604742648,<CONV>
By: Get News,1.177076864844234e-05,<CONV>
By: GetFeatured,1.2179587781985856e-05,<CONV>
CABC1,3.228120884638927e-05,<CONV>
CACBAFT,1.9814954368224263e-05,<CONV>
CACBCFRED,5.900988928371177e-06,<CONV>
CACBCHAL,9.42693774137362e-06,<CONV>
CACBCNN,2.393506898717099e-05,<CONV>
CACBCNNROG,2.633463954639023e-05,<CONV>
CACBCNNSHAW,1.934957523025791e-05,<CONV>
CACBCT,1.3655909814189962e-05,<CONV>
CACBCTORSTB,5.256310797183411e-06,<CONV>
CACBFTSTB,4.279353543621872e-06,<CONV>
CACBKT,1.2937978569998566e-05,<CONV>
CACBLFT,9.208182991831346e-06,<CONV>
CACBLFTOTA,1.3668273417069667e-05,<CONV>
CACBVT,1.245309457260581e-05,<CONV>
CACBXFT,4.667605387638766e-06,<CONV>
CACBXFTOTA,1.1314786407067808e-05,<CONV>
CACFAP,9.84439046832883e-06,<CONV>
CACFJC,1.3658955328521625e-05,<CONV>
CACFRNOTA,9.764064386495628e-06,<CONV>
CACHAT,1.84449689420221e-05,<CONV>
CACHEX,2.431070173002002e-05,<CONV>
CACIHF,3.19797961502292e-05,<CONV>
CACISA,1.0297295376502366e-05,<CONV>
CACISAOTA,2.1557169457260084e-05,<CONV>
CACISASTB,2.2404521162308615e-05,<CONV>
CACJBR,1.3194163813750988e-05,<CONV>
CACKPG,3.0016404932420225e-05,<CONV>
CACKSA,9.652651328656451e-05,<CONV>
CACKSH,1.4528729897901533e-05,<CONV>
CACKTM,8.964171844751002e-06,<CONV>
CACKTV,1.598905257389531e-05,<CONV>
CACP24TOR,0.0004100226802908,<CONV>
CACPAC,8.94464939747831e-06,<CONV>
CACPACFR,9.10612820197399e-06,<CONV>
CACTV2OTT,1.3478622610077508e-05,<CONV>
CACTVNC,9.234746798743168e-06,<CONV>
CACTVOTT,9.307344408267428e-06,<CONV>
CADISCOVERY,7.654321587271368e-05,<CONV>
CAGLOBALBCOTA,1.7109551053764507e-05,<CONV>
CAGLOBALBCSTB,1.848360938077854e-05,<CONV>
CAMAX,2.3436040502798215e-05,<CONV>
CAMUCH,9.78544571858367e-06,<CONV>
CANTV,4.632743892952548e-05,<CONV>
CAOMNIVAN,2.254608585697844e-05,<CONV>
CAOMNIVANSTB,1.625818867204226e-05,<CONV>
CARADCBAF,5.229139414533604e-05,<CONV>
CARADCBAF15,2.911433903114144e-05,<CONV>
CARADCBAFFM5,2.151130937765323e-05,<CONV>
CARADCBCL,4.9602553832415466e-05,<CONV>
CARADCBCS,4.687533285576467e-05,<CONV>
CARADCBCT,4.2665278876890675e-05,<CONV>
CARADCBCV,3.668201415073746e-05,<CONV>
CARADCBD,2.752748842059458e-05,<CONV>
CARADCBEF,3.553703543583788e-05,<CONV>
CARADCBEW,0.0011766644234622,<CONV>
CARADCBF,2.3280201184447083e-05,<CONV>
CARADCBFFM10,3.513865288460502e-05,<CONV>
CARADCBG,3.93831387563152e-05,<CONV>
CARADCBGA,3.008589997154639e-05,<CONV>
CARADCBH,1.868027793068646e-05,<CONV>
CARADCBHA,3.057224865486962e-05,<CONV>
CARADCBI,2.146540052887316e-05,<CONV>
CARADCBKF,6.46758812332541e-05,<CONV>
CARADCBLA,3.582637072004666e-05,<CONV>
CARADCBLAFM2,3.011179774358253e-05,<CONV>
CARADCBME,2.1762530908555504e-05,<CONV>
CARADCBN,2.495547084892298e-05,<CONV>
CARADCBO,3.4201153132177735e-05,<CONV>
CARADCBOF,2.6010825168966007e-05,<CONV>
CARADCBON,3.481398035589657e-05,<CONV>
CARADCBQT,2.2359696479890156e-05,<CONV>
CARADCBR,3.311764936992398e-05,<CONV>
CARADCBSI,4.214938852247776e-05,<CONV>
CARADCBT,4.861627068649569e-05,<CONV>
CARADCBTK,2.021930645761849e-05,<CONV>
CARADCBU,2.647129636559497e-05,<CONV>
CARADCBUF,4.301909661053593e-05,<CONV>
CARADCBV,3.006867999325893e-05,<CONV>
CARADCBVE,1.823695010446285e-05,<CONV>
CARADCBW,3.21338011119894e-05,<CONV>
CARADCBX,2.551404132365111e-05,<CONV>
CARADCBY,2.7590938595166424e-05,<CONV>
CARADCBYG,8.212171127002089e-06,<CONV>
CARADCBYK,3.1357144241317226e-05,<CONV>
CARADCBZF,3.493589897219e-05,<CONV>
CARADCFAX,1.826364440104876e-05,<CONV>
CARADCFCB,1.1696609283006288e-05,<CONV>
CARADCFCO,3.678099872315755e-05,<CONV>
CARADCFEI,5.993752965693543e-06,<CONV>
CARADCFFB,3.56650551597822e-05,<CONV>
CARADCFGB,3.300155812433331e-05,<CONV>
CARADCFGO,9.10613005938612e-06,<CONV>
CARADCFID,3.6980348331418094e-05,<CONV>
CARADCFMJ,3.843901547611351e-05,<CONV>
CARADCFOS,9.966979065987248e-05,<CONV>
CARADCFPL,1.8412890995492744e-05,<CONV>
CARADCFRA,0.0002402363053842,<CONV>
CARADCFRB,1.3436505260917376e-05,<CONV>
CARADCFTR,1.3519835630010348e-05,<CONV>
CARADCFVD,3.8620808691336565e-05,<CONV>
CARADCFWH,2.1803132714486235e-05,<CONV>
CARADCFXJ,0.0002117842904589,<CONV>
CARADCFXN,1.430367653447455e-05,<CONV>
CARADCFYK,4.9313354151375096e-05,<CONV>
CARADCFZM,2.5021337115809484e-05,<CONV>
CARADCHAK,4.190295438989803e-05,<CONV>
CARADCHAS,8.169800818964605e-05,<CONV>
CARADCHAT,6.7936486245085e-07,<CONV>
CARADCHAY,1.34764357975906e-05,<CONV>
CARADCHCQ,3.367257883665421e-05,<CONV>
CARADCHED,0.0001149871785432,<CONV>
CARADCHFA,1.947724056325996e-05,<CONV>
CARADCHFI,0.0004042042814213,<CONV>
CARADCHLK,1.2249216339393015e-05,<CONV>
CARADCHLM,3.063105501735659e-05,<CONV>
CARADCHML,9.750892514682608e-05,<CONV>
CARADCHMP,1.1815687780088622e-05,<CONV>
CARADCHNC,1.0538974510125758e-05,<CONV>
CARADCHNL,9.747499574212376e-06,<CONV>
CARADCHOI,1.3304525110679996e-05,<CONV>
CARADCHOK,1.4698754405982071e-05,<CONV>
CARADCHON,1.4055545613930188e-05,<CONV>
CARADCHQR,0.0001452921975613,<CONV>
CARADCHQT,3.3265225127288516e-05,<CONV>
CARADCHYM,3.246020549499595e-05,<CONV>
CARADCIGL,2.3065449963397654e-05,<CONV>
CARADCIGM,9.10612820197399e-06,<CONV>
CARADCIKX,9.745363241010191e-06,<CONV>
CARADCJAD,0.0001580062976654,<CONV>
CARADCJBC,4.6629539821497985e-05,<CONV>
CARADCJBR,0.0010061820310759,<CONV>
CARADCJCD,1.067094177971595e-05,<CONV>
CARADCJCJ,3.2290104012605845e-05,<CONV>
CARADCJCN,1.5850375571168e-05,<CONV>
CARADCJEC,2.4265569630498524e-05,<CONV>
CARADCJKX,0.000251200792698,<CONV>
CARADCJOB,0.0001157860378126,<CONV>
CARADCJOY,2.7663732267308343e-05,<CONV>
CARADCJTN,1.8277017591578396e-05,<CONV>
CARADCJTT,9.10612820197399e-06,<CONV>
CARADCJXL,6.771911070111442e-05,<CONV>
CARADCKBC,1.42847657770489e-05,<CONV>
CARADCKDO,3.512677566663508e-05,<CONV>
CARADCKFR,9.10613092623293e-06,<CONV>
CARADCKGA,9.10612904074408e-06,<CONV>
CARADCKGB,6.582561649162143e-05,<CONV>
CARADCKGL,3.1868675237552884e-05,<CONV>
CARADCKHJ,4.105952798141759e-05,<CONV>
CARADCKLR,0.0001302227638585,<CONV>
CARADCKLW,0.0001417868867625,<CONV>
CARADCKMN,1.718155720044122e-05,<CONV>
CARADCKNR,8.128449025893798e-06,<CONV>
CARADCKOB,0.000109299576984,<CONV>
CARADCKOF,0.0001098330782528,<CONV>
CARADCKOY,0.0001707336239692,<CONV>
CARADCKPC,0.0002089930712375,<CONV>
CARADCKRB,2.2764126904147385e-05,<CONV>
CARADCKRM,3.327368314692993e-05,<CONV>
CARADCKSB10FM,1.631480872424201e-05,<CONV>
CARADCKTB,0.0001778166273701,<CONV>
CARADCKTY,1.4030018508694316e-05,<CONV>
CARADCKYK,0.0004034683600633,<CONV>
CARADKRPI,1.8425118752203245e-05,<CONV>
CARADQUB,0.0002172871080684,<CONV>
CARADVOCM,0.0001520179738681,<CONV>
CARCVAN,1.0022733510852792e-05,<CONV>
CARDI,1.369690239364586e-05,<CONV>
CARDIROG,9.748854791408986e-06,<CONV>
CARDISHAW,1.2320834870796028e-05,<CONV>
CATVAOTT,5.597104420013333e-06,<CONV>
CAVMON,1.8976178712352753e-05,<CONV>
CAVSAG,1.9512772327237624e-05,<CONV>
CAWEATHER,1.8211623211653737e-05,<CONV>
CAXMRADCATALK,1.976955562527055e-05,<CONV>
CAZTELE,1.5017119347842514e-05,<CONV>
CBS Chicago,0.0001055353300543,<CONV>
CBS News,0.0001308947598708,<CONV>
CBS19,0.0005253116374526,<CONV>
CBS4local,0.00017626461496449437,<CONV>
CDC(CDCgov),7.592881397391827e-05,<CONV>
CFNEWS13,0.0060069657382348,<CONV>
CIDRAP,0.0048143948417303,<CONV>
CIRCULATION_SIZE_Q1,0.3088822412549876,<CONV>
CIRCULATION_SIZE_Q2,0.1698742317980081,<CONV>
CIRCULATION_SIZE_Q3,0.1560948447354035,<CONV>
CIRCULATION_SIZE_Q4,0.159859131793051,<CONV>
CIRCULATION_SIZE_Q5,0.2052895504185496,<CONV>
CIproud,0.00018338196382918355,<CONV>
CIproud.com,0.000349194913099,<CONV>
CNBC,0.00033197932779175315,<CONV>
CNBCW,5.3840401152066995e-05,<CONV>
CNBCWSAT,1.821162243688806e-05,<CONV>
CNN,0.0017419492534271,<CONV>
CNN Edition,0.0004739857209342,<CONV>
CNN US,0.0015130468197276999,<CONV>
CNN Wire,0.0008801029448002,<CONV>
CNN.com Wire Service,3.3083014140365584e-05,<CONV>
CNNCOM1,4.912281885328383e-05,<CONV>
CNNCOM2,2.2047972923560487e-05,<CONV>
CNNCOM3,9.079301262069126e-05,<CONV>
CNNES,0.0001423356496162,<CONV>
CNNIUS,0.0004230855269247,<CONV>
CNW Group,8.431723773072441e-05,<CONV>
CNYcentral,0.000704034979763,<CONV>
CNYhomepage,0.00027276961735960004,<CONV>
CSIMarket,0.0002053037770026,<CONV>
CSPAN,0.0007054037870319,<CONV>
CSPAN2,0.0009647286828901,<CONV>
CSPAN3,0.001031247033503,<CONV>
CW33,0.0002346838716965,<CONV>
Cable News Network LP.,0.0008717210246723,<CONV>
Cadillac News,8.846925219794613e-05,<CONV>
Caitlyn Stulpin,3.0487314194996553e-05,<CONV>
Caleb Lunetta,7.145170252442265e-05,<CONV>
Caleb Wethington,2.4798024563064177e-05,<CONV>
Caleb White,3.827588968661763e-05,<CONV>
Caledonian Record,0.0011034697087087,<CONV>
Calgary Monitor,0.0002271824269339,<CONV>
California Telegraph,0.0009045650313262001,<CONV>
"Calvin Woodward, Nathan Ellgren",0.0001366664201974,<CONV>
Cameron English,4.039104220659433e-05,<CONV>
Cameron French,6.240813667335496e-05,<CONV>
Cameron Santoro,2.081704994285829e-05,<CONV>
Cami Koons,6.781210904630472e-05,<CONV>
Camille Bas-Wohlert,0.0002271408787565,<CONV>
Camille Laffont,3.932253913379905e-06,<CONV>
Camillus Eboh,2.4833255232235e-06,<CONV>
Canadian Press,0.0003149755107567,<CONV>
Canon City Breaking News,0.000387393967715,<CONV>
Capedge,0.0002735499915086,<CONV>
Capitol Hill Reporter,0.0007379822956648,<CONV>
Cara Lynn Shultz,7.108949196955481e-05,<CONV>
Caribbean News Global,0.0005351540858350001,<CONV>
Caribbean Today,6.856576428043717e-05,<CONV>
Caribbeannationalweekly.com,0.0002290010100671,<CONV>
Carl Goldman,2.95702536234132e-05,<CONV>
Carla K. Johnson,0.0015696234571805,<CONV>
"Carla K. Johnson, The Associated Press",1.5009926252423465e-05,<CONV>
Carla Mascarenhas,1.618560995260467e-05,<CONV>
Carleen Johnson,1.5062977797731185e-05,<CONV>
Carlos Nogueras Ramos,0.0001284295885245,<CONV>
Carlos Robles,3.71845499989194e-05,<CONV>
Carma Hassan,6.550233487456315e-05,<CONV>
Carmel Wroth,0.0003781210585583,<CONV>
Carol A. Clark,3.835220139908306e-05,<CONV>
Carole Tanzer Miller,0.0002133894122885,<CONV>
Carolina Panorama,0.00012101743118892217,<CONV>
CarolinaPanorama,6.347899130441925e-05,<CONV>
Caroline Kee,4.094117104594441e-05,<CONV>
Carolyn Barber,3.365920183882861e-05,<CONV>
Carolyn Bruck,5.770148886656332e-05,<CONV>
Carolyn Crist,0.0001073852527828,<CONV>
Carrie Fellner,2.019552110329717e-05,<CONV>
Carroll Daily Times Herald,0.0005451434666885,<CONV>
Casey Decker,0.0001512956486269,<CONV>
Cassie Buchman,0.0001270008609784,<CONV>
Catherine Stoddard,0.0004709491445702,<CONV>
Catherine Sweeney,5.772476770146668e-05,<CONV>
Cathy Dyson,1.592156651786727e-05,<CONV>
Cause Action,2.975009260333536e-05,<CONV>
Cbs 42,0.0006524591093688,<CONV>
Cbs Austin,0.00041972003464219997,<CONV>
Cbs News,0.0016398597980196998,<CONV>
Cbs17,0.0010512197407079,<CONV>
Cbs4 Indy,0.0003513461094976,<CONV>
Cedar News,0.0003171769017469,<CONV>
Celeste Krewson,4.191834142794152e-05,<CONV>
Centers for Disease Control and Prevention,0.0020215838047281,<CONV>
Central Africa News,0.0015054767346775,<CONV>
Central America News.net,0.0013524507401634,<CONV>
Centralia Chronicle,0.0002295160632777,<CONV>
Centre Daily Times,0.0014683467402828998,<CONV>
CenturyLink,0.0016529558222569,<CONV>
Chad Murphy,3.820790951824336e-05,<CONV>
Chandler Buse Bailey,8.518657090910583e-05,<CONV>
Chandra Philip,3.883441180394227e-05,<CONV>
Channel 3000,0.00045610833919990004,<CONV>
Chantelle Lee,3.508023553371767e-05,<CONV>
Chany Ninrew,7.424681386649699e-05,<CONV>
Chariton Leader,0.0006042831881419,<CONV>
"Charlee Caudill, Christopher Salas",4.039104220659433e-05,<CONV>
Charles Dunlap,2.3507107939983012e-05,<CONV>
Charleston News & Weather,0.00020301725066240001,<CONV>
"Charlie Neibergall, Taylor O Bier",5.3953342182542226e-05,<CONV>
Charlotte Causit,0.0003965096169116,<CONV>
Charlotte Graham-Mclay,0.0001266360668313,<CONV>
Charlotte News,0.0017656322385327,<CONV>
Charlotte Observer,0.0004097014056315,<CONV>
Charlotte Rene Woods,1.4346294833609964e-05,<CONV>
Charlotte Robinson,2.232600141462643e-05,<CONV>
Chase Hunter,0.0001294526023847,<CONV>
Chase Smith,1.3977134318924852e-05,<CONV>
Chelsie Derman,3.239064738040311e-05,<CONV>
Cheryl McCloud,0.0002384053820308,<CONV>
Chester County Press,0.00013409627808776912,<CONV>
Cheyanne M. Daniels,0.0001784427895342,<CONV>
Cheyenne Haslett,7.420298269727504e-05,<CONV>
Chiara Eisner,2.810258465324017e-05,<CONV>
Chicago Chronicle,9.172824468602707e-05,<CONV>
Chicago Jobs from www.ChicagoRecruiter.com,0.0001662017870427,<CONV>
Chicago Sun-Times,3.148349308141268e-05,<CONV>
Chicago Tribune,0.0011623198678011,<CONV>
Chico Enterprise Record,0.0002115267147237,<CONV>
Children's Health Defense,0.0001106215525630334,<CONV>
Chill Hype,2.82482804566557e-05,<CONV>
Chinedu Asadu,0.00023321755512,<CONV>
"Chinedu Asadu, Dan Ikpoyi",8.527259445829687e-05,<CONV>
"Chinedu Asadu, Guy Masele Sanganga, Jean-Yves Kamale",5.022258533593763e-05,<CONV>
"Chinedu Asadu, Jean-Yves Kamale",8.105446236006209e-05,<CONV>
Chineseinla,0.0007349736808521,<CONV>
Chippewa Herald,0.0001718243432348133,<CONV>
Chloe Mayer,1.03812362212396e-05,<CONV>
Chloe Mayer Newsweek,4.632680953941676e-05,<CONV>
Chloe Nordquist,9.544002236736856e-05,<CONV>
Chris Benson,0.0001095803472549,<CONV>
Chris Benson Upi Topic,0.0001404061054655,<CONV>
Chris Compendio,1.0097760551648585e-05,<CONV>
Chris Dall,0.0004103300588486,<CONV>
Chris Malone Méndez Men,8.427560041946846e-05,<CONV>
Chris McCrory,0.000131248813474,<CONV>
Chris Melore,3.231283376527547e-05,<CONV>
Chris Mench,1.6829600919414304e-05,<CONV>
Chris Pandolfo,2.756917845030465e-05,<CONV>
Chris Serres,1.8016238539584286e-05,<CONV>
Chris Sims,1.6156416882637734e-05,<CONV>
Chris Williams,0.0001585622754492,<CONV>
Chris Woodward,1.5066775600781292e-05,<CONV>
Chris Wright,3.6660196237139106e-05,<CONV>
Chrissy Booker,9.02941481825218e-05,<CONV>
Christian Edwards,5.459353625968108e-05,<CONV>
Christian M. Wade Statehouse,1.642023487818964e-05,<CONV>
Christianna Barbosa,1.5066775600781292e-05,<CONV>
Christina Jewett,1.9888871125883105e-05,<CONV>
Christina Larson,0.0001025789042932,<CONV>
"Christina Malkia, Maria Cheng",6.324777806312253e-05,<CONV>
Christina Rodriguez,1.6153013639943693e-05,<CONV>
Christine Sexton,4.3263263400979544e-05,<CONV>
Christophe Vogt,1.5139052130869652e-05,<CONV>
"Christophe Vogt, Robin Millard",1.2355644198431825e-05,<CONV>
Christopher Boyll,2.019552110329717e-05,<CONV>
Christopher Salas,5.1931339979907e-05,<CONV>
"Christopher Salas, Charlee Caudill",3.6758904600406195e-05,<CONV>
"Christopher Weber, Marcio Jose Sanchez",0.000309986754631,<CONV>
Christy Santhosh,1.1060766520955625e-05,<CONV>
"Christy Santhosh, Shounak Dasgupta",1.3721854622124287e-05,<CONV>
Chronicle Online,0.0005020391159334,<CONV>
Chronicle Telegram,9.32441376579296e-05,<CONV>
Ciara McCarthy,7.044126209467856e-05,<CONV>
Cincinnati News,0.0002653361741183,<CONV>
Cincinnati Sun,0.0013706664348706,<CONV>
Citizen Tribune,0.0007719328875197,<CONV>
Citizens Voice,7.198001423600314e-05,<CONV>
City News Service,8.06190761121929e-05,<CONV>
Claiborne Progress,0.0001840433790173415,<CONV>
Claire Gounon,8.668454674832761e-05,<CONV>
Claire Reid,3.263322517788258e-05,<CONV>
Clara Harter,0.0001303354804649,<CONV>
"Clare Byrne, Sonia Avalos",5.16422099627063e-05,<CONV>
Clare Marie Merkowsky,8.43120029538572e-05,<CONV>
Clark Kauffman,1.7630447063575727e-05,<CONV>
Clarksdale Press Register,0.0003372644942762,<CONV>
Claudeth Mocon-Ciriaco,4.288712576831952e-05,<CONV>
Clayton News Daily,0.00015783219827722065,<CONV>
Clayton Vickers,0.0001966411473225,<CONV>
Cleaning & Maintenance Management Online,0.00029414819895299995,<CONV>
Cleveland News,0.0005264246379648,<CONV>
Cleveland Star,6.61441743000827e-05,<CONV>
"Cleveland, Ohio News and Weather",0.0008504960783288,<CONV>
Click 2 Houston,0.0016831993779875,<CONV>
Click On Detroit,0.0008120701878228,<CONV>
Click Orlando,0.0003135436821925,<CONV>
Clinical Endocrinology News,0.0005385296218998,<CONV>
Clinical Trials Arena,0.000202112852522,<CONV>
ClinicalTrials.gov,0.0046208980902547,<CONV>
Clyde Hughes,0.0001020211455526,<CONV>
Cnhi News,0.0003734134317631,<CONV>
Cns Staff,6.568331670251897e-05,<CONV>
Coastal Breeze News,0.0005393415990526,<CONV>
Cocorioko,0.0005814416645467,<CONV>
Colby Stong,0.0001027470450107,<CONV>
Colin A. Young,9.210579973994224e-05,<CONV>
Colleen Kottke,0.0001204995118547,<CONV>
Colorado Hometown Weekly,9.487161124719122e-05,<CONV>
Colorado Public Radio,0.0004834293952106,<CONV>
Colorado Springs Gazette,0.0044455270468960004,<CONV>
Colorado Springs News,0.0007536131556601,<CONV>
Colorado Star,0.0011252565026801,<CONV>
Columbia Business Monthly,0.0002353801015322,<CONV>
Columbia Daily Tribune,0.0002447346117045,<CONV>
Columbia Gorge News,0.0003073053121771,<CONV>
Columbus News,0.0006898534363273,<CONV>
Columbus News Online,0.0005411334494153,<CONV>
Common Dreams,0.0005172325210612,<CONV>
Community Newspaper Group,0.0006463680734979001,<CONV>
CompuServe.com,0.00016602710406999856,<CONV>
Compuserve,0.0002043055205031,<CONV>
Concho Valley Homepage,8.918321253336846e-05,<CONV>
ConchoValleyHomepage,4.542746898005776e-05,<CONV>
Concord Clayton Pioneer News,5.654904222428763e-05,<CONV>
Concord News Now,0.0002991183148461,<CONV>
Connect Fayetteville,0.0002742013677601,<CONV>
Connecticut Chronicle,0.0002112584853824,<CONV>
Connor Iapoce,4.915902445465957e-05,<CONV>
Conservative Review,0.0002031259747439,<CONV>
ConsultantLive,0.0003335549559303,<CONV>
Consumer,0.2050780487393828,<CONV>
Consumer Affairs,0.0003021524598476,<CONV>
Consumer World Report,6.200592894024219e-05,<CONV>
ConsumerAffairs,0.0003031897521119,<CONV>
Contagion Live,0.0008296045247358,<CONV>
Contributed Content,4.599947306827914e-05,<CONV>
Cordele Dispatch,0.0003431854821115,<CONV>
Corinne Purtill,0.0002384623265831,<CONV>
Corinne Purtill Tns,5.097016549267423e-05,<CONV>
"Corinne Purtill, Karen Kaplan",1.4816029663309058e-05,<CONV>
Cornelius Frolik,4.2079485964613367e-05,<CONV>
Corrie Pelc,7.564170199200152e-05,<CONV>
Corvallis Gazette Times,0.00022396169172460002,<CONV>
Cory Franklin,0.0001386397228923,<CONV>
Cory Smith,0.0004076477364455,<CONV>
Corydon Times-Republican,0.00036222464513349997,<CONV>
Coshocton Tribune.com,0.00013850849349257807,<CONV>
Cottonwood Heights Journal,0.0002266258122847,<CONV>
County News Center,0.00015500122046014462,<CONV>
County Times,3.073587767649638e-05,<CONV>
Courier Journal.com,0.0007250110139321001,<CONV>
Courtenay Harris Bond,3.727654030520773e-05,<CONV>
Courthouse News Service,0.0002970669518867,<CONV>
Craig Monger,1.102767138012186e-05,<CONV>
Crossroads Today,0.00032362878722119997,<CONV>
Crusader Staff,4.869624801716028e-05,<CONV>
Csl Vifor,1.7619577843413843e-05,<CONV>
Ctpublic,0.0002269248227094,<CONV>
Cybele Mayes-Osterman,7.244641215416958e-05,<CONV>
Cynthia Goldsmith,1.1647611932437375e-05,<CONV>
"Cynthia Goldsmith, Jackie Katz",1.4747314694014962e-05,<CONV>
Cynthia McCormick Hibbert,3.231283376527547e-05,<CONV>
Céline Gounder,1.8328857525535848e-05,<CONV>
"Céline Gounder, Craig Spencer",3.3889763230449355e-05,<CONV>
César Barreto,0.0001913088364748,<CONV>
César Chávez,1.4376032924394926e-05,<CONV>
D1SoftballNews.com,0.0016265940012125,<CONV>
DCNewsNow,0.0008718122089617,<CONV>
DCNewsNow -Press Realeses,0.0003241484654748,<CONV>
DEDW,3.6139472966031005e-05,<CONV>
DEEURONEWS,5.534873355054794e-05,<CONV>
DEONE,1.862603730543747e-05,<CONV>
DEPHOENIX,5.181400842644264e-05,<CONV>
DEPROSIEBEN,6.7936486245085e-07,<CONV>
DERADBB,9.10612820197399e-06,<CONV>
DERADHRINFO,6.962709068256832e-05,<CONV>
DERADINFORADIORBB,4.127069290878542e-05,<CONV>
DERTLNHSH,8.867634893020593e-06,<CONV>
DETVBERLIN,1.35872618160226e-06,<CONV>
DETVSIXX,1.1855505181973162e-05,<CONV>
DEVI SHASTRI,3.274206560412715e-05,<CONV>
DEVOX,4.886873727614239e-06,<CONV>
DNRonline,0.0002818642549719,<CONV>
DNyuz,0.0056388082681667,<CONV>
DVIDS,0.0011994431875422,<CONV>
Da Redação,5.07025841397554e-06,<CONV>
Daily Breeze,0.0006876106049254,<CONV>
Daily Bulletin,0.0001889125144183,<CONV>
Daily Camera,0.00031686644654,<CONV>
Daily Democrat,0.0002385481681936,<CONV>
Daily Dispatcher,0.0005347547392035,<CONV>
Daily Express US,0.0008679571799915,<CONV>
Daily Freeman,0.0005488569192425,<CONV>
Daily Herald,0.00016792408177619724,<CONV>
Daily Journal,0.00041275180178900004,<CONV>
Daily Local,0.0002218500147832,<CONV>
Daily Mining Gazette,3.409360429536451e-05,<CONV>
Daily News,0.0001792566375381557,<CONV>
Daily Nonpareil,0.0002731857167595,<CONV>
Daily Press,0.00043153292835,<CONV>
Daily Sprinter,0.00015321827925967517,<CONV>
Daily World Feed,2.5746497161173483e-05,<CONV>
Daily Xtreme,5.011852143355816e-05,<CONV>
Dailyleader,0.0003659635437111,<CONV>
Dailymotion,7.453129086549064e-05,<CONV>
Dallas Sun,0.0006235881882721,<CONV>
Damian Dovarganes,7.068432386154009e-05,<CONV>
Damian Garde,5.2323231850285566e-05,<CONV>
Damon R. Sheffield,3.0045072582539898e-05,<CONV>
Dan Basso,7.573320413736438e-06,<CONV>
Dan Diamond,3.779824478115748e-05,<CONV>
Dan Flynn,1.5725892732220426e-05,<CONV>
"Dan Ikpoyi, Chinedu Asadu",2.162235949184567e-05,<CONV>
Dan McCue,1.1847923938799652e-05,<CONV>
Dan Mount,4.892708808919341e-05,<CONV>
Dana Sullivan Kilroy,4.2591164511727794e-05,<CONV>
Dani Blum,4.880444541314035e-05,<CONV>
"Daniel Chang, Sam Whitehead",1.4498773267883032e-05,<CONV>
Daniel Fortin,1.8644334150930016e-05,<CONV>
Daniel Higa Alquicira,1.3450290216296777e-06,<CONV>
Daniel Horowitz,3.0104285388210777e-06,<CONV>
Daniel Lawler,0.0001225724229513,<CONV>
"Daniel Lawler, Julien Dury",3.0377082845229748e-05,<CONV>
Daniel Miller,0.0001460226930597,<CONV>
Daniel Trainor,3.4620893319938e-05,<CONV>
Daniella Genovese,6.250569238980413e-05,<CONV>
Daniella Gray Newsweek,6.908600128799682e-05,<CONV>
Danielle Berjikian,1.6574513471280923e-05,<CONV>
Danielle J. Brown,1.621325105981349e-05,<CONV>
Danielle Smith,6.731840367765721e-05,<CONV>
Danny Connolly,1.0758282656943212e-05,<CONV>
Darrell Ehrlick,1.7826108600399224e-05,<CONV>
Darryl Coote,0.0004604675118277,<CONV>
Daryl Austin,4.708679665727343e-05,<CONV>
Dasha Litvinova,0.0001360337520115,<CONV>
Dave Mason,0.0002992189098796,<CONV>
Dave Osborn,6.174470361999767e-05,<CONV>
Dave Wessner,3.962546609669604e-05,<CONV>
Dave Williams,1.44656150263126e-05,<CONV>
David Brandt,3.6924044198150674e-05,<CONV>
David Corn,1.6156416882637734e-05,<CONV>
David Correa,1.5883624300776504e-05,<CONV>
David Cox,2.9467828994491367e-05,<CONV>
David Danzis,5.295621106152376e-05,<CONV>
David Goldman,0.0001014784049257,<CONV>
David Gregorio,3.0288104168612323e-05,<CONV>
David Hilzenrath,6.818596330451601e-05,<CONV>
David Holmes,5.823805966218689e-05,<CONV>
David Ibave,2.019552110329717e-05,<CONV>
David J. Neal,0.0002642183732117,<CONV>
David Klepper,1.3550300890112394e-05,<CONV>
David M. Higgins,2.8528616749892695e-05,<CONV>
David M. Zimmer,3.6758904600406195e-05,<CONV>
David Martin Davies,4.437139014981733e-05,<CONV>
David Mastio,0.000182980589773,<CONV>
David Medoza,3.231283376527547e-05,<CONV>
David Michaels,4.158784132152779e-05,<CONV>
David Robinson,0.0003704299040334,<CONV>
David Stout,0.0001351576968396,<CONV>
David Wallace-Wells,4.520032680234388e-05,<CONV>
Davie County Enterprise Record,0.00020264015689059998,<CONV>
Davis Journal,0.0003672711256432,<CONV>
Daxton Wilder,2.700446555572381e-07,<CONV>
Dayang Norazhar,0.000286802815194,<CONV>
Dayton Daily News,0.0021130432457113,<CONV>
Dayton News,0.00022932085784950002,<CONV>
Daytona Beach News Journal,0.0005202290485479999,<CONV>
DeWitt Daily News,0.00015851506787111581,<CONV>
Deal Town,0.0024118084651453,<CONV>
Deanne Coffin,5.920437034248224e-05,<CONV>
Dearborn,5.878575149903393e-05,<CONV>
Deb Balzer,0.0002327900508252,<CONV>
Deb Sayer,3.884876513579978e-05,<CONV>
Debra-Lynn B. Hook,1.8379452300203097e-05,<CONV>
Deckbiz,0.0004285859334318,<CONV>
Dee-Ann Durbin,0.0002057560197096,<CONV>
Deidre McPhillips,0.0008139086181154,<CONV>
"Deidre McPhillips, CNN ",7.533387800390646e-05,<CONV>
"Deidre McPhillips, Jacqueline Howard",3.857497340350026e-05,<CONV>
"Deidre McPhillips, Neha Mukherjee",7.919290141296424e-06,<CONV>
Dejon Johnson,9.859955521079692e-05,<CONV>
Delaware First Media,0.00019866902890210597,<CONV>
Delaware News,0.0014162122017931,<CONV>
Delaware Online,0.0001828366421293,<CONV>
Delmarva Public Media,7.619456586655954e-05,<CONV>
Deltanews,0.0006429857453934,<CONV>
Deltaplexnews,0.00029574169048870004,<CONV>
Democratic Underground,0.0001359290032194298,<CONV>
Demopolis Times,0.0004349255739674,<CONV>
Deng Machol,0.0001605428473678,<CONV>
Dennis Thompson,0.0004584135004752,<CONV>
Denton Record-Chronicle,0.0001544705370999469,<CONV>
Denver Post,0.0006935362233738,<CONV>
Derby Informer,0.0003294531438684,<CONV>
Derek Nester,1.045799592628078e-05,<CONV>
Derek Thomas,9.101541759890876e-05,<CONV>
Dermatology Advisor,0.0006610648119161999,<CONV>
Deseret News,0.0008659371632685001,<CONV>
Detroit Free Press,0.0005330272246001999,<CONV>
Detroit Local News,0.0010508887686524,<CONV>
Detroit News,0.000912042427241,<CONV>
Detroit Star,0.0015010953151645,<CONV>
Devan Markham,8.585719043224848e-05,<CONV>
Devex,0.0005905844374832,<CONV>
Devi Shastri,5.6688031189007245e-05,<CONV>
Devna Bose,0.0004681397621895,<CONV>
"Devna Bose, Lindsey Whitehurst",0.0001776415798835,<CONV>
Diabetes Research and Clinical Practice (Online),3.3330876291256206e-05,<CONV>
Diane Craft,6.41800844286441e-05,<CONV>
Diane Jeantet,0.0003585600880698,<CONV>
"Diane Jeantet, Fabiano Maisonnave",8.378202697310966e-05,<CONV>
Diba Mohtasham,1.3067690125662872e-05,<CONV>
Dil Bar Irshad,7.690945877743956e-05,<CONV>
Dim Sum Daily,6.0024277622104274e-05,<CONV>
Dimsum Daily,0.0001742619520340179,<CONV>
Dimsumdaily Hong Kong,0.0001146827944381,<CONV>
Diver Haven,8.201175835744799e-05,<CONV>
Dnr Online,0.0001008136439891319,<CONV>
Doha,0.0001834793784347,<CONV>
Don Jacobson,0.0001269947743345,<CONV>
Don Sweeney,0.0001700726501885,<CONV>
Don Thompson,1.5628003561904193e-05,<CONV>
Don Tracy,1.653213145864297e-05,<CONV>
Donald Trump,1.45289578351999e-05,<CONV>
Doniphan Herald,0.0006503991750974999,<CONV>
Donna Edwards,2.8753278343296068e-05,<CONV>
Donna Hancock,8.97719865336977e-05,<CONV>
Donna Shryer,7.21772280432438e-05,<CONV>
Doris Israel Ijeoma,2.425011267777748e-05,<CONV>
Dothan Eagle,5.1887643746852414e-05,<CONV>
Doug Cunningham,0.0003241804924747,<CONV>
Doug Reardon,1.4895894459696555e-05,<CONV>
Douglas Budget,0.0005354954246667,<CONV>
Douglas Jones,3.7321394204518634e-05,<CONV>
Douglas Magno,4.512330389334383e-05,<CONV>
"Dow Jones & Company, Inc.",0.0005525595007417,<CONV>
Dow Jones Institutional News,0.0003602453912941,<CONV>
Dr. Chinta Sidharthan,5.6981572083694214e-05,<CONV>
Dr. Hermano Rocha,8.014271594446712e-05,<CONV>
"Dr. Liji Thomas, MD",4.622991828480885e-05,<CONV>
"Dr. Priyom Bose, Ph.D.",1.6934336535564204e-05,<CONV>
Draper Journal,0.00019545901430202933,<CONV>
Drew Weisholtz,1.4739621661027242e-05,<CONV>
Drug Topics,0.00037823637794529995,<CONV>
Drugs.com,0.0020319361984597996,<CONV>
Duncan Adams,1.6156416882637734e-05,<CONV>
Durham Herald Sun,0.0013677978885183,<CONV>
Dyepkazah Shibayan,6.475127423433277e-05,<CONV>
Dylan Gamba,0.0001666942505592,<CONV>
"Dylan Gamba, Tolera Fikru Gemta",3.665851597294104e-05,<CONV>
Dylan Garmba,1.7866221421864233e-05,<CONV>
Dylan Scott,1.6254327877239597e-05,<CONV>
Dánica Coto,0.0003716021237267,<CONV>
E Green News,0.0002142243989064,<CONV>
E-rumormill,8.631709765478991e-05,<CONV>
E-stardom,8.43129999970875e-05,<CONV>
EIN Presswire,0.0003643541605235,<CONV>
ESPN2,9.160515253703868e-06,<CONV>
ESPNEWS,1.4484023544552317e-05,<CONV>
ESPNU,1.9428953494944788e-05,<CONV>
ETX Daily Up,3.964503531925354e-05,<CONV>
"Earl Hopkins, Michelle Myers",8.078208441318865e-05,<CONV>
Earth Press News,0.0012569215609929,<CONV>
Earth.com,0.0007847845120263,<CONV>
East Bay,0.0004470701075736,<CONV>
East Coast American News,0.0006170191076606,<CONV>
Eastern Tribunal,0.0002103315861024,<CONV>
Ebenezer Mensah,0.0095698522922957,<CONV>
EconoTimes,0.0006019186955907,<CONV>
Economic News Observer,0.000510032980589,<CONV>
Economic Policy Times,0.0010890273199405,<CONV>
Ed Cara,1.4016715645514971e-05,<CONV>
Ed White,5.936303970914348e-05,<CONV>
Edith M. Lederer,3.282754712650291e-05,<CONV>
Editor,1.6797115284376004e-05,<CONV>
Editorial Board,7.765694616068599e-05,<CONV>
Eduardo Cuevas,0.0003614219010668,<CONV>
Edwin Folven,2.859347772155103e-05,<CONV>
"Edwin Hooper, James Gamble",2.019552110329717e-05,<CONV>
Ein News,0.0067732638070165,<CONV>
El Diario NY,0.0002487913241452,<CONV>
Elaine Mallon,8.935164052508273e-05,<CONV>
Elana Gotkine,0.0006731159641318,<CONV>
Eleanor Klibanoff,9.665619777801307e-05,<CONV>
Elena Cox,1.5753816257316943e-05,<CONV>
Elina Tarkazikis,0.0005254266914728,<CONV>
Elisabeth Rosenthal,3.625416759653879e-05,<CONV>
Elise Takahama,8.904529884836196e-05,<CONV>
Eliza Fawcett,4.441838378067821e-05,<CONV>
Elizabeth B. Kim,5.897714135756928e-06,<CONV>
Elizabeth Chavolla,4.039104220659433e-05,<CONV>
Elizabeth Cooney,1.5985224821760418e-05,<CONV>
Elizabeth Gregerson,1.0395020669986511e-05,<CONV>
Elizabeth Jacobs,1.2628241199864884e-05,<CONV>
Elizabeth Payne,1.534403751788716e-05,<CONV>
Elizabeth Stanton,9.347638964379612e-05,<CONV>
Elizabethton Star,0.0004566415334476,<CONV>
Elko Daily Free Press,0.00016592323254061196,<CONV>
Ellen Kurek,3.574155251238067e-05,<CONV>
ElliotLakeToday.com,0.00019492140236846702,<CONV>
Elly Grimm,1.771361292438047e-05,<CONV>
Elon Musk,9.260963457988338e-07,<CONV>
Eléonore Hughes,0.0003636951861944,<CONV>
Ema Sasic,3.721773810988073e-05,<CONV>
Emergency Email,0.000968941083526,<CONV>
Emergent Biosolutions,1.7677982601976043e-05,<CONV>
Emery Winter,2.1690236697336543e-05,<CONV>
Emily Alpert Reyes,0.0002838591464585,<CONV>
Emily Ashcraft,1.21173126619783e-05,<CONV>
Emily Bader,1.559178044076587e-05,<CONV>
Emily Barnes,6.05865633098915e-05,<CONV>
Emily Brindley,0.0001526397116265,<CONV>
Emily Cooke,1.712697026882361e-05,<CONV>
Emily DeLetter,1.2619408174073971e-05,<CONV>
Emily Kopp,1.592156651786727e-05,<CONV>
Emily Stearn,5.641096462551503e-05,<CONV>
"Emily Van, Katie Castellano",8.321078613256493e-05,<CONV>
Emily Woodruff,7.591180293591495e-05,<CONV>
Emma Benson,2.8837858579334817e-05,<CONV>
Emma Farge,3.857497340350026e-05,<CONV>
"Emma Farge, Rachel More",3.012894939438633e-05,<CONV>
Emma Withrow,4.866365613803735e-05,<CONV>
Emmanuel Abara Benson,4.207696142927309e-05,<CONV>
Enews Park Forest,8.611229850208251e-05,<CONV>
Enter Wicked,5.192948707483447e-05,<CONV>
Enterprise-Journal,7.900246376931042e-05,<CONV>
Enterprise-Tocsin,0.0003806013083833,<CONV>
Environmental Health News,0.0022899679386624997,<CONV>
Epardafas,7.731363776405913e-05,<CONV>
Epoch Times,0.00152361546626,<CONV>
Eraldo Peres,2.9385445803719428e-05,<CONV>
"Eric Gay, Justin Boggs",3.014158192196756e-05,<CONV>
Eric Ralls,4.179234056727661e-05,<CONV>
Eric Reinhart,5.086245580992216e-05,<CONV>
Eric Risberg,3.624665788841524e-05,<CONV>
Erica Carbajal,5.890360321795007e-05,<CONV>
Erick León,5.069933241471006e-07,<CONV>
Erie News Now,7.79900796135748e-05,<CONV>
Erik Gunn,1.4573424834431635e-05,<CONV>
Erik Ortiz,6.277823166992204e-05,<CONV>
Erika Edwards,0.0005163641751524,<CONV>
"Erika Edwards, Berkeley Lovelace",2.7576114499414068e-05,<CONV>
Erika Esquivel,3.6853689713885174e-05,<CONV>
Erin Blakemore,7.024797605488399e-05,<CONV>
Erin Jones,1.6728974140175355e-05,<CONV>
Erin Kelly,3.228594771595991e-05,<CONV>
Erin Prater,0.0001334822852823,<CONV>
Ernestine Siu,2.6659225256247635e-05,<CONV>
Ernie Mundell,0.0004600165733936,<CONV>
Eseuro,0.0057846210858827005,<CONV>
Español Redacción,3.243159324056354e-05,<CONV>
Essential Healthcare News,0.001284878781938,<CONV>
Ethan Huff,2.975714228212988e-05,<CONV>
EurekAlert,0.00033877334107439996,<CONV>
Euro Broadcast News,0.0004602320543862,<CONV>
European News Update,0.0002062751539005,<CONV>
European Sun Times,0.0003471242691662,<CONV>
Evan Bush,5.097270757094305e-05,<CONV>
Evan Moore,6.623749986781276e-05,<CONV>
Evan Thomas,2.2254792348173226e-05,<CONV>
Evan Vucci,6.600449652155112e-05,<CONV>
Evelyn Blackwell,4.185704630858109e-05,<CONV>
Evelyne Musambi,2.98119841276206e-05,<CONV>
Everand,0.0008375664115955,<CONV>
Everett Post,5.096816761282766e-05,<CONV>
Everything Lubbock,0.00039655685344,<CONV>
Expert Review of Neurotherapeutics (Online),0.0052506390887371,<CONV>
Eyad Baba,7.311827406823344e-05,<CONV>
F.D. Flam,5.646240605202885e-05,<CONV>
FBN,8.194514136817242e-05,<CONV>
FMT Reporters,6.478122334980328e-05,<CONV>
FNC,0.0002252861857367,<CONV>
FNCCOM1,3.503726286663797e-05,<CONV>
FNCCOM2,3.888352157964246e-05,<CONV>
FNCCOM3,2.2622381626938456e-05,<CONV>
FOX 10 Phoenix,0.00096436450962,<CONV>
FOX 11 Online,0.0005432884613878,<CONV>
FOX 28 Spokane,0.0004823569116439,<CONV>
FOX 4,0.0004342262753988,<CONV>
FOX 43,0.0005497885387355,<CONV>
FOX 47 News,0.00016952405120993356,<CONV>
FOX 56 Lexington,0.00010202828136121215,<CONV>
FOX Chicago News,0.000800777340527,<CONV>
FOX Illinois,0.0001921586348707404,<CONV>
FOX2now,0.0004302728007911,<CONV>
FOX5 San Diego,0.0026395449029626,<CONV>
FS2,3.5480064741988513e-07,<CONV>
FSNDET,0.2392676430794638,<CONV>
FSNKC,0.0001683404240256,<CONV>
Fabiano Maisonnave,0.0003424900653159,<CONV>
"Fabiano Maisonnave, Diane Jeantet",5.4768564927250096e-05,<CONV>
Fabrice Coffrini,0.0004019166191312,<CONV>
Face Magazine,0.00010184740741959322,<CONV>
Fairfield Sun Times,0.0011203071421827,<CONV>
Fairriona Magee,0.0001176245398702,<CONV>
Fallon Fischer,6.688403738946421e-05,<CONV>
Farai Mutsaka,0.0001814114527559,<CONV>
Farm Ville Herald,2.719743774934872e-05,<CONV>
Fast Company,3.605734962522866e-05,<CONV>
Fatima Khaled,2.6068342557861677e-06,<CONV>
Fatma Khaled,2.632079624341545e-05,<CONV>
"Fatma Khaled, Samy Magdy",5.78624601052504e-05,<CONV>
Federal Despatch,0.00014438488956879667,<CONV>
Federal Register,0.0002994766000804,<CONV>
Fenit Nirappil,8.07968778736465e-05,<CONV>
Fernanda González,1.4477999041402587e-05,<CONV>
Fernanda Lopez Halvorson,2.3528827707849843e-05,<CONV>
Fernie Ortiz,0.0001290766192222,<CONV>
Fidel Rahmati,4.7120607320776185e-05,<CONV>
Filip Timotija,0.0004330970572164,<CONV>
Finance Minyanville,0.0025544157180691,<CONV>
Financial Assets,0.0004687838591225,<CONV>
Financial Times,0.0002965150202775,<CONV>
Finger Lakes Times,8.341210206030932e-05,<CONV>
Fiona Callingham,2.019552110329717e-05,<CONV>
Fionnuala Boyle,5.267725389917186e-05,<CONV>
Firdaous Naim,7.084541376683718e-05,<CONV>
First Alert 4,0.0005452519810486001,<CONV>
FirstWord Pharma,0.0018822836318811,<CONV>
FlipBoard,0.0007285577975789,<CONV>
Florida Breaking News,0.0007545487951061,<CONV>
Florida State News,0.0013400294962230002,<CONV>
Floyd County Times,0.0006976903144397,<CONV>
Folsom Local News,2.6422692237583036e-05,<CONV>
Food Safety,0.00031292170590760003,<CONV>
Forbes,0.0022674238992379,<CONV>
ForexTV,2.9761087560855297e-05,<CONV>
Fort Bend Herald,0.00053890941173,<CONV>
Fort Bragg Advocate News,0.00035629034288400005,<CONV>
Fort Worth Star-Telegram,0.0001002750227214,<CONV>
Fortune,0.0008685263210022,<CONV>
Forum,0.000221395932166,<CONV>
Four States Homepage,0.0007348826212678001,<CONV>
Fox 13,0.0007173658117709,<CONV>
Fox 16,0.0001459791806311,<CONV>
Fox 17,0.000958358711115,<CONV>
Fox 26 Houston,0.0006517925436484,<CONV>
Fox 29,0.0008748882784442,<CONV>
Fox 35 Orlando,0.0010013414042323,<CONV>
Fox 56,0.00010912907213168155,<CONV>
Fox 59,0.0024168870719819,<CONV>
Fox News,0.0003559679908982,<CONV>
Fox Rochester,5.0530491461550146e-05,<CONV>
Fox San Antonio,0.00018493911877731506,<CONV>
Fox13 Seattle,0.0006808996127621,<CONV>
Fox17,0.0008501745500144,<CONV>
Fox21news.com,0.0004024399121405,<CONV>
Fox26medford,0.0002577454009606,<CONV>
Fox28 Savannah,0.0001358032569965268,<CONV>
Fox40 Ktxl,0.0022981017219944,<CONV>
Fox44news.com,7.395602327904644e-05,<CONV>
Fox4kc,0.0009880064988486,<CONV>
Fox5ny,0.0007020167725859,<CONV>
Fox8,0.0023829117740729,<CONV>
FoxBangor.com,0.0009033265595873,<CONV>
Foxla.com,0.0010439024775131,<CONV>
Fran Kritz,7.825024845375746e-05,<CONV>
"Fran Kritz, Punit Paranjpe",0.0001240435156057,<CONV>
Francis Wilkinson,6.05865633098915e-05,<CONV>
Frank Cerabino,1.172243867633214e-05,<CONV>
Frank Franklin,1.21173126619783e-05,<CONV>
Frank Gluck,5.7984701618334245e-05,<CONV>
Franklin,0.0003638090659388,<CONV>
Fraternité Matin,0.00018349444167942874,<CONV>
"Fred Ooko, Desmond Tiro",1.5477476540773982e-05,<CONV>
Fredericksburg,0.00019455758962570285,<CONV>
Free Malaysia Today,0.0013682954877464,<CONV>
Free Republic,0.000230360731853,<CONV>
Freedoms Phoenix,0.0004424739184192,<CONV>
Freedomsphoenix Readerfour,0.0001057509101045,<CONV>
Fremont Tribune,9.008850197805494e-05,<CONV>
Fresno Bee,0.0001738935029713,<CONV>
Futurally,8.498915176708183e-05,<CONV>
GNCadm1n,6.897535981619863e-06,<CONV>
GPB,0.0003982627563781,<CONV>
Gabe Hauari,0.0003038401608109,<CONV>
Gabe Katzman,0.0001658823498173,<CONV>
Gabriela Aoun Angueira,0.00014822019861,<CONV>
Gabriela Arevalo,3.255876949323054e-05,<CONV>
Gabriela Galvin,3.079422034020806e-07,<CONV>
Gabriela Martinez,0.000127975831884,<CONV>
Gabriela Sá Pessoa,2.663977462828443e-05,<CONV>
Gabrielle Emanuel,0.0014421079725237,<CONV>
"Gabrielle Emanuel, Fabrice Coffrini, David Hume Kennerly",1.2761221192272986e-05,<CONV>
"Gabrielle Emanuel, Nathan Posner",1.3483081818031043e-05,<CONV>
"Gabrielle Emanuel, Rachel Carlson, Fatma Tanis, Alex Wong",1.3297310203914154e-05,<CONV>
Gabrielle M. Etzel,0.0001540183909813,<CONV>
Gainesville Sun,3.0027064232640476e-05,<CONV>
Gannett Syndication,8.754279472879986e-06,<CONV>
"Gannett Syndication, Kathleen Wong",1.3463680735531444e-05,<CONV>
Gastroenterology Advisor,0.00046847487590919996,<CONV>
Gates County Index,0.0001844680870135658,<CONV>
Gda,0.0002460855816278,<CONV>
Geeta Pillai,0.0001332164870437,<CONV>
Gege Reed,0.0001223328240497,<CONV>
Gempak Media,8.595177181751945e-05,<CONV>
"Gene J. Puskar, Norfolk Southern Freight Train",9.642440429922268e-05,<CONV>
General News,0.2369666456402251,<CONV>
Genetic Literacy Project,0.0016055380663309998,<CONV>
Geoff Harris,0.0002129283815361,<CONV>
Geoff Mulvihill,1.3126094453129193e-05,<CONV>
"Geoff Mulvihill, Mike Stobbe",0.0001335250465362,<CONV>
George Citroner,2.524876754526942e-05,<CONV>
George Frey,0.0001017938896626,<CONV>
George W. Rhodes,1.4425372216640832e-05,<CONV>
"George Walker, Chloe Nordquist",1.2555357682593789e-06,<CONV>
Georgetown News-Graphic,0.0006485974643822,<CONV>
Georgia State News,0.0017517713549731,<CONV>
Gerald Imray,1.6763288293173194e-05,<CONV>
Gerry Smith,0.0001037414105431,<CONV>
Gertrude Owireduwaah Otchere,1.652495508006474e-05,<CONV>
Gettotext,0.00010006568662770292,<CONV>
Ghana Mma,0.00011327965953608046,<CONV>
Gigen Mammoser,1.2372476565858336e-05,<CONV>
Gillian McGovern,0.0001300673201602,<CONV>
Gilnature iStock Getty,8.070662581808058e-05,<CONV>
Gitty Aiden,1.269904596367637e-05,<CONV>
Gizmodo,0.00019389523801809165,<CONV>
Gladstone Dispatch,0.0001679418699331306,<CONV>
Global Advertising News,0.0015384351447351,<CONV>
Global Bio Defense,0.00024045470836869999,<CONV>
Global Business Watch,0.0003892470180046,<CONV>
Global Happenings,9.818387701978268e-05,<CONV>
Global Health News Wire,2.6726392031232978e-05,<CONV>
Global Issues (India),0.00011465090657450456,<CONV>
Global Journal Observer,8.719815127081242e-05,<CONV>
Global News Scanner,7.751769017978965e-05,<CONV>
Global News Today,0.0002331780405646,<CONV>
Global Tech Reporter,0.00029809897941109997,<CONV>
Global Tech Times,0.0005137328630673,<CONV>
Globaldiasporanews,0.0007679006391774,<CONV>
Globe Newswire,0.0003342422765174419,<CONV>
GlobeNewswire,0.0024507766983306997,<CONV>
Glody Murhabazi,4.603091392646912e-06,<CONV>
Go Dan River,3.1613653754469156e-05,<CONV>
Godsgift Onyedinefu,2.239164526399262e-05,<CONV>
Gorge News Center,9.124417771986219e-05,<CONV>
Government,0.0322399127778914,<CONV>
Gpkmedia,0.0004906965406771999,<CONV>
Grace Halsey,3.228594771595991e-05,<CONV>
Grace Wade,3.635193798593491e-05,<CONV>
Grace Zokovitch,5.7592335280961415e-05,<CONV>
Grainger Today,0.00042784637106649996,<CONV>
Grand Forks Herald,0.00018091565170464126,<CONV>
Grant Stringer,9.50706889980566e-05,<CONV>
Great Bend Post,5.581203374850311e-05,<CONV>
Greater Milwaukee Today,0.0001421556847024746,<CONV>
Greeley Tribune,0.0004237722426686,<CONV>
Greensboro News & Record,5.0910332881492965e-05,<CONV>
Greenville Business Magazine,0.0020132422651915,<CONV>
Greg Hilburn,2.4265617250601396e-05,<CONV>
Greg Johnson,3.6478607944975576e-05,<CONV>
Greg Kim,2.408286765393633e-05,<CONV>
Grenada Star,0.00010371358604079371,<CONV>
Greta Cross,5.23365322786534e-05,<CONV>
Griffin Daily News,0.0007069613082883,<CONV>
Griffon News,0.0002272979853122,<CONV>
Guardian staff reporter,0.0001016879276288,<CONV>
Guerchom Ndebo,4.580580579853763e-05,<CONV>
Guillermo Cárdenas Guzmán,7.676131334472649e-05,<CONV>
Guinnevere Stropes,1.810923732768243e-05,<CONV>
GujaratSamachar Home Gujarati News,0.0003247305700077,<CONV>
Gulf Times,0.0012107118514948102,<CONV>
GuruFocus,0.0010867928176862998,<CONV>
Guyana Inquirer,0.0001022200077643,<CONV>
Gwen Dilworth,0.000156475112799,<CONV>
HDLN,0.0001259197764463,<CONV>
HTV,2.2536766933075043e-05,<CONV>
Haber Merkezi,4.144878649349806e-06,<CONV>
Hadeel Hashem,3.790694974546185e-05,<CONV>
Hadriana Lowenkron,1.5143141727060549e-05,<CONV>
Hanna D. Paton,0.0001311499858893,<CONV>
Hanna Trudo,7.554748994591133e-05,<CONV>
Hanna Webster,3.075729102770399e-05,<CONV>
Hannah Alberga,1.449691498939064e-05,<CONV>
"Hannah Alberga, The Canadian Press",9.170470010286552e-05,<CONV>
Hannah Hoffman,5.7526574268348353e-05,<CONV>
Hannah Hudnall,3.7404209757446055e-05,<CONV>
Hannah Mackay,6.277823166992204e-05,<CONV>
Hannah Poukish,1.0097760551648585e-05,<CONV>
Hannah Schoenbaum,3.947223151623258e-05,<CONV>
"Hannah Schoenbaum, Matthew Brown",0.0005359497119667,<CONV>
"Hannah Schoenbaum, Mike Stobbe",2.672857190153599e-05,<CONV>
Hannah Wiley,9.485175157601672e-05,<CONV>
Hannah Yasharoff,8.750962452545366e-05,<CONV>
Hans India,0.00036581140051489996,<CONV>
Haribabu Kola,0.0001390959806640143,<CONV>
Harlan Enterprise,0.0004750885900536,<CONV>
Harlem World Magazine,3.8104446240728634e-05,<CONV>
Harriet Blair Rowan,0.0001388823104635,<CONV>
Hartford City News Times,8.889248680682215e-05,<CONV>
Hartford Courant,0.001558161172669,<CONV>
Harvard School of Public Health,0.0015243515836537,<CONV>
"Hassan Ammar, Seth Borenstein",0.000104077308278,<CONV>
Hassan Haruna,1.6156416882637734e-05,<CONV>
Hassan Vally,1.262220068956073e-05,<CONV>
Hastings Tribune,0.000230571322042,<CONV>
Hatty Willmoth,2.627809658765627e-05,<CONV>
Hatty Willmoth Newsweek,0.0002687419573852,<CONV>
Hawaii News Now,0.0003497846489087,<CONV>
Hawaii State News,0.0012847733513776,<CONV>
Hawaiian Telcom,0.00012540293112700516,<CONV>
Hayden E. Klein,1.8747576652123267e-05,<CONV>
Hazard Herald,0.0011039198806439,<CONV>
Hbcu Gameday Newswire Hbcu,2.6841911569458405e-05,<CONV>
Hcntimes,0.0001944569299013564,<CONV>
Hcplive,0.0003839015763334,<CONV>
Head Topics,0.09711870183085211,<CONV>
Healio,0.0006960735623142,<CONV>
Health Affairs,0.0001164458998231,<CONV>
Health Industry Watch,0.0004444242824615,<CONV>
Health Medicine Network,0.0025821755350068,<CONV>
Health News Florida,0.0002503808156243,<CONV>
Health Plan of Nevada,0.0004613122734409,<CONV>
Health Professional Times,0.0004204839468764,<CONV>
Health Reporter News,0.0016910825083827998,<CONV>
Health Times Of Africa,0.0009846157929034,<CONV>
HealthDay,0.0007005452616102,<CONV>
HealthLeaders,1.6020316793321416e-05,<CONV>
HealthManagement,0.0002708773602436,<CONV>
Heather Cherone,3.4500859244036116e-05,<CONV>
Heather Landi,2.607755397403364e-05,<CONV>
Heather Miller,0.0001075967272414,<CONV>
Heather Willard,3.808205896478834e-05,<CONV>
Hecho En California Con Marcos Gutierrez,0.0003212341816734,<CONV>
Heidi Groover,5.380991285993318e-05,<CONV>
Heidi Splete,0.0002101627526565,<CONV>
Helen Branswell,0.0002736064944727,<CONV>
Helen Chickering,1.2555646333984408e-05,<CONV>
Helen Dennis,1.6718418713068573e-05,<CONV>
Helen Jeong,7.533387800390646e-05,<CONV>
Helena Independent Record,0.00010156110064937725,<CONV>
Helena Oliviero,4.245751071431272e-05,<CONV>
Helena Perray,3.0258859405004694e-05,<CONV>
Helena Wegner,6.050804232648447e-05,<CONV>
Henry Schwan,6.0019484704981246e-05,<CONV>
Herald & Review,7.027496926846379e-05,<CONV>
Herald Dispatch,9.52955797276499e-05,<CONV>
Herald Mail,7.445031630671742e-05,<CONV>
Hermann Advertiser Courier,0.00017002253019150214,<CONV>
Herriman Journal,0.0008069726940953,<CONV>
Hey SoCal,0.0001778858104911018,<CONV>
Hi 99,1.9210453720137933e-06,<CONV>
Hibah Khaja,2.8803156308528284e-05,<CONV>
Hibiny,0.0591564064857846,<CONV>
Hilaire Zon,1.7333191130119755e-06,<CONV>
Hillary Orinde,0.0003131248829632,<CONV>
"Hillary Orinde, Mario Tama",3.582045534194104e-05,<CONV>
Hip N Trendy,3.559314515376368e-05,<CONV>
Hmpgloballearningnetwork,0.000582641784816,<CONV>
Holladay Journal,0.00039868388124780004,<CONV>
Holland Sentinel,0.0001749121773947317,<CONV>
Holliston,0.0008601856707955,<CONV>
Hollywood In 5,5.560056337226217e-05,<CONV>
HomeTown Lima Stations,0.00014570174656748853,<CONV>
Homenewshere.com,0.0006124837884461,<CONV>
Hong Kong,6.488637863560848e-05,<CONV>
Honourable Ya Ara Saks,1.21173126619783e-05,<CONV>
Hoodline.com,0.0095040342602848,<CONV>
Hopedale,0.0007647917715856,<CONV>
Hot Springs Sentinel,0.00010585576977700206,<CONV>
Hppr,0.0001418945199837977,<CONV>
Htv10 Tv,0.0009460819701588,<CONV>
Hudson Ridley,3.231283376527547e-05,<CONV>
HuffPost,0.000218879602271744,<CONV>
Hugh Cameron Newsweek,1.822393116504411e-05,<CONV>
Hugh Taylor,0.0001282942239106,<CONV>
Hugo Francisco de Souza,4.5064473155463344e-05,<CONV>
Hunter Bassler,5.1245436525110826e-05,<CONV>
Hunter Boyce,0.000121007461732,<CONV>
Hunter Reis,6.625227346438517e-05,<CONV>
Huw Griffith,6.301650665168929e-05,<CONV>
I. Edwards,9.002939908233273e-05,<CONV>
IANS |,9.101895075723972e-05,<CONV>
Ian Hanchett,5.001612959211424e-05,<CONV>
Ian Lopez,9.941233062034615e-05,<CONV>
Ian McMahan,2.6065444534203337e-05,<CONV>
Ian Miller,4.398271105257103e-05,<CONV>
Ian Stark,0.0001137062280064,<CONV>
Idaho County Free Press,0.0125299736791147,<CONV>
Idaho Statenews,0.0007086723962853,<CONV>
IdahoStatesman.com,0.0025771094155536,<CONV>
Idahonews.com,0.00026810049412179997,<CONV>
Ignatius Ssuuna,7.805798120854756e-05,<CONV>
Ike Swetlitz,0.0001022876246888,<CONV>
Illinois News Desk,0.00030726713019440003,<CONV>
Illinois State News,0.000766124668574,<CONV>
Imperial Valley Press,0.0005654248770542,<CONV>
In Real World,5.050893479172554e-05,<CONV>
Index Journal,0.0021911032611722997,<CONV>
India Edwards,0.0003680246883156,<CONV>
India New England,0.00040593240220659996,<CONV>
India Tribune,0.0005343552591233,<CONV>
Indiaabroad,0.0002159313249958,<CONV>
Indiana Statesman,0.0005074345541496,<CONV>
Indica News,0.00023479464792839998,<CONV>
Indy Staff,8.895498886859038e-05,<CONV>
Indystar,0.0002450248310622,<CONV>
Infection Control Today,0.0004812698827621,<CONV>
Infectious Disease Advisor,0.0003827036220267,<CONV>
Inforum,0.0004883863944636,<CONV>
Inland Valley Daily Bulletin,0.0006362644199368001,<CONV>
Innovation & Entrepreneurs News,0.00032687238112839997,<CONV>
Inshorts,0.001196883598017,<CONV>
Inside NoVA,0.0019439081469429,<CONV>
Insights Editor,4.0563261169939175e-05,<CONV>
Insightscare,0.00015623252601949615,<CONV>
Insurance News Net,0.0001970656851113,<CONV>
Insurance News | InsuranceNewsNet,0.0001872945240977,<CONV>
Interlochen,0.00017449786466000946,<CONV>
International Business Times,0.002093215934667,<CONV>
International News Ledger,0.0003718907116904,<CONV>
International Tech Times,5.626970602692094e-05,<CONV>
International World Times,2.194077732163029e-05,<CONV>
Internewscast,0.00013004466399891548,<CONV>
Investing,5.89511604414524e-05,<CONV>
Investing.com,0.00015061048417232262,<CONV>
Investor World Review,0.00011697168032263029,<CONV>
Investors Observer,9.569426157594729e-05,<CONV>
Iosco County News-Herald,0.0003308860445646,<CONV>
Iowa Public Radio,0.00019019760035547797,<CONV>
Iowa Statenews,0.0010459557677626,<CONV>
Iowanews Headlines,4.80554879413642e-05,<CONV>
Irene Wright,0.0001897441579648,<CONV>
Irish Examiner,0.0002976983478591,<CONV>
Iron Mountain Daily News,7.81899257128545e-05,<CONV>
Ironton Tribune,0.0005199525655298,<CONV>
Isabel Debre,4.227888310338641e-05,<CONV>
Isabella Volmert,4.933399153133173e-05,<CONV>
Isabelle Paquette,6.648903087513918e-05,<CONV>
Island Packet,0.0115092943265496,<CONV>
Islander News,0.0002546946820209,<CONV>
Israel Ojoko,0.0001946911750293,<CONV>
Issam AHMED,3.62691443659359e-05,<CONV>
Issam Ahmed,0.0006520925544281,<CONV>
Issy Ronald,5.709301738495102e-06,<CONV>
Ivonne Olivas,3.100126784908054e-05,<CONV>
JAMA Network,7.070758503922189e-05,<CONV>
JD Supra,0.0006843465337448,<CONV>
JEAN-YVES KAMALE,3.6591475733546214e-05,<CONV>
JS online,0.0005014159056991,<CONV>
Jack Beresford,1.5229587236711778e-05,<CONV>
Jack Beresford Newsweek,6.42877595718822e-05,<CONV>
Jack Brook,8.920538036690658e-05,<CONV>
Jack Cush,1.21173126619783e-05,<CONV>
"Jack Farrell, The Canadian Press",1.2742507798849066e-05,<CONV>
Jack Guy,6.713818908834518e-05,<CONV>
"Jack Jeffery, Samy Magdy, Wafaa Shurafa",1.3067375222227469e-06,<CONV>
"Jack Jeffery, Wafaa Shurafa, Samy Magdy",2.32382199293086e-06,<CONV>
Jack Phillips,1.6656632467204163e-05,<CONV>
Jackie DeFusco,1.3390882874154453e-05,<CONV>
Jackie Linden,1.6293492224802748e-05,<CONV>
Jackie Mitchell,8.032399553561144e-05,<CONV>
Jackson News Reporter,0.0001263899044563061,<CONV>
Jacqueline Burt Cote,5.1931339979907e-05,<CONV>
Jacqueline Howard,0.0003915319379451,<CONV>
"Jacqueline Howard, Deidre McPhillips",6.026710240312517e-05,<CONV>
Jacqueline Pinedo,3.594729428270357e-05,<CONV>
Jaimie Ding,0.0001022923869506,<CONV>
Jake Johnson,9.666145703315124e-06,<CONV>
Jake Offenhartz,3.362551882194825e-05,<CONV>
Jake Rodriguez,0.0001012593051841,<CONV>
Jakob Emerson,2.679451233576358e-05,<CONV>
Jalen Williams,0.0001308358767492,<CONV>
Jambalaya News,8.344611891620069e-05,<CONV>
Jamel Valencia,0.0003447577781253,<CONV>
James Bickerton Newsweek,6.823144735527453e-05,<CONV>
James Carter,1.5530252872806386e-05,<CONV>
"James Doubek, Jonathan Nackstrand",1.7471417898656065e-05,<CONV>
James Gamble,1.7711322099971265e-05,<CONV>
James Gathany,1.592156651786727e-05,<CONV>
"James Mackenzie, Alexandra Hudson",1.9136799429226436e-06,<CONV>
James Powel,0.0003626771412902,<CONV>
James Python,4.097895437913277e-05,<CONV>
James White,1.3721520206406603e-05,<CONV>
Jamey Keaten,0.0007629934005239,<CONV>
"Jamey Keaten, Maria Cheng",0.000140426875628,<CONV>
Jamie Ducharme,1.6487545829101603e-05,<CONV>
Jamie Gumbrecht,0.0001485641891209,<CONV>
Jamie Martin,0.0001333857987194,<CONV>
Jamie Stengle,0.0001076324557847,<CONV>
Jana Wiersema,1.0689677194200822e-05,<CONV>
Janae Bowens,0.000154195593824,<CONV>
"Janae Bowens, Emma Withrow",1.689093542815591e-05,<CONV>
Jane Sarasohn-Kahn,1.5866481409858616e-05,<CONV>
Janelle Cowo,2.7832525233082505e-05,<CONV>
"Janet A. Jokela, Sheldon H. Jacobson",1.494990959127454e-05,<CONV>
Janet Loehrke,7.50676605816012e-05,<CONV>
Janet Ogundepo,3.535622178641688e-05,<CONV>
Janice Kew,0.0004060165565431,<CONV>
Jared Strong,9.045015885916896e-05,<CONV>
Jasmine Laws,9.11464762846414e-05,<CONV>
Jasmine Laws Newsweek,0.0002221930911908,<CONV>
Jason Alatidd,4.510537704219829e-05,<CONV>
Jason Gale,0.0001069079307456,<CONV>
Jason Gale and Janice Kew,7.179207072585484e-05,<CONV>
Jason Hall,0.001072268369854,<CONV>
Jay Adkins,2.1756738296505708e-05,<CONV>
Jay Edwards,6.0122069157557344e-05,<CONV>
Jayesh Shahane,1.6450316592166366e-05,<CONV>
Jazmin Orozco Rodriguez,0.0001198821513841,<CONV>
Jazmin Orozco Rodriguez Kff,2.5265321762234647e-05,<CONV>
Jean-Yves Kamale,0.0005166315348534,<CONV>
"Jean-Yves Kamale, Chinedu Asadu",7.048620092595315e-05,<CONV>
"Jean-Yves Kamale, Mark Banchereau",0.0002548594779843,<CONV>
"Jean-Yves Kamale, Monika Pronczuk",0.0001195702817532,<CONV>
"Jean-yves Kamale, The Associated Press",3.6346494071360126e-05,<CONV>
Jeff Arnold,0.0004544839398783,<CONV>
Jeff Gelski,4.7348878036623777e-05,<CONV>
Jeff Lagasse,1.828780546166184e-05,<CONV>
Jefferson Public Radio,0.00017253374763021343,<CONV>
Jeffrey A. Singer,4.33968450789378e-05,<CONV>
Jeffrey A. Tucker,1.077454604321558e-05,<CONV>
Jeffrey Collins,0.0001326404171745,<CONV>
Jeffrey Robb,4.751445883763681e-05,<CONV>
Jen Christensen,0.0007643229516379,<CONV>
"Jen Christensen, Amanda Musa",2.472077373098597e-05,<CONV>
Jenna Fanelli,4.331321006411033e-05,<CONV>
Jenna Prestininzi,6.580016594710564e-05,<CONV>
Jennifer Hijazi,4.792443000698498e-05,<CONV>
Jennifer M. Wood Men,5.487984905386866e-05,<CONV>
Jennifer Miller,6.524173962081978e-05,<CONV>
Jennifer Porter Gore,0.0001133513093588,<CONV>
Jennifer Rigby,0.0001601318275391,<CONV>
"Jennifer Rigby, Alex Richardson",1.6990055164224746e-05,<CONV>
Jennifer Shutt,0.0001800660027097,<CONV>
"Jennifer Shutt, Jared Strong",1.8016238539584286e-05,<CONV>
Jenny Allison,1.3317381536378584e-05,<CONV>
Jenny Gold,6.139248994597581e-05,<CONV>
Jeremiah Budin,1.102767138012186e-05,<CONV>
"Jeremy Diamond, Muhammad Darwish",1.8379452300203097e-05,<CONV>
"Jeremy Faust, Emily Hutto",1.927433959459772e-05,<CONV>
Jeremy Pittari,1.5622604447505788e-05,<CONV>
Jeremy Tanner,0.0001556138943312,<CONV>
"Jeremy Tanner, Katie Rosendale",6.097200808581037e-05,<CONV>
Jess Thomson,7.561424497430984e-05,<CONV>
Jess Thomson Newsweek,0.0003099912461728,<CONV>
Jesse Allen,4.425415191073756e-05,<CONV>
Jessi Turnure,5.243265407656317e-05,<CONV>
Jessica A. Botelho,0.0005383168002214,<CONV>
Jessica Glenza,2.8875204249259183e-05,<CONV>
Jessica McBride,3.0144387270692914e-06,<CONV>
Jessica Nix,9.974072220311893e-05,<CONV>
Jessica Seaman,7.385254593567588e-05,<CONV>
Jessie Gretener,2.598361518399216e-05,<CONV>
Jessie Hellmann,0.0001551809274413,<CONV>
Jessie Hellmann Tns,1.2354928059961016e-05,<CONV>
Jesus Christ,0.0001743423328438,<CONV>
Jia H. Jung,1.1106971999375388e-05,<CONV>
Jia Jung,8.832702559662634e-05,<CONV>
"Jill Colvin, Amanda Seitz",1.2056110248574983e-05,<CONV>
Jill Langlois,1.806565667264161e-05,<CONV>
Jill Pease,2.7685171341468523e-05,<CONV>
Jim Bakker,1.7103858681413072e-05,<CONV>
Jim Cole,1.553694512577501e-05,<CONV>
Jim Robbins,7.351780920081239e-05,<CONV>
Jim Robbins Kff,5.877049450679743e-05,<CONV>
Jim Talamonti,3.322909735382774e-05,<CONV>
Jim Wappes,8.809786959930858e-05,<CONV>
Jing Xuan Teng,5.230080297941387e-05,<CONV>
Jo Marquez,5.3415261779178015e-05,<CONV>
Joanne Clark,1.160877149111992e-06,<CONV>
Joanne Haner,9.099544073492584e-05,<CONV>
"Jocelina Joiner, Michael Reiner",9.281027838167614e-05,<CONV>
Jody Heemstra,0.0001041883514373,<CONV>
Joe Conason,3.634056120701301e-05,<CONV>
Joe Edwards,3.260263583163065e-05,<CONV>
Joe Hernandez,0.000341827929423,<CONV>
"Joe Hernandez, Luis Robayo",4.08137747997244e-05,<CONV>
Joe Hotchkiss,0.0001011203140132,<CONV>
Joe Lawlor,0.0001262884408121,<CONV>
Joe Lombardi,0.0002803769801944,<CONV>
"Joe Stenson, Hla-Hla Htay",2.1025474025350476e-05,<CONV>
"Joe Stenson, Qubad Wali",0.0001003302842983,<CONV>
Joe Whitworth,1.6197692765415187e-05,<CONV>
Joel Harold Tannenbaum,3.494283579731213e-05,<CONV>
Johannes Ledel,0.000125630916704,<CONV>
John Bailey,1.7162773746782597e-05,<CONV>
"John Bazemore, Alex Arger",8.6552233299845e-06,<CONV>
John Clark,2.205534276024372e-05,<CONV>
John Daley,0.0001022008552995,<CONV>
John Drake,3.832443769930503e-05,<CONV>
John Hayward,1.3217584569021138e-05,<CONV>
John Leake,1.3697528919902672e-05,<CONV>
John Muchangi,3.0027064232640476e-05,<CONV>
John O Connor,3.125512298484247e-05,<CONV>
"John O Connor, Lois A. Bowers",1.68092897901895e-05,<CONV>
John Parkinson,0.0001391393943783,<CONV>
John Raby,6.57071725210445e-06,<CONV>
John Saeki,4.039104220659434e-05,<CONV>
John Wanjohi,2.566473434934062e-05,<CONV>
Jolene Toves,5.993982065586311e-05,<CONV>
Jonah Goldberg,4.421576357566546e-05,<CONV>
Jonas Ekblom,1.662306220487822e-05,<CONV>
Jonathan Cohn,5.524371251514599e-05,<CONV>
Jonathan Franklin,3.184313303573454e-05,<CONV>
Jonathan J. Cooper,0.0001688310932512,<CONV>
Jonathan Lambert,4.995992966415212e-05,<CONV>
"Jonathan Lambert, Fabrice Coffrini",5.7339988324918054e-05,<CONV>
Jonathan Limehouse,0.0002089512146053,<CONV>
Jonathan Nackstrand,1.660543234325179e-05,<CONV>
Jonathan Spira,1.4851064487636372e-05,<CONV>
Jonel Aleccia,0.0008614890543401,<CONV>
"Jonel Aleccia, Matthew Perrone, Amanda Seitz",2.322740636949392e-05,<CONV>
"Jonel Aleccia, Mike Stobbe",8.173292275589067e-05,<CONV>
Jonesboro Sun,0.00012623108432279856,<CONV>
Jordan Anderson,4.603664346466577e-05,<CONV>
Jordan Joseph,7.487124078347668e-05,<CONV>
Jordan King,8.270459561600915e-05,<CONV>
Jordan King Newsweek,0.0003453694652797,<CONV>
Jordan Miller,4.5958952944390935e-05,<CONV>
Jordan Vonderhaar,9.42847689391457e-05,<CONV>
"Josef Federman, Samy Magdy, Wafaa Shurafa",1.8379452300203097e-05,<CONV>
Joseph Bustos,2.6053071352725157e-05,<CONV>
Joseph Choi,0.0011258150106515,<CONV>
Joseph MacKinnon,1.3328623079719744e-05,<CONV>
Joseph Mercola,4.643569400752724e-05,<CONV>
Joseph Robben,1.4585409897320091e-05,<CONV>
Josh Boak,2.7908953374606736e-05,<CONV>
Josh Christenson,5.30171597356776e-05,<CONV>
Josh Funk,0.0008540748893574,<CONV>
Josh Nathan-Kazis,5.022258533593763e-05,<CONV>
Joshua Chapin,0.0001039223327151,<CONV>
Joshua Cohen,1.5868021310436754e-05,<CONV>
Joshua Fitch,1.74922827531056e-05,<CONV>
Joshua P. Cohen,0.0001433536078518,<CONV>
Josiah Scott,1.5565223839643172e-05,<CONV>
Journal Advocate,0.00012482960074277358,<CONV>
Journal News,0.000463443541885,<CONV>
Journal Star,0.001096198321286,<CONV>
Journal of Business News,0.0007321286933826,<CONV>
Journal of General Virology,9.014744711335657e-05,<CONV>
Journals lww,0.0006955490872582,<CONV>
Jovee Marie N. de la Cruz,2.9865028667949392e-05,<CONV>
Joyce  Frieden,1.7699522375697045e-05,<CONV>
Juan Garcia,1.6472088427578522e-06,<CONV>
"Juana Summers, Alejandra Marquez Janse",1.235675196553694e-06,<CONV>
Jude Joffe-Block,3.1163192946783794e-05,<CONV>
Judith Kohler,5.930556132023443e-05,<CONV>
Judy Clabes,1.3917650575131916e-05,<CONV>
Julia Bonavitacola,3.850320993192371e-05,<CONV>
Julia Daye,0.000148070521195,<CONV>
Julia Elbaba,3.0970067146512746e-05,<CONV>
Julia Frankel,1.4322342369501255e-05,<CONV>
"Julia Frankel, Sam Metz, Samy Magdy",3.758291819403068e-05,<CONV>
Julia Gomez,0.000341077056122,<CONV>
"Julia Gomez, Mike Snider",9.845316537857368e-05,<CONV>
"Julia Gomez, Natalie Neysa Alund",2.019552110329717e-05,<CONV>
Julia Phillips,5.44545530234367e-05,<CONV>
Julia Zappei,1.3348265724697844e-05,<CONV>
Juliana Kim,0.0001136926895597,<CONV>
Juliann Ventura,6.0929412114239685e-05,<CONV>
Julie Anderson,2.59656699899535e-05,<CONV>
Julie Appleby,0.0001028558020019,<CONV>
"Julie Pacorel, Julien Dury",3.2753637665385457e-05,<CONV>
Julie Steenhuysen,6.490459753558906e-05,<CONV>
Julien Dury,7.964797513194075e-05,<CONV>
"Julien Dury, Daniel Lawler",1.4783984446466286e-05,<CONV>
"Julien Dury, Julie Pacorel",7.38978038691978e-05,<CONV>
Juliette Kessler,0.0001383880349845,<CONV>
Julio Cortez,3.7395788086311586e-05,<CONV>
Just Sayin' Caledon,2.3882349776800903e-05,<CONV>
Justice Nwafor,8.911407482898981e-05,<CONV>
Justin Boggs,0.0007364691208881,<CONV>
Justin Jackson,6.735493624931961e-05,<CONV>
K13XD,0.0002387343865356,<CONV>
KAAL,0.0001199952780183,<CONV>
KAALtv.com,0.0003780575276938,<CONV>
KABB,7.530008789101395e-05,<CONV>
KABC,0.0002299358365811,<CONV>
KABCOTA1,1.0592672249891482e-05,<CONV>
KABCOTA2,3.432257295484826e-05,<CONV>
KADN,2.5560001467195745e-05,<CONV>
KAEF,0.0001745605594392,<CONV>
KAET,0.0002190410645621,<CONV>
KAGS,0.0001455746230263,<CONV>
KAIT,0.0001492532891931,<CONV>
KAKE,0.0001902538889411,<CONV>
KALB,0.0002818238033145,<CONV>
KALBDT2,0.0001702652995863,<CONV>
KALW,0.0002187926933808,<CONV>
KAMC,0.0001624289958584,<CONV>
KAMR,0.0001666598516866,<CONV>
KAMU,0.001890947903452,<CONV>
KANW,0.00016957530187433414,<CONV>
KAPP,7.965426198435048e-05,<CONV>
KAQY,0.0004292493140799,<CONV>
KARD,2.8453996934946776e-05,<CONV>
KARE,0.000183042691656,<CONV>
KARK,0.0001430500456301,<CONV>
KASA,2.6966205707646184e-05,<CONV>
KASW,5.810534379838344e-05,<CONV>
KATC,0.0004540671651553,<CONV>
KATH,0.0001625586767533,<CONV>
KATN,6.452236491351503e-05,<CONV>
KATU,0.0002133529007279,<CONV>
KATV,0.0001595198678597,<CONV>
KAUT,7.60069043271124e-05,<CONV>
KAUU,0.0002262622960212,<CONV>
KAUZ,0.000209627075401,<CONV>
KAVU,0.0001937060716507,<CONV>
KAWC,0.0002550167286404,<CONV>
KAYU,7.205182279920441e-06,<CONV>
KAZA,0.0001279204919704,<CONV>
KAZD,0.0002671266053588,<CONV>
KAZT,1.9783779441648177e-05,<CONV>
KBAK,0.0004915144469609,<CONV>
KBCW,8.793859623829197e-05,<CONV>
KBFX,0.0001509064560214,<CONV>
KBGF,0.0001720314374809,<CONV>
KBJR,0.0001376553566587,<CONV>
KBJRDT2,0.0001889314956391,<CONV>
KBLR,2.0610756111620435e-05,<CONV>
KBMT,0.0001775797522113,<CONV>
KBNT,3.0509733283126052e-05,<CONV>
KBNZLP,0.0001682091398101,<CONV>
KBOI,0.0001589581944269,<CONV>
KBTV,0.0002854638928682,<CONV>
KBTX,0.0001658279318022,<CONV>
KBVU,0.000115653749311,<CONV>
KBZK,0.000280896601067,<CONV>
KCAL,0.0001490220849976,<CONV>
KCAL-LA,3.2639238510070374e-05,<CONV>
KCALOTA2,1.3305327174486232e-05,<CONV>
KCALWEB,0.0002667374429311,<CONV>
KCAU,7.463049017218439e-05,<CONV>
KCBA,0.0001029230953067,<CONV>
KCBD,0.0001122114275312,<CONV>
KCBS,0.0004746923881771,<CONV>
KCBSOTA1,3.09228317695719e-05,<CONV>
KCBSOTA2,1.3687882209329836e-05,<CONV>
KCBX,0.00018783000211361353,<CONV>
KCCI,0.0007568798166691,<CONV>
KCCU,8.012671325708254e-05,<CONV>
KCEC,3.739798479160476e-05,<CONV>
KCEN,0.0002198479694244,<CONV>
KCIT,3.5222601712865314e-05,<CONV>
KCLO,0.0001125891647042,<CONV>
KCLU,0.00010601615336030579,<CONV>
KCNC,0.000219485762034,<CONV>
KCOP,6.075243522751924e-05,<CONV>
KCOPOTA1,2.7316485194493416e-05,<CONV>
KCOPOTA2,2.010722710703268e-05,<CONV>
KCOY,0.0001369498724462,<CONV>
KCPQ,0.0003032553213377,<CONV>
KCPT,0.000758880298909,<CONV>
KCRA,0.0002998108893552,<CONV>
KCRG,0.000245441461792,<CONV>
KCRG- TV9,0.0004265829890746,<CONV>
KCSO,0.0001401767754107,<CONV>
KCTV,0.0002053584155826,<CONV>
KCTV-KC (CBS),0.00013232347693254787,<CONV>
KCVU,9.30374168591403e-05,<CONV>
KCWC,0.0003595635145871,<CONV>
KCWE,4.709707611777017e-05,<CONV>
KCWY,0.0001271877608517,<CONV>
KDAF,6.857077753192115e-05,<CONV>
KDBC,0.0004069087656862,<CONV>
KDEN,5.590180899755699e-05,<CONV>
KDFW,0.0001216841578408,<CONV>
KDFX,3.665126951187427e-05,<CONV>
KDKA,0.0002403197720352,<CONV>
KDLG,0.00012441478745630136,<CONV>
KDLT,0.0001197358955514,<CONV>
KDNL,0.0001684337656392,<CONV>
KDNL: St. Louis,0.00013152301659408934,<CONV>
KDRV,0.000149569297885,<CONV>
KDSM,0.0001421322556481,<CONV>
KDTV,4.892814680173447e-06,<CONV>
KDVR,0.0002931109972339,<CONV>
KDVR.com,0.0007915866824271,<CONV>
KECI,0.0001662297555515,<CONV>
KECY,2.127371841084258e-05,<CONV>
KECYDT2,0.0002894528507492,<CONV>
KELO,0.0001641523781611,<CONV>
KELO AM-FM,1.7921951585521973e-06,<CONV>
KENS,0.0002016984652921,<CONV>
KENS 5 TV,0.0005292689266366,<CONV>
KEPR,0.0002139261879074,<CONV>
KERA,0.0001311530376381,<CONV>
KERA News,0.0002419262649244,<CONV>
KERO,0.0003665949004301,<CONV>
KESE,3.976169932893619e-05,<CONV>
KESQ,0.0001862696775244,<CONV>
KESQ.com,0.0008618576247464,<CONV>
KETK,0.0001314394035515,<CONV>
KETK (NBC),3.4719069054284274e-05,<CONV>
KETV,9.590601835836293e-05,<CONV>
KETV Omaha,0.0005655040662108,<CONV>
KEVN,7.035761008061223e-05,<CONV>
KEYC,0.00033537183156587486,<CONV>
KEYE,0.0004233905530636,<CONV>
KEYT,0.0001272552022238,<CONV>
KEZI,0.0001451112969973,<CONV>
KFBB,0.0002193832123578,<CONV>
KFBBDT2,6.19546072817307e-05,<CONV>
KFDA,0.0001963548465997,<CONV>
KFDM,0.0001685932827961,<CONV>
KFDM-TV News,0.00018925828297590614,<CONV>
KFDX,0.0001888365705988,<CONV>
KFF Health News,0.0004164761992535,<CONV>
KFFX,2.8060635722015844e-05,<CONV>
KFJX,5.7915558349573225e-05,<CONV>
KFMB,0.0002570436748292,<CONV>
KFMB Channel 8,0.0007694210317077,<CONV>
KFMBDT2,0.0001570260966656,<CONV>
KFNB,5.1136024375248266e-05,<CONV>
KFOR,0.0001773829340068,<CONV>
KFOX,0.0001995310316463,<CONV>
KFQX,0.0001229579263988,<CONV>
KFSM,0.0002038432535243,<CONV>
KFSN,0.0002200530416192,<CONV>
KFTA,2.8820786902007105e-05,<CONV>
KFTR,1.174908141506478e-05,<CONV>
KFTV,2.452460057138966e-05,<CONV>
KFVE,9.745403156794243e-06,<CONV>
KFVS,0.0002152354260096,<CONV>
KFWD,5.319011766925379e-06,<CONV>
KFXA,0.0001177694098096,<CONV>
KFXF,3.563192204045221e-05,<CONV>
KFXK,9.909220457442384e-05,<CONV>
KFXL,9.287083208496904e-05,<CONV>
KFXL: Fox Nebraska,0.0002000136222499388,<CONV>
KFXO,4.2994134764834615e-05,<CONV>
KFXV,9.209863648973802e-05,<CONV>
KFYR,0.0002034811804946,<CONV>
KGAN,0.0002262157892946,<CONV>
KGAN TV,0.00019491517475635228,<CONV>
KGET,0.0002586609026127,<CONV>
KGMB,0.0001472750022366,<CONV>
KGNS,0.0002729591491081,<CONV>
KGNS.tv,8.878176707646828e-05,<CONV>
KGO,0.0002766566451954,<CONV>
KGO-TV,0.000864939047889,<CONV>
KGOU,0.00010684398241998254,<CONV>
KGPE,0.0002793163340897,<CONV>
KGTV,0.0002361451391899,<CONV>
KGUN,0.000148636087067,<CONV>
KGUN9,0.0003458590372209,<CONV>
KGW,0.000663459710484,<CONV>
KGWC,0.0001156379343265,<CONV>
KGWN,0.0001822023851006,<CONV>
KHBB,0.0001763692188567,<CONV>
KHET,0.0058371250223356,<CONV>
KHII,2.5528855886423787e-05,<CONV>
KHMT,4.29135725141625e-05,<CONV>
KHNL,0.0002388438787003,<CONV>
KHOG,0.0003976808134411,<CONV>
KHON,7.205044853551467e-05,<CONV>
KHOU,0.000159680432063,<CONV>
KHOUCOM,1.4902757858822116e-05,<CONV>
KHOUOTA,1.9153219940679375e-05,<CONV>
KHQ,0.0002396569558097,<CONV>
KHQA,0.0002095381820591,<CONV>
KHQADT2,0.0001427148982209,<CONV>
KHSL,0.0002008629680947,<CONV>
KIAH,0.0001061539801304,<CONV>
KIAHCOM,1.3836558809693086e-05,<CONV>
KIAHOTA,1.2967540109598837e-05,<CONV>
KICU,5.659875586791465e-05,<CONV>
KIDK,0.0001199463171848,<CONV>
KIDY,1.4175401567763556e-05,<CONV>
KIEM,0.0002096527130735,<CONV>
KIFI,0.0002116149161609,<CONV>
KIII,0.0001237620135807,<CONV>
KIIT,5.674811781012979e-05,<CONV>
KIMA CBS,0.00018194920325508034,<CONV>
KIMT,0.0002396578688424,<CONV>
KINC,1.813027008352976e-05,<CONV>
KING,0.0001623755819242,<CONV>
KINT,2.6694971840808748e-05,<CONV>
KION,0.0004451421038101491,<CONV>
KIRO,0.0002512948422397,<CONV>
KITV,0.0001417219541187,<CONV>
KIVI,0.0001097642204664,<CONV>
KIVI-TV,0.0006192248703497,<CONV>
KJAC,0.0001605874837815,<CONV>
KJCT,0.0003457919805858,<CONV>
KJNBLD2,0.0001684054477425,<CONV>
KJRH,0.0001498806578434,<CONV>
KJTL,1.4090448046804545e-05,<CONV>
KJTV,0.0001876215564054,<CONV>
KJTV (FOX),3.220581599355946e-05,<CONV>
KJUD,7.953009617220822e-05,<CONV>
KJZZ,1.86836831071163e-05,<CONV>
KJZZ.org,0.00030266231664039997,<CONV>
KKCO,0.000488584327592,<CONV>
KKFX,6.378779983640999e-05,<CONV>
KKJB,1.3252360873875148e-05,<CONV>
KKTV,0.0002518966781407,<CONV>
KLAF,0.000116575710548,<CONV>
KLAS,8.637543129376044e-05,<CONV>
KLAX,0.0001003236313989,<CONV>
KLBK,0.0002334904007351,<CONV>
KLDO,1.0927771879625513e-05,<CONV>
KLFY,0.0002132274585246,<CONV>
KLJB,0.0001097321301915,<CONV>
KLKN,0.0004424123189994,<CONV>
KLRN,0.0007106312206043,<CONV>
KLRT,6.893539644415905e-05,<CONV>
KLRT - FOX16.com,0.0001837324609197,<CONV>
KLRU,0.001219453005174,<CONV>
KLSR,0.000108906047568,<CONV>
KLST,0.0002457134228301,<CONV>
KLTV,0.0001942744419488,<CONV>
KLUZ,2.106807551553969e-05,<CONV>
KLWY,4.782077062297896e-05,<CONV>
KMAX,9.480566201240004e-05,<CONV>
KMBC,0.0001284929244076,<CONV>
KMCI,2.590614332787173e-05,<CONV>
KMCY,0.000659396345773,<CONV>
KMEG,0.0001489060713682,<CONV>
KMEX,2.1181279762116596e-05,<CONV>
KMGH,0.0002240549943604,<CONV>
KMID,0.0001478385338783,<CONV>
KMIR,0.000138168464744,<CONV>
KMIZ,0.0001692585102318,<CONV>
KMOL,0.0001129959781858,<CONV>
KMOT,0.0001365918259852,<CONV>
KMOV,0.0002502578258204,<CONV>
KMPH,0.000508670805322,<CONV>
KMSB,8.300623758118614e-05,<CONV>
KMSP,0.0001434234421976,<CONV>
KMSS,3.036142811819973e-05,<CONV>
KMTR,0.00047078716765220003,<CONV>
KMTV,0.0002559419884431,<CONV>
KMVT,0.0001752111084139,<CONV>
KMXT,0.00016487506559923984,<CONV>
KNAU Arizona Public Radio,0.00023504379613129998,<CONV>
KNBC,0.0002653007943189,<CONV>
KNBC-LA (NBC),3.528534872890755e-05,<CONV>
KNBCOTA1,5.14964167414997e-05,<CONV>
KNBCOTA2,2.3103062425595813e-05,<CONV>
KNBN,0.0001289549600934,<CONV>
KNDO,0.0001561132450393,<CONV>
KNIN,3.432945002981235e-05,<CONV>
KNOE,0.0002033594718965,<CONV>
KNOP,0.0002060698579114,<CONV>
KNPN,7.531521217595327e-05,<CONV>
KNSD,0.0004150703134827,<CONV>
KNSO,2.5631305902855647e-05,<CONV>
KNTV,0.0002100984256271,<CONV>
KNVA,6.32397779609728e-05,<CONV>
KNVN,0.0002260664024518,<CONV>
KNVO,3.0263349864397153e-05,<CONV>
KNWA,8.252928316269378e-05,<CONV>
KNXV,0.0002288525393647,<CONV>
KOAA,0.0001760180525326,<CONV>
KOAB,0.0003070013778654,<CONV>
KOAM,0.0002299636046363,<CONV>
KOAM TV 7,0.0004785308794278,<CONV>
KOAT,0.0001371740576269,<CONV>
KOAT.com,0.0006776897092432,<CONV>
KOB,0.000217663870665,<CONV>
KOBI,0.0002169834590338,<CONV>
KOCO,0.00070995619695,<CONV>
KODE,5.113853007120094e-05,<CONV>
KOFY,0.0001374199982404,<CONV>
KOHD,0.0001016956437866,<CONV>
KOIN,0.0001823206620618,<CONV>
KOKH,0.0004781888101722,<CONV>
KOKH FOX25,0.0003067215632915,<CONV>
KOKI,3.187375462269086e-05,<CONV>
KOLD,0.000221018410235,<CONV>
KOLN,0.0002098125283794,<CONV>
KOLO,0.0001619193836945,<CONV>
KOLR,0.0001708739141107,<CONV>
KOMO,0.0001957755291442,<CONV>
KOMU,0.000178220479705,<CONV>
KONG,9.38088086920987e-05,<CONV>
KOPB,0.0002343681784377,<CONV>
KORO,1.066960660439344e-05,<CONV>
KOSA,0.000232647090881,<CONV>
KOSU,0.0001570781154988125,<CONV>
KOTA,0.0001654391499654,<CONV>
KOTV,0.0001490214984029,<CONV>
KOVR,0.0002285574030213,<CONV>
KPAX,0.0001835809495547,<CONV>
KPAX.com,9.662421319515615e-05,<CONV>
KPBS,0.002194589913041,<CONV>
KPC News,0.0005648660860808,<CONV>
KPDX,0.0001238232806994,<CONV>
KPEJ,5.36032907724112e-05,<CONV>
KPHO,0.0002793263619076,<CONV>
KPIC News,0.00017022507131054019,<CONV>
KPIX,0.000311746642179,<CONV>
KPLC,0.0002455883930795,<CONV>
KPLC TV,0.00027620272081349995,<CONV>
KPLR,3.497199511633471e-05,<CONV>
KPNE,0.0015656622001045,<CONV>
KPNX,0.0002322786347465,<CONV>
KPRC,0.0003496946281832,<CONV>
KPRCCOM,1.0104487583366332e-05,<CONV>
KPRCOTA,5.1701449170890354e-05,<CONV>
KPSP,0.0001831063214824,<CONV>
KPTH,0.0001479791013999,<CONV>
KPTM,8.74713134649269e-05,<CONV>
KPTV,0.0001780768945832,<CONV>
KPVI,0.0001886097091641,<CONV>
KPVI News 6,0.0007184220990624,<CONV>
KQCA,0.0001242541464511,<CONV>
KQCW,1.4473449531365316e-05,<CONV>
KQDS,5.420353223057897e-05,<CONV>
KQED,0.0005476579769235,<CONV>
KQED News,3.89165383635085e-05,<CONV>
KQET,0.0005909754712857,<CONV>
KQFX,8.359281874607375e-05,<CONV>
KQTV,9.08196291163096e-05,<CONV>
KRBC,0.0001557802077003,<CONV>
KRBK,3.710769268185481e-05,<CONV>
KRCA,4.0801145008296174e-05,<CONV>
KRCAOTA1,4.760144705615573e-07,<CONV>
KRCAOTA2,4.9457576986761125e-06,<CONV>
KRCG,0.0004285873256656,<CONV>
KRCR,0.0002319441269902,<CONV>
KRCR-TV,0.0003591407661498,<CONV>
KRCW,5.0024726445792464e-05,<CONV>
KRDO,0.0001268169138714,<CONV>
KRDO.com,0.0022151937883225998,<CONV>
KREM,0.0001935295393,<CONV>
KREM.com,0.0006362985915173,<CONV>
KREN,8.554962688596293e-06,<CONV>
KREX,0.0003624155313522,<CONV>
KRGV,0.0001475540352379,<CONV>
KRHD,9.699687125438848e-05,<CONV>
KRIS,0.0001437740705944,<CONV>
KRISTV.com,0.00019081068017901904,<CONV>
KRIV,0.0001844125723638,<CONV>
KRIVCOM,3.25333407875509e-05,<CONV>
KRIVOTA,1.8388413543472267e-05,<CONV>
KRLA AM 870 The Answer,0.00013768817472341224,<CONV>
KRNV,0.0001922382922561,<CONV>
KRON,0.0004195270105795,<CONV>
KRQE,0.0031379473346024,<CONV>
KRQEDT2,6.795181764144377e-05,<CONV>
KRTV,0.0001901027410455,<CONV>
KRTV Great Falls News,0.00027121725538480003,<CONV>
KRXI,0.0001112476454337,<CONV>
KRXI-TV Reno,0.00012273632460961913,<CONV>
KSAN,9.840868467511317e-05,<CONV>
KSAS,4.131917053501775e-05,<CONV>
KSAT,0.0001376997192345,<CONV>
KSAT.com,0.0007329343272098,<CONV>
KSAW,0.0001051152595764,<CONV>
KSAZ,0.0001102236957671,<CONV>
KSBW,0.0002144428014739,<CONV>
KSBW-TV,0.0006025970374979,<CONV>
KSBY,0.0002224890117287,<CONV>
KSBY.com,0.0007997202598008001,<CONV>
KSCC,0.000189247646089,<CONV>
KSCW,0.0001670314636195,<CONV>
KSDK,0.0001255525193099,<CONV>
KSEE,0.0002944906213975,<CONV>
KSFY,0.0001588167233619,<CONV>
KSHB,0.0012969378027465,<CONV>
KSKN,0.0001128494767885,<CONV>
KSL,0.0010926044962987001,<CONV>
KSLA,0.0001964112306414,<CONV>
KSMO,2.42152824379296e-05,<CONV>
KSMU Radio,6.252186528837351e-05,<CONV>
KSNB,0.00015917386531,<CONV>
KSNF,8.832137075678596e-05,<CONV>
KSNT,0.0001826826722686,<CONV>
KSNV,0.0001899757849951,<CONV>
KSNW,0.0001471771699486,<CONV>
KSNWDT2,1.5685571769938544e-05,<CONV>
KSPR,0.0001632751045381,<CONV>
KSTP,0.0001368898147236,<CONV>
KSTS,0.0002205199172033,<CONV>
KSTU,0.0002655014583475,<CONV>
KSUT Public Radio,3.109659299179031e-05,<CONV>
KSVI,7.415276612687248e-05,<CONV>
KSVT,4.8820792352971365e-05,<CONV>
KSWB,0.0002027076737844,<CONV>
KSWL,0.0001375506165344,<CONV>
KSWO,0.0004750413896781,<CONV>
KSWT,0.0001017576973649,<CONV>
KTAB,0.0002249542805395,<CONV>
KTAB (CBS),4.188345054553234e-05,<CONV>
KTAL,0.0001234978267682,<CONV>
KTAR.com,0.0005797918468169,<CONV>
KTAZ,1.9879059418897984e-05,<CONV>
KTBB,0.00014860511315557758,<CONV>
KTBC,0.0001982020572603,<CONV>
KTBC-AUS (FOX),3.4445624461014026e-05,<CONV>
KTBS,0.0001536512895891,<CONV>
KTBS 3 News,0.0037302618210747,<CONV>
KTBY,9.036654666946936e-05,<CONV>
KTDO,5.101609553153829e-05,<CONV>
KTEJ,0.0010340293467194,<CONV>
KTEN,0.0003668116133826,<CONV>
KTENDT3,0.0001904348477624,<CONV>
KTFK,4.148424185107921e-06,<CONV>
KTFQ,1.4098448586518335e-05,<CONV>
KTFT,0.0001319401203636,<CONV>
KTHV,0.0001352644598378,<CONV>
KTIV,0.0002786744678374,<CONV>
KTKA,0.0001415284863609,<CONV>
KTLA,0.0005003055842605,<CONV>
KTLAOTA1,7.842005251594329e-05,<CONV>
KTLAOTA2,9.547097798151048e-05,<CONV>
KTMD,4.447936521523448e-05,<CONV>
KTMDOTA,5.211532891104027e-06,<CONV>
KTMF,0.0001820157003209,<CONV>
KTMJ,1.8028091420414303e-05,<CONV>
KTNV,0.0001220897215667,<CONV>
KTOO,0.000266963169501,<CONV>
KTRK,0.0001427657516268,<CONV>
KTRK-TV,0.0008572243271007,<CONV>
KTSC,0.0003473386294144,<CONV>
KTSM,0.0001687745152997,<CONV>
KTTC,0.000181726457147,<CONV>
KTTU,9.61126750086655e-06,<CONV>
KTTV,7.818476992015355e-05,<CONV>
KTTVOTA1,1.1223510026459631e-05,<CONV>
KTTVOTA2,9.106129330325374e-06,<CONV>
KTTW,1.9448420720448047e-05,<CONV>
KTUL,0.000491655408103,<CONV>
KTUU,0.000183887919161,<CONV>
KTUZ,2.63034645515486e-05,<CONV>
KTVB,0.0002373339107263,<CONV>
KTVD,0.0001631498031096,<CONV>
KTVE,0.0001761193929255,<CONV>
KTVF,0.0001085704767766,<CONV>
KTVH,0.0002682814105216,<CONV>
KTVI,0.0001846051420044,<CONV>
KTVK,0.0001765710715042,<CONV>
KTVL,0.0001974161329109,<CONV>
KTVM,0.000200788824325,<CONV>
KTVN,0.0002216059739577,<CONV>
KTVO,0.0003014684361755,<CONV>
KTVODT2,0.0001563631088529,<CONV>
KTVQ,0.0001555713935683,<CONV>
KTVQ Billings News,0.00011879751715225701,<CONV>
KTVT,0.0001956479574901,<CONV>
KTVU,0.0006224401896442,<CONV>
KTVU-TV,0.0006742092411418999,<CONV>
KTVW,7.792227714573574e-07,<CONV>
KTVX,0.0002406521478656,<CONV>
KTVZ,0.0024678750579123,<CONV>
KTWO,0.0001504437805972,<CONV>
KTXA,2.340933176535177e-05,<CONV>
KTXELP,0.0003740597098744,<CONV>
KTXH,5.628696977609294e-05,<CONV>
KTXL,0.0003151926603846,<CONV>
KTXS,0.00032199386875126306,<CONV>
KUAC,0.0002042046522027,<CONV>
KUAN,4.642125274532861e-05,<CONV>
KUAR,0.00027582777753719996,<CONV>
KUFM,0.0003726122773304,<CONV>
KUHT,0.0005827941384785,<CONV>
KUHTCOM,0.0001915165625291,<CONV>
KUHTOTA,0.0001009941827983,<CONV>
KUKC,1.795371621763218e-06,<CONV>
KULR,0.0002219265143914,<CONV>
KUMV,0.0001186182541952,<CONV>
KUNM,7.299270538880772e-05,<CONV>
KUNP,0.0002400022183227,<CONV>
KUNS,0.0001275734950666,<CONV>
KUNU,1.5994710220365195e-05,<CONV>
KUSA,0.0002816565491788,<CONV>
KUSI,0.0002710111481246,<CONV>
KUSM,0.0004362531565754,<CONV>
KUTV,0.0002094280558942,<CONV>
KUTV 2News,0.0006644447380177,<CONV>
KUVN,1.061999766433406e-05,<CONV>
KUVS,2.2462289477626053e-05,<CONV>
KVAL,0.0006088030284612999,<CONV>
KVCT,3.982645255687516e-05,<CONV>
KVCW,6.89932273007765e-05,<CONV>
KVDA,3.34988763253834e-05,<CONV>
KVEA,1.0125146555616012e-05,<CONV>
KVEO,0.0004026884970856,<CONV>
KVEODT2,0.0001494473947136,<CONV>
KVER,1.758795620356187e-05,<CONV>
KVHP,5.10298270559505e-05,<CONV>
KVHPDT2,0.0001117434135209,<CONV>
KVIA,0.0002526599064677,<CONV>
KVII,0.0004556106192654,<CONV>
KVIQ,0.000275626081612,<CONV>
KVLY,0.0001852939874263,<CONV>
KVNF Public Radio,0.00014106032568832243,<CONV>
KVOA,0.0001550633719846,<CONV>
KVRR,0.0001505735393297,<CONV>
KVUE,0.0003006721219541077,<CONV>
KVVU,0.0001090419970963,<CONV>
KVYE,2.1365521071977192e-05,<CONV>
KWBQ,2.9941903818191157e-05,<CONV>
KWBU,0.00015817688884557356,<CONV>
KWCH,0.0002361019317651,<CONV>
KWES,0.0001700505815367,<CONV>
KWEX,4.5666240181028176e-05,<CONV>
KWGN,0.0001341595517088,<CONV>
KWIT,0.00015550578462682278,<CONV>
KWKT,0.0001220679629286,<CONV>
KWQC,0.0002568200944896,<CONV>
KWTV,0.0001315586024246,<CONV>
KWTX,0.0007341517922312,<CONV>
KWWL,0.0001823832327492,<CONV>
KWYB,0.0001989249563364,<CONV>
KWYBDT2,8.780512563709397e-05,<CONV>
KXAN,0.0003287909179281,<CONV>
KXAS,0.0001621417279019,<CONV>
KXGN,0.0001505355894733,<CONV>
KXGNDT2,3.522272448754153e-05,<CONV>
KXII,0.0002661409668917,<CONV>
KXIIDT3,3.072153632418166e-05,<CONV>
KXJB,0.0001988685886836,<CONV>
KXLH,0.0001888777107607,<CONV>
KXLN,1.1098161802788142e-05,<CONV>
KXLT,2.3166407613931592e-05,<CONV>
KXLY,0.0001865876744478,<CONV>
KXMC,0.0002658885796886,<CONV>
KXMD,9.670722900358832e-05,<CONV>
KXND,1.8427060121603142e-05,<CONV>
KXNV,1.3670114708814472e-05,<CONV>
KXOF,5.2865577817781086e-05,<CONV>
KXRM,0.0001613575758888,<CONV>
KXTS,0.0001686496022988,<CONV>
KXTV,0.0001719253301876,<CONV>
KXTX,2.556847070392416e-05,<CONV>
KXVA,3.845907491856646e-05,<CONV>
KXXV,0.000219092860526,<CONV>
KY3,0.0002895175529737,<CONV>
KYAZ,2.4398803471291076e-05,<CONV>
KYLX,0.0001458599029635,<CONV>
KYMA,0.0001690425371397,<CONV>
KYOU,6.412010955353491e-05,<CONV>
KYTV,0.0002443904871891,<CONV>
KYTX,0.0001421672492638,<CONV>
KYTX (CBS),3.7317552552988237e-05,<CONV>
KYUK,0.0003495095706094,<CONV>
KYUR,6.408688743459576e-05,<CONV>
KYURDT2,9.092387749602944e-06,<CONV>
KYW,0.0002640437661667,<CONV>
KZJL,3.038450274707877e-05,<CONV>
KZJLCOM,2.937450985556303e-07,<CONV>
KZTV,0.0001821776350607,<CONV>
KZTV Action 10 News,0.00014492608565327996,<CONV>
Kabs Kanu,0.0002363175234221,<CONV>
Kade Heather,7.131613403586847e-06,<CONV>
Kadia Tubman,0.0001908873461023,<CONV>
Kaieteur Newsonline,0.00019343042798616075,<CONV>
Kaiser Health News,1.910765633995704e-05,<CONV>
Kait 8,0.0002171565675382,<CONV>
Kaitlin Flanigan,0.0001138033929377,<CONV>
Kaitlin Reilly,5.4017821540856e-05,<CONV>
Kaitlin Simpson,8.964578919590902e-05,<CONV>
Kaitlin Sullivan,0.0001047267187771,<CONV>
Kaitlin Washburn,2.866639722727391e-05,<CONV>
Kamal Jenkins,7.292369478815114e-05,<CONV>
Kameron Duncan,8.543163855555503e-05,<CONV>
Kansas City Post,0.00019124616249481709,<CONV>
Kansas Public Radio,0.0003097552572193,<CONV>
Kara Wahlgren,1.948371426598064e-05,<CONV>
Kareem Hana,2.52826347410526e-05,<CONV>
Karen Garcia,0.0001392825548762,<CONV>
Karen Gilchrist,0.0002843562613913,<CONV>
Karen Kaplan,0.0002545141632447,<CONV>
Karen Weintraub,5.917577081996042e-05,<CONV>
Karl Rasmussen,6.257082748049456e-05,<CONV>
Karoline Kan,7.082805841798825e-05,<CONV>
Kasturi Pananjady,0.000598306553207,<CONV>
"Kasturi Pananjady, Mike Stobbe",3.039520994795662e-05,<CONV>
Kat Lay,6.477213507030738e-05,<CONV>
Katc,0.00012683382757939588,<CONV>
Kate Bartlett,1.455951491554672e-05,<CONV>
Kate Kealey,2.9232492103214695e-05,<CONV>
Kate Linderman,0.0001162966597826,<CONV>
Kate Payne,0.0003197409733678,<CONV>
Katecey Harrell,2.7875283386995937e-05,<CONV>
Katherine A. Foss,2.9927824205348333e-05,<CONV>
Katherine Dillinger,0.0003033973400489,<CONV>
"Katherine Dillinger, Sanjay Gupta",1.5776719844365576e-05,<CONV>
Katherine Hignett,6.41132667346881e-05,<CONV>
Katherine Nowicki,3.7865018593281744e-05,<CONV>
Katherine Rodriguez,5.14749672559551e-05,<CONV>
Kathleen Foody,0.0004700552131276,<CONV>
Kathleen O Brien,8.247075292284403e-05,<CONV>
"Kathryn Fink, Ashley Brown",3.260382278021609e-05,<CONV>
Katia Hetter,0.0001237230628397,<CONV>
Katie Bourque,6.344591075684279e-05,<CONV>
"Katie Castellano, Emily Van",4.332299470762159e-05,<CONV>
Katie Kindelan,3.833142867847649e-05,<CONV>
Katie Langford,3.7796322433196416e-05,<CONV>
Katie McKellar,1.6926259120053953e-05,<CONV>
"Katie Rosendale, Jeremy Tanner",2.4887044920984505e-05,<CONV>
Katrina Morgan,0.0003311116046688,<CONV>
Katu,0.0008736667895035001,<CONV>
Katv,0.0004942795968053001,<CONV>
Kaxe,0.0001532205970380845,<CONV>
Kayak Away,5.104888486255805e-05,<CONV>
Kaycee Sloan,0.0001732800715873,<CONV>
Kayla Levy,1.2892194245621244e-05,<CONV>
Kayla Precht,0.00010240592943,<CONV>
Kbbi,0.0001145482960072379,<CONV>
Kbtx,0.0006469694422777,<CONV>
Kcbd Tv,0.0002803150270789,<CONV>
Kcoy,0.0007718014560966,<CONV>
Kcra Tv,0.0008566587943814,<CONV>
Kdal,0.0006772322862984,<CONV>
Kdll,0.0001669414073254566,<CONV>
Kdnk,0.00018204931865412543,<CONV>
Kdow-Am [1220] Business Radio,9.330864801146803e-05,<CONV>
Kdvr,0.0029512728039952,<CONV>
Keerti Gopal,4.07761323941394e-05,<CONV>
Keila Szpaller,4.544511625163314e-05,<CONV>
Keith Lane,9.033743245753568e-05,<CONV>
Keith Roach,1.0201083977034503e-05,<CONV>
Kelly Gooch,2.9127726913906825e-05,<CONV>
Kelly Hayes,0.0004343487897025,<CONV>
Kelly Jones,0.0001288619887976,<CONV>
Kelly McCarthy,9.303508443725384e-05,<CONV>
Kelofm,2.8086932183474714e-05,<CONV>
Keloland Tv,0.0027693198783269,<CONV>
Kelsey Kryger,5.407770054805184e-05,<CONV>
Ken Alltucker,7.932236364213287e-05,<CONV>
Ken Carlson,2.369966595399663e-05,<CONV>
Ken Paiva,1.948371426598064e-05,<CONV>
Kenbridge Victoria Dispatch,5.0567991008460236e-05,<CONV>
Kennedy Ferruggia,0.0001785448268435,<CONV>
Kenneth Schrupp,7.273705420153132e-05,<CONV>
Kenny Murry,2.982621741406964e-05,<CONV>
Kenosha News,7.633567359149342e-05,<CONV>
Kentucky,0.004898934753864,<CONV>
Kentucky Today,0.0003467500903179,<CONV>
Kenw,0.00011224016569909793,<CONV>
Kenya Hunter,0.0001034604209669,<CONV>
Kenya Tech Report,0.000522890881895,<CONV>
Keprtv,0.0002392421742732,<CONV>
Keremeos Review,0.00011905298568194416,<CONV>
Kern Golden Empire,0.0028575243658851,<CONV>
Ketk.com,0.00036268550998920003,<CONV>
Kevin,1.2271001328165437e-06,<CONV>
Kevin Bessler,4.389743315700568e-05,<CONV>
Kevin Dunleavy,2.42346253239566e-05,<CONV>
Kevin Hughes,3.077736453636381e-05,<CONV>
Kevin Reagan,0.0001159753199151,<CONV>
Kevin Sheridan,3.3853194515455686e-05,<CONV>
Keys News,0.0004565156270693,<CONV>
Kfdx,0.0005026899414598,<CONV>
Kff Health News,6.0087438418719205e-05,<CONV>
Kfgo Kfgo,1.8833469500976617e-05,<CONV>
Kfor,0.0016259259662835001,<CONV>
Kfox,0.0008268529444127,<CONV>
Khaama Press,7.024175516449529e-05,<CONV>
Khabarfarsi,0.0010886623800299999,<CONV>
Khaleda Rahman Newsweek,5.226279433406747e-05,<CONV>
Khon 2,0.0029410477871476,<CONV>
Khou.com,0.000599621148642,<CONV>
Khsu.org,0.00017820697593871307,<CONV>
Kilito Chan,0.0004360132052769,<CONV>
Killeen Daily Herald,0.0018327885108308998,<CONV>
Killian Meara,3.921574753194826e-05,<CONV>
Kimberly Bonvissuto,2.122875535715636e-05,<CONV>
Kimberly Wright,9.7298136780295e-05,<CONV>
Kimt,6.07228219236652e-05,<CONV>
King5.co,0.00043015776417299997,<CONV>
"Kinsey Crowley, Julia Gomez, Mike Snider, Karen Weintraub",1.4782235475974108e-05,<CONV>
Kiowa County Press,0.000157407562418672,<CONV>
Kirotv,0.000559025544413,<CONV>
Kjct News,0.00043038177966,<CONV>
Klcc Fm Public Radio,0.00016140313163496032,<CONV>
Klfy,0.0002488890443738,<CONV>
Kmuw,0.0001802317214446946,<CONV>
Kmvt.com,8.399310310413467e-05,<CONV>
Knkx,0.00018740972219072872,<CONV>
Knowledia News (FR),0.0002053763127484,<CONV>
Knowledia News (US),0.000973100697029,<CONV>
Knpr,5.497565269990443e-05,<CONV>
Koaa,0.000481160573503,<CONV>
Koang Chang,8.187882307741144e-07,<CONV>
Kob,0.001386988270459,<CONV>
Kob.com,0.0005255374096782999,<CONV>
Koin,0.0032022331214025,<CONV>
Kold News13,0.0007507940937662,<CONV>
Komo News,0.0012647632141746,<CONV>
Korin Miller,0.0001091033681335,<CONV>
Kota,2.5996108561148955e-05,<CONV>
Kpcw,0.0001290939884469155,<CONV>
Krcg Tv,0.0002257139340526,<CONV>
Krcu,0.0001999036582027908,<CONV>
Kris Henry,1.6156416882637734e-05,<CONV>
Kristen Dalli,2.590702327606119e-05,<CONV>
Kristen Fischer,4.706569207222627e-05,<CONV>
Kristen Hwang,2.7305854798352185e-05,<CONV>
Kristen Jordan,0.0001157045321454,<CONV>
Kristen Monaco,3.231283376527547e-05,<CONV>
Kristen Pratt Machado,1.629398308522142e-05,<CONV>
Kristen Rogers,6.592410335103522e-05,<CONV>
Kristina  Fiore,8.524561682185152e-05,<CONV>
Kristina Fiore,7.212163702540706e-05,<CONV>
Kristina Watrobski,0.0001448106193395,<CONV>
Kristine Frazao,0.0003478292010584,<CONV>
Kron4,0.0020496184143495,<CONV>
Krro,2.819590614597705e-05,<CONV>
Krvs 88.7 FM,0.0002656947819974,<CONV>
Krwg,0.00025726041713889996,<CONV>
Ksn Tv,0.0013149421258379,<CONV>
Ksnt,0.0029450229293339998,<CONV>
Kstp,0.0015551690750686001,<CONV>
Kswo,6.597033975285737e-05,<CONV>
Ktalnews,0.00040212011891059996,<CONV>
Ktep,0.00026461812192350004,<CONV>
Ktla,0.0005451598915916,<CONV>
Kttc,0.0004076558117518,<CONV>
Ktvb,0.0006640001878737999,<CONV>
Ktvo,0.00018911066029062668,<CONV>
"Ktvu Staff, Ktvu Fox",0.0001009776055164,<CONV>
Ktwb Fm,0.0007587324588663,<CONV>
Kuaf Fm,0.0001878517517680686,<CONV>
Kulr 8 News,0.00014429717770514172,<CONV>
Kunc,0.00017601223551673266,<CONV>
Kunm,9.40879686117561e-05,<CONV>
Kvia,0.0009204467894869,<CONV>
Kwangmoozaa iStock Getty,0.0001200360013546,<CONV>
Kx News,0.00038615223416980005,<CONV>
Kxan,0.0022205766786062998,<CONV>
Kxii-Tv,0.00011687786853936644,<CONV>
L'Observateur Newspaper,0.0002564541536648,<CONV>
LA Post,5.097344417023346e-05,<CONV>
LEX18 Lexington KY News,0.0008945166272793,<CONV>
LIFE,9.106130834589584e-06,<CONV>
La Crosse Tribune,8.888259872991082e-05,<CONV>
La Grange News,0.0002298670263481,<CONV>
La Opinión,0.0010608599817344,<CONV>
La Presse,7.293913749581465e-05,<CONV>
Laiba Immad,2.5794088421822792e-05,<CONV>
Lake Gazette,0.0002240304702157,<CONV>
Lakeland Broadcasting,0.0002156572998453,<CONV>
Lakeshore Public Media,0.00018780811389992614,<CONV>
Lancaster Newspapers,0.0015424262284211001,<CONV>
Lance D Johnson,1.5164687067207928e-05,<CONV>
Lara Adejoro,0.0001807322597753,<CONV>
Las Américas,3.244748928588609e-05,<CONV>
Las Vegas Herald,0.0007978204069489,<CONV>
Las Vegas Review-Journal,2.864251990065224e-05,<CONV>
Las Vegas Sun,0.0014578233118958,<CONV>
Latin America News,0.0003535680504106,<CONV>
Latin Business Today,0.0006377913560898999,<CONV>
Launion.digital,6.622359497942894e-05,<CONV>
Laura J. Nelson,2.922984073411276e-05,<CONV>
Laura Schulte,1.882810082603335e-05,<CONV>
Laura Ungar,0.000138318501747,<CONV>
"Laura Ungar, Amanda Seitz",2.9165071518352143e-05,<CONV>
"Laura Ungar, Michelle R. Smith",0.0003341511199673,<CONV>
Laura Williamson,3.364304173907513e-05,<CONV>
"Laura Williamson, American Heart Association News",1.035287133336994e-05,<CONV>
Lauran Neergaard,0.0002869588661193,<CONV>
"Lauran Neergaard, Matthew Perrone",0.0001057895625728,<CONV>
Laurel Wamsley,3.480198596346095e-05,<CONV>
Lauren Anderson,1.126014908724018e-05,<CONV>
Lauren Frayer,6.916152356683687e-05,<CONV>
Lauren Gordon,5.6055104373693774e-05,<CONV>
Lauren Irwin,0.0001156993357373,<CONV>
Lauren Penington,0.0001554771040131,<CONV>
Lauren Sforza,2.9385247253398715e-05,<CONV>
Lawrence Hurley,2.92123844513089e-05,<CONV>
Leader Publication,0.0002445848368913,<CONV>
Leader Publications,0.0002223405349009,<CONV>
Leah Sarnoff,8.482829054761771e-05,<CONV>
Leah Willingham,6.505501141178731e-06,<CONV>
Leana S. Wen,0.0003204531029969,<CONV>
Lebanon Democrat,0.0005357647370735,<CONV>
Lecia Bushak,2.5944120246858184e-05,<CONV>
Ledger-Enquirer,0.0018990293409806998,<CONV>
Ledger-Enquirer.com,0.00040970069071370003,<CONV>
Leeann Weintraub,1.5170545284261348e-05,<CONV>
Leesville Leader,0.0002260968784996,<CONV>
Lena H. Sun,0.0001469480216182,<CONV>
Lena H. Sun Washington,5.79014728754542e-05,<CONV>
Leo Collis,1.3792886817527349e-05,<CONV>
Leslie Sattler,3.13622724602447e-05,<CONV>
Lia DeGroot,0.0001831621284687,<CONV>
Liam Cavaletto Kmph Staff,0.0001687457897424,<CONV>
Life Technology,5.827132956510433e-05,<CONV>
Life Voyageurs,2.8317742275725545e-05,<CONV>
LifesSiteNews.com,0.0005320807492451,<CONV>
Lifestyle.asialogue,2.5442087329968057e-05,<CONV>
Lila Seidman,9.55293991072036e-05,<CONV>
Lillian Suwanrumpha,6.277823166992204e-05,<CONV>
Lily Dallow,0.0001382930574414,<CONV>
Lim News,0.00018792783936739151,<CONV>
Lincoln News Now,9.002586140247629e-05,<CONV>
Linda Carroll,6.904637126916383e-05,<CONV>
Lindsay Romano,1.5054130696850388e-05,<CONV>
Lindsey Leake,0.0001016499269424,<CONV>
Lindsey Theis,8.037957968592486e-05,<CONV>
"Lindsey Whitehurst, Devna Bose",0.0001450166961499,<CONV>
Lisa Jarvis,0.0009396941826186,<CONV>
Lisa Krieger,3.649108522737517e-05,<CONV>
Lisa Kuhns,4.790363463475721e-05,<CONV>
Lisa M. Krieger,0.0001715160994624,<CONV>
Lisa Maxbauer,2.859960728228643e-05,<CONV>
Lisa O Mary,9.256592508195867e-05,<CONV>
Lisa Pham,8.049583470132734e-05,<CONV>
Lisa Schencker,3.5106460796231446e-05,<CONV>
"Lisa Schencker, Angie Leventis Lourgos",2.6477808568847897e-05,<CONV>
Lisa Schnirring,0.0012345067200068,<CONV>
Live 5 WCSC,0.0008398688198744,<CONV>
Livermore,0.0006383203320388,<CONV>
Livermore Independent,0.0007055931278614,<CONV>
Livi Miller,3.418507468831527e-05,<CONV>
Liz Bonis,7.2328075131563e-05,<CONV>
Liz Carey,1.3977134318924852e-05,<CONV>
Lizzy Lawrence,1.6334975975601622e-05,<CONV>
Local 12,0.0005153047565833,<CONV>
Local Memphis,0.00019517624550436402,<CONV>
Local News8,0.0009276676599388001,<CONV>
Local Syr,0.0014532915872277,<CONV>
Local10,0.0010813379920266001,<CONV>
Local3news,0.0005862017671341,<CONV>
Logan Lutton,8.177943560177289e-05,<CONV>
Lois M. Collins,0.0002126198425248,<CONV>
London Channel News,0.000332065573252,<CONV>
Long Beach,2.8938848534915543e-05,<CONV>
Longmont Times-Call,7.749546874150739e-05,<CONV>
Longview Daily News,0.00016423765160416783,<CONV>
Look Out Style,6.334496477507898e-05,<CONV>
Lori Solomon,0.0001822639310406,<CONV>
Los Angeles Evening Despatch,0.0005075882307289,<CONV>
Los Angeles Herald,0.0006101938818859,<CONV>
Los Angeles Times,0.002458633149873,<CONV>
Louis Casiano,2.329522386487475e-05,<CONV>
Louise Franco,5.947845470595605e-05,<CONV>
Louise Heavens,3.659121754587448e-05,<CONV>
Lourdes Medrano,1.3276914944816452e-05,<CONV>
Lowell Sun Online,0.000211035663496,<CONV>
Lucas Handley,2.428967398653456e-05,<CONV>
Lucien Lufutu,2.019552110329717e-05,<CONV>
Lucy Notarantonio Newsweek,0.0001305400127393,<CONV>
"Lucía Lacurcia, Carlos Fabal",1.2281687788980591e-05,<CONV>
Ludwig Burger,4.154067299154969e-05,<CONV>
Lufkin Daily News,0.0002094899310608,<CONV>
Luisana Valdivieso,1.9825756739331687e-05,<CONV>
Luke Andrews Senior,3.525353965847392e-05,<CONV>
Luke Halpern,0.0001159217153361,<CONV>
Luvernejournal,0.0003338138916739,<CONV>
Lydia Mee Newsweek,2.154188917685031e-05,<CONV>
Lydia Taylor,0.0001941718254611,<CONV>
Lyn Riddle,0.0001257941018219,<CONV>
Lynda Charters,6.823984953288632e-05,<CONV>
Lynn Arditi,1.176748921880296e-05,<CONV>
Lynn L. Bergeson,2.3746038203238813e-05,<CONV>
Lynne Terry,1.865719544507585e-05,<CONV>
"MARIA CHENG, Associated Press",1.3998322321123488e-05,<CONV>
MASN,3.6575543730975034e-05,<CONV>
MDLinx,0.0009490767618157,<CONV>
MIKE STOBBE,4.368627661415639e-05,<CONV>
MIKE STOBBE AP medical writer,2.567552283079531e-05,<CONV>
MIKE STOBBE Associated Press,2.394277497491813e-05,<CONV>
"MIKE STOBBE, Associated Press",3.9828280056191025e-05,<CONV>
MPR News,0.0008348042226983,<CONV>
MSN,0.0162421013754697,<CONV>
MSNBC,0.0008311146777121874,<CONV>
MSNBC.com,0.0002108915112178,<CONV>
MSNBCCOM1,2.1736345338592805e-05,<CONV>
MSNBCCOM2,4.0990970157586955e-05,<CONV>
MSNBCCOM3,2.296983156788169e-05,<CONV>
Mackenzie Bean,7.389671008697812e-05,<CONV>
Mackenzie Mays,4.231649314431961e-05,<CONV>
Macon Telegraph,0.0033974911706279,<CONV>
Maddie Biertempfel,0.0001874278094131,<CONV>
Maddie Rhodes,1.3463680735531444e-05,<CONV>
Madeline Ashley,2.463054644203114e-05,<CONV>
Madeline Heim,1.0257816285411154e-05,<CONV>
Madeline Holcombe,3.973080975890517e-05,<CONV>
"Madeline Holcombe, CNN",3.241677510773601e-05,<CONV>
Madison Freeman,6.314976413184607e-05,<CONV>
Madison MacArthur,6.351933293505287e-05,<CONV>
Madison Muller,3.058132137470035e-05,<CONV>
Maggie L. Shaw,3.3882415145843224e-05,<CONV>
Magnoliastatelive,0.00015678820963157153,<CONV>
Mahamadou Simpara,2.019250037113725e-05,<CONV>
Mahnoor Jehangir,0.0002004452022559,<CONV>
Mahoning Matters,0.0008154124638954,<CONV>
Maia Bond,2.019552110329717e-05,<CONV>
Maia Pandey,1.3224512999771934e-05,<CONV>
Main Line Media News,0.00021017218761240001,<CONV>
Maine's Leading Local News,0.0009296035281521999,<CONV>
Mainepublic,0.0002129826249309,<CONV>
Makiya Seminera,3.184313303573454e-05,<CONV>
Malaysian Reserve,0.0007528595845311,<CONV>
Mammoth Times,0.0015402383786466,<CONV>
Managed Healthcare Executive,0.0004538401140618,<CONV>
Manasi Talwadekar,5.116489838530064e-05,<CONV>
Manassas Daily Voice,0.000360503922259,<CONV>
Manchester Times,0.0005204595830144,<CONV>
Mandy Taheri,5.24191116030507e-05,<CONV>
Mandy Taheri Newsweek,6.281695234244491e-05,<CONV>
Mangalorean.com,0.00018808640371942135,<CONV>
Manhattanweek.com,2.9965490315055235e-05,<CONV>
Mansoor Safder,4.726144877195083e-05,<CONV>
Maqnews.com,0.0002243398303424,<CONV>
MarCom World,0.000283444950992,<CONV>
Marc Gunther,0.0001731102795331,<CONV>
Marc Sternfield,6.340308576576106e-05,<CONV>
Marcia Frellick,5.640277136399699e-05,<CONV>
"Marcio Jose Sanchez, Christopher Weber",0.0002507633384442,<CONV>
Marcus Lamb,2.5813904628872525e-05,<CONV>
Marcus Taylor,6.516254697231843e-05,<CONV>
Margaret O'Hara,1.305210245345667e-05,<CONV>
Margaret Wong,1.6156416882637734e-05,<CONV>
Margo Vansynghel,7.533387800390644e-05,<CONV>
Maria Azzurra Volpe Newsweek,1.3047223490451576e-05,<CONV>
Maria Cheng,0.0030629917896739,<CONV>
"Maria Cheng, Christina Malkia",8.84839808254475e-05,<CONV>
"Maria Cheng, Jamey Keaten",7.805857711350196e-05,<CONV>
"Maria Cheng, Ruth Alonga",0.0001210942845384,<CONV>
"Maria Cheng, The Associated Press",5.750777311007064e-05,<CONV>
"Maria Cheng, Will Weissert",0.0002385857954936,<CONV>
Maria Francis,8.926189423896002e-05,<CONV>
Maria Godoy,4.3273717146944155e-05,<CONV>
Maria Morava Newsweek,2.970401185321735e-06,<CONV>
Maria Papadopoulos,2.1659781492514334e-05,<CONV>
Mariah Taylor,0.0001077848632073,<CONV>
Mariam Lawane Hassane,1.6777785370366565e-05,<CONV>
Marianne Goodland,2.8886787886056498e-05,<CONV>
Marie Benz,6.05865633098915e-05,<CONV>
Marie Evening News,0.000250144711114,<CONV>
Marietta Monitor,0.00010917283771210714,<CONV>
Marietta Times,0.00019069689013655408,<CONV>
Mariha-Kitchen iStock Getty,8.782425114267907e-05,<CONV>
Marilynn Larkin,0.0001211731266197,<CONV>
Marin Independent Journal,0.0003793694577757,<CONV>
"Marina Demidiuk Shutterstock, Taylor O Bier",1.9010506385230093e-05,<CONV>
Mario Tama,0.0001421320366842,<CONV>
Marissa Thompson,7.805798120854755e-05,<CONV>
Mariyam Muhammad,0.000114377744701,<CONV>
Mark A. Mahoney Guest,3.9965094330905894e-05,<CONV>
"Mark Banchereau, Jean-Yves Kamale",0.0001082278793839,<CONV>
Mark Gongloff,3.256493382422436e-05,<CONV>
Mark Huffman,7.351780920081239e-05,<CONV>
Mark Kortepeter,4.159950392066087e-05,<CONV>
Mark Moran,7.190997599279349e-05,<CONV>
Mark Price,0.000141368647723,<CONV>
"Mark Schiefelbein, Taylor O Bier",7.841205497705454e-06,<CONV>
Mark Sherman,0.0002691303296322,<CONV>
Mark Thiessen,5.436817652551919e-05,<CONV>
Market Forecast Analysis,0.00018843635807635486,<CONV>
Market Forecast Reports,0.0003078858902873,<CONV>
Market Minute,0.0016251474113629,<CONV>
Market Screener,0.0054791937753089,<CONV>
Market Wire News,7.752103658837352e-05,<CONV>
Marketers Log,0.0004101526792559,<CONV>
MarketersMedia,0.0009240256885669,<CONV>
Markets Businessinsider.com,0.0036381049821092,<CONV>
Marketscreener,0.0013149269888686,<CONV>
Marlene Lenthang,5.322194463520797e-05,<CONV>
Marquette Mining Journal,0.00011367158592202385,<CONV>
Marshall Independent,0.00011774164622746212,<CONV>
Martha Bebinger,5.113830665281058e-05,<CONV>
Marthe Bosuandole,0.0002145936177593,<CONV>
Martin Cullip,3.2212821424313086e-05,<CONV>
Martin Hoyt,2.775418482031913e-05,<CONV>
Martin Olage,1.3014518776837426e-05,<CONV>
Martinsville Bulletin,0.0001596225994125154,<CONV>
Marty Schladen,2.5111292667968816e-05,<CONV>
Martín Nicolás Parolari,1.4901483860554994e-05,<CONV>
Mary Anne Pazanowski,4.3179719475321715e-05,<CONV>
Mary Cunningham,4.8876887779027807e-05,<CONV>
Mary Green,4.502400642700537e-05,<CONV>
"Mary Katherine Wildeman, Anita Snow",4.611377722300801e-05,<CONV>
Mary Kekatos,0.0007840485904514,<CONV>
Mary Kekatos Thu,4.3887653227410696e-05,<CONV>
Mary Louise Kelly,1.2504375910674534e-05,<CONV>
Mary Swain,5.682269104773811e-05,<CONV>
Mary Van Beusekom,0.0003325351189192,<CONV>
Mary Walrath-Holdridge,0.000145892931669,<CONV>
Maryann Muganda,2.5111292667968816e-05,<CONV>
Maryann Pugh,0.0001630770072903,<CONV>
Maryland Leader,0.00042727144822239996,<CONV>
Maryland News Desk,0.0003252470408387,<CONV>
Maryland State News,0.0005563426633528,<CONV>
Maryville Forum,0.00046244896062679996,<CONV>
María Alejandra Trujillo,5.994298313380817e-05,<CONV>
María Nayeli Ortega Villegas,7.542299846654849e-05,<CONV>
Mason City Globe Gazette,0.00014061993077577774,<CONV>
Massachusetts State News.Net,0.0013733788114992,<CONV>
Masslive,0.0013069499084723,<CONV>
Mateo Rosiles,3.3346199390861924e-05,<CONV>
Matt Brown,0.0001426786289999,<CONV>
Matt Danford,3.659868440340095e-05,<CONV>
Matt Levine Newsweek,5.108963992803209e-07,<CONV>
Matt MacKenzie,5.149823455027916e-05,<CONV>
"Matthew Brown, Amy Beth Hanson",1.5144594610127504e-05,<CONV>
"Matthew Brown, Hannah Schoenbaum",0.0005253149088758,<CONV>
Matthew Daly,0.0008182793862367,<CONV>
Matthew Impelli,4.712288257436006e-05,<CONV>
Matthew Impelli Newsweek,0.0001197177684639,<CONV>
Matthew Lynch,3.077596473149364e-05,<CONV>
Matthew Perrone,0.0005400998302689,<CONV>
"Matthew Perrone, Amanda Seitz",3.873525913239528e-05,<CONV>
"Matthew Perrone, Michael Casey",0.0001070856969465,<CONV>
Matthew Rodriguez,2.329522386487475e-05,<CONV>
Matthew T. Hall,3.5208802911032114e-05,<CONV>
Matthew Voigt,3.33997634383866e-05,<CONV>
Mattoon and Charleston Illinois News,6.637066477331458e-05,<CONV>
Matías A. Loewy,9.223391840577074e-05,<CONV>
Maxine Joselow,4.264282803701987e-05,<CONV>
Maya Brownstein,5.656041397614926e-05,<CONV>
Maya Davis,0.0001888275326023,<CONV>
Maya Rodriguez,0.0001138329051528,<CONV>
Mazhar Abbas,0.0001203120784112,<CONV>
Mb News,0.0001292380470989607,<CONV>
McDuffie Progress,0.0004718562285992,<CONV>
McKnight's Long Term Care News,0.0002801068551425,<CONV>
McKnight's Senior Living (Online),0.00041300672328739997,<CONV>
MedPage  Today Staff,7.561575527458265e-05,<CONV>
MedPage Today,0.0009029842578335,<CONV>
Medeea Greere,2.987714467898754e-05,<CONV>
Media Industry Observer,0.0006555057264388,<CONV>
Media World Today,4.027007579160423e-05,<CONV>
Medical Economics,0.00044102313773750003,<CONV>
Medical Industry Today,0.0002589998653751,<CONV>
Medical News Today,0.0009649940826063,<CONV>
Medical Xpress,0.017391828797235,<CONV>
MedicineNet,0.0004485975378218,<CONV>
Medium,0.000531495722509,<CONV>
MedpageToday,0.0009175672360032,<CONV>
Medscape,0.006150856534551,<CONV>
Meg Wingerter,0.00017335411705,<CONV>
Megan Brooks,3.4426182096490724e-05,<CONV>
Megan Harris,3.651934856217731e-05,<CONV>
Megan Janetsky,0.0003497256205482,<CONV>
Megan Loe,9.947749559943364e-05,<CONV>
Megan Molteni,3.174659550998903e-05,<CONV>
Megan Ziegler,0.0002196541178225,<CONV>
Meghan Gonyo,4.039104220659434e-05,<CONV>
Melanie Radzicki McManus,5.8425191358058255e-05,<CONV>
Melba Newsome Kff,2.8101979717499233e-05,<CONV>
Melina Khan,2.5664686335016032e-05,<CONV>
Melissa Busch,1.4277978795913714e-05,<CONV>
Melissa Gomez,3.111527570075535e-05,<CONV>
Melissa Hernandez,3.843575140611971e-05,<CONV>
Melody Schreiber,0.000105033494067,<CONV>
"Melody Schreiber, Md Rafayat Haque Khan",4.4291564112512266e-07,<CONV>
Memoscar Lasuba,1.9303391764021737e-05,<CONV>
Memphissun.com,0.00017244498194075245,<CONV>
Mena Star,0.00017386887767662355,<CONV>
Merced Sun Star,0.0006233264661723,<CONV>
Merck Manuals,0.0006668016672465,<CONV>
Mercury News,0.0012788799634883001,<CONV>
Meredith Howard,3.184313303573454e-05,<CONV>
Messenger-Inquirer,0.0006360204805427999,<CONV>
MessengerNews.net,0.0001306191573671525,<CONV>
Meta Time,0.001676156822509,<CONV>
"Meta Time, Republished By Plato",1.6829600919414304e-05,<CONV>
"Meta Time, Serif-Font",2.696099092697848e-05,<CONV>
Mia Maldonado,3.1815924647887804e-05,<CONV>
Miami Herald,0.00045551787992980004,<CONV>
Miami News Herald,0.0005362932318443,<CONV>
Miamimirror,0.000771624078725,<CONV>
Micah McCartney Newsweek,0.0001009776055164,<CONV>
Michael Bartiromo,0.0005397523497727,<CONV>
Michael Casey,0.0001187886751151,<CONV>
"Michael Casey, Matthew Perrone",8.780082857256876e-05,<CONV>
Michael Dantas,6.731840367765721e-05,<CONV>
Michael Dorgan,5.2362887270068355e-05,<CONV>
Michael Hiltzik,0.0003267024715074,<CONV>
Michael McCardel,1.3490685223290724e-05,<CONV>
Michael Merschel,4.84793004507954e-05,<CONV>
Michael Monostra,1.8016238539584286e-05,<CONV>
Michael Reiner,9.463836341742e-05,<CONV>
"Michael Reiner, Jocelina Joiner",1.4752297173128584e-05,<CONV>
Michael Rios,0.0001028665957426,<CONV>
Michael Roizen,1.030323567420434e-05,<CONV>
"Michael Scaturro, Alia Pharr",3.051775511389057e-05,<CONV>
Michael Schwartz,1.80863183181469e-05,<CONV>
Michael Vyskocil,5.033388052261396e-05,<CONV>
Michael Warren,5.048880275824292e-05,<CONV>
Michaela Ramm,1.4425372216640832e-05,<CONV>
Michel Martin,1.3463680735531444e-05,<CONV>
Michelle Chapman,1.3973915226165455e-05,<CONV>
Michelle Fay Cortez,6.0586563309891495e-05,<CONV>
Michelle Marchante,7.603155597542319e-05,<CONV>
Michelle McGahan,8.597645919648327e-05,<CONV>
Michelle Nichols,1.298003489185997e-06,<CONV>
Michelle R. Smith,0.0003770619348283,<CONV>
"Michelle R. Smith, Laura Ungar",0.0002605893846243,<CONV>
Michigan Public,5.676748476463136e-05,<CONV>
Michigan Sun,0.000382294576844,<CONV>
Mid Hudson News,0.000224321583991,<CONV>
Midfloridanewspapers,0.0001482405376838292,<CONV>
MidlandToday.ca,5.726629976146829e-05,<CONV>
Midlandtoday,5.7458290341432656e-05,<CONV>
Midmichigannow,0.00019506626113199535,<CONV>
Midvale Journal,0.00028771525507859997,<CONV>
Miguel A. Melendez,1.217102494189215e-05,<CONV>
Mihai Andrei,0.0001252246414263,<CONV>
Mike Gauntner,2.170216402520842e-05,<CONV>
Mike Heuer,0.0002317162468732,<CONV>
Mike Heuer Upi Topic,7.595180610957435e-05,<CONV>
Mike Macdonald,0.0002040901936961,<CONV>
Mike Moen,6.821568084387268e-05,<CONV>
Mike Murphy,4.6599075575757294e-05,<CONV>
Mike Snider,0.0004374703013727,<CONV>
Mike Stobbe,0.0060526879694884,<CONV>
"Mike Stobbe, Geoff Mulvihill",0.0002810087927812,<CONV>
"Mike Stobbe, Hannah Schoenbaum",8.376809512470157e-05,<CONV>
"Mike Stobbe, The Associated Press",4.036963816401323e-05,<CONV>
Mike Taylor,1.4849942936406509e-05,<CONV>
"Milan Zygmunt Shutterstock, Taylor O Bier",2.0450600374643073e-05,<CONV>
Miles City Star,0.0002577391615828,<CONV>
"Miles Parks, Avery Keatley",1.4975501055990913e-05,<CONV>
Milford Free Press,0.0002234369637712,<CONV>
Millis Medway News,0.000433102986778,<CONV>
Milton Daily Standard,0.0003738466158778,<CONV>
Mingomessenger,0.0006493268781427,<CONV>
Minka Atkinson,1.672982589885884e-05,<CONV>
Miranda Nazzaro,0.0002344366785129,<CONV>
Miranda Siwak,2.0088572292150063e-06,<CONV>
Miriam E. Tucker,4.039104220659433e-05,<CONV>
Mirna Alsharif,1.3891558721692616e-05,<CONV>
Mississippi Public Broadcasting,5.806008527700018e-05,<CONV>
Missoulian,0.00018087456532183934,<CONV>
Missourinews Online,0.00012702489065401256,<CONV>
Misty Inglet,1.4617131032867967e-05,<CONV>
Mitchell Willetts,2.692736147106289e-05,<CONV>
Miyeilis Flores,6.277823166992204e-05,<CONV>
Mj Kneiser,7.212686108320416e-05,<CONV>
Modern Finance Online,8.525226468478851e-05,<CONV>
Modern Healthcare,2.6870635566620788e-05,<CONV>
Mogaz news en,0.00030877904338440004,<CONV>
Mohamed Sawah,8.303716839497713e-07,<CONV>
Mohammed Abed,9.118135846130196e-06,<CONV>
Molly Farrar,2.7976518230799993e-05,<CONV>
Molly Gamble,1.90414913259659e-05,<CONV>
Molly Sweeney,1.0460705385635004e-05,<CONV>
Momen Zellmi,7.682269730858458e-05,<CONV>
Mondaq,0.0001731834409902,<CONV>
Money Haat,2.6969619139910868e-05,<CONV>
Monica O’Shea,1.9556254575495335e-05,<CONV>
Monika Pronczuk,0.0002828684034045,<CONV>
"Monika Pronczuk, Jean-Yves Kamale",5.301324289615506e-05,<CONV>
Montana Staff,9.27303033507936e-05,<CONV>
Montanarightnow,0.0006431817222983,<CONV>
Monterey Herald,0.00019364862193412677,<CONV>
Montira Rungjirajittranon,3.167167194743516e-05,<CONV>
Montpelier Journal,0.0009126234965182,<CONV>
Montserrat Daily News,0.0003660957776101,<CONV>
Moore County News Press,0.00017403939720887838,<CONV>
Morgan Sweeney,1.6350599294747367e-05,<CONV>
Morganton News Herald,7.001584385570372e-05,<CONV>
Morning Ag Clips,0.00022149069551489998,<CONV>
Morning Dispatcher,0.0004713935157621,<CONV>
Morning Sun,0.0003970947659541,<CONV>
Morningstar,0.0004191138452212,<CONV>
"Morningstar, Inc.",0.0002245125066855,<CONV>
Morocco World News,0.0003575294533524,<CONV>
Moses Sawasawa,4.988081086746913e-05,<CONV>
Mountain View Sentinel,0.0005816750819806,<CONV>
Msn International Edition,0.0081715852324215,<CONV>
Msn Latino America,0.0008116327124121,<CONV>
Muhammad Ansar,0.0007901049095778,<CONV>
Muhammad Jawad,6.432839451449079e-05,<CONV>
Multidisciplinary Digital Publishing Institute,0.0458668249125166,<CONV>
Munir Ahmed,1.3023246656017462e-06,<CONV>
Murray Journal,0.00019399642783507956,<CONV>
Muscatine Journal,3.060374589313032e-05,<CONV>
My Arklamiss,0.00015954411494594481,<CONV>
My Central Jersey,0.00033619905765759996,<CONV>
My Central Oregon,0.00025487194046149996,<CONV>
My Champlain Valley,0.0006537851100386,<CONV>
My Chesco,0.0003741867569591,<CONV>
My Clallam County,0.00015157229171728855,<CONV>
My European News,0.00018654538738624264,<CONV>
My Fox Austin,0.0008412838284255,<CONV>
My Healthcare Reporter,0.0002056657613908,<CONV>
My London,8.048812827464171e-05,<CONV>
My Panhandle,0.0001206321665417243,<CONV>
My Texas Daily,0.0002175961684851,<CONV>
My Twintiers,0.0006496941049222999,<CONV>
My news 4,0.0002144719762448,<CONV>
MyFOX8.com,0.0014213196392722,<CONV>
MyFOXMaine.com,0.00017142877543415983,<CONV>
MyFox Yakima,0.0006188318863345999,<CONV>
MyHighPlains.com,0.0003079442884882,<CONV>
MyLondon,0.000111227715933,<CONV>
MyMotherLode,0.0009724205881126999,<CONV>
MyNewsLa.com,0.0003395195622702,<CONV>
MyStateline.com,0.0011087863948729,<CONV>
MyTexasDaily.com,0.0004607708600081,<CONV>
MyWabashValley.com,0.0005524802362488,<CONV>
Myanmar News,0.0007779035237271,<CONV>
Mykxlg,0.0009117998829692,<CONV>
Mynbc15,0.0004493774286756,<CONV>
MyrtleBeachOnline,0.0016806493495533001,<CONV>
Mélèdje Tresore,1.537860594160299e-05,<CONV>
N TV,0.00029097415744880003,<CONV>
N/A (Associated Press),1.2555646333984408e-05,<CONV>
NATGEO,4.041873706259656e-05,<CONV>
NBC Bay Area,0.0009890615484038,<CONV>
NBC Boston,0.0024405350440034,<CONV>
NBC Chicago,0.0017234963157322998,<CONV>
NBC Connecticut,0.0018389791355759,<CONV>
NBC Dallas-Fort Worth,0.0015157331947353,<CONV>
NBC Los Angeles,0.0018596603837777001,<CONV>
NBC Miami,0.0017237153486173,<CONV>
NBC Montana,0.000678930640115,<CONV>
NBC New York,0.0014300019619561,<CONV>
NBC News,0.0006527047238603198,<CONV>
NBC News(NBCNews),4.1931402956774565e-05,<CONV>
NBC Philadelphia,0.0009512679558658,<CONV>
NBC Right Now,0.0003562966234895,<CONV>
NBC San Diego,0.0021978154752663,<CONV>
NBC5,0.000530242127038,<CONV>
NCBI,0.0123410765342119,<CONV>
NECN,0.0003104548801081,<CONV>
NESN,2.770974693038339e-05,<CONV>
NEWS12BKN,0.0004033081332263,<CONV>
NEWS12BX,0.0003912875665896,<CONV>
NEWS12CT,0.0008735437576332,<CONV>
NEWS12LI,0.0003046006954939,<CONV>
NEWS12NJ,0.0003084085066805,<CONV>
NEWS12WC,0.0003506181212717,<CONV>
NEWS14CLT,0.0008855216649957,<CONV>
NEWS14TRIANGLE,0.0007314981373231,<CONV>
NEWS8,0.000282394906962,<CONV>
NEWS8COM,5.850303939638839e-05,<CONV>
NEWS8COX,2.8496788818523385e-05,<CONV>
NEWSMAXTV,0.0003834963346908,<CONV>
NEWSNET,0.0001286423408544,<CONV>
NEYC,2.2407947014381736e-05,<CONV>
NJN,0.0007889025305275,<CONV>
NPR,8.317573205250382e-06,<CONV>
NPR News,0.0001761548100659,<CONV>
NTD,0.0010986049472162,<CONV>
NWA Home,0.0001342355069577273,<CONV>
NWA online,0.0002181621052878,<CONV>
NY1,0.0021361539079259003,<CONV>
Nada Hassanein,9.374056230950734e-05,<CONV>
Nada Hassanein Stateline,0.0001120130506189,<CONV>
Nada Hassanein Tns,1.6232912171793404e-05,<CONV>
Nairobi Daily News,0.0005030052223803,<CONV>
"Najib Jobain Samy Magdy, Tia Goldenberg",8.272099560737041e-05,<CONV>
"Najib Jobain, Samy Magdy, Tia Goldenberg",5.629400869661237e-05,<CONV>
"Najib Jobain, Tia Goldenberg, Samy Magdy",1.4171715245331744e-05,<CONV>
Nancy Schimelpfening,3.372791632514989e-05,<CONV>
Napa Valley Register,6.216382074781306e-05,<CONV>
Naplesnews,0.0010788468223676,<CONV>
Napoleon Northwest Signal,0.0004180615338792,<CONV>
Nardine Saad,3.042975103049247e-06,<CONV>
Nashoba Valley Voice,0.00030167038965149995,<CONV>
Nasiru Eneji Abdulrasheed,0.0002070643683404,<CONV>
Natalia Gurevich,3.0133551201562584e-05,<CONV>
Natalie Demaree,0.0001272900555517,<CONV>
Natalie Eilbert,6.97791489195244e-05,<CONV>
Natalie Neysa Alund,0.0005246356454365,<CONV>
Natalie Petrovich,6.462566753055093e-05,<CONV>
Natalie Rahhal,4.9901593437231906e-05,<CONV>
Natalie Venegas,3.1622617949788714e-05,<CONV>
Natalie Venegas Newsweek,0.0001504141128605,<CONV>
Natasha Turak,4.555684794091349e-05,<CONV>
Nathan Diller,3.4454834599978536e-05,<CONV>
"Nathan Ellgren, Ashraf Khalil",2.106759242002137e-05,<CONV>
"Nathan Ellgren, Calvin Woodward",0.0001429891990414,<CONV>
Nathan Hart,1.8729068912701893e-05,<CONV>
Nathan Hutsenpiller,1.904177685963118e-05,<CONV>
Nathaniel Weixel,0.0009355027111375,<CONV>
Natick Town News,0.0004114826199157,<CONV>
National News,0.0535047169930868,<CONV>
Nature,0.0022109276913709,<CONV>
Nature Cell Biology,0.0087434678527716,<CONV>
Naveen Athrappully,2.622568987734503e-05,<CONV>
Nbc 39,0.0004984212429794,<CONV>
Nbc26,0.0002719891082551,<CONV>
Nbc4i,0.00047674918644760003,<CONV>
Nbcwashington.com,0.0009673838720351,<CONV>
Ncw Life,0.00032414262950020004,<CONV>
Necn,0.0002203670678304,<CONV>
Negative,0.3534293409690708,<CONV>
Neha Mukherjee,0.000269889189237,<CONV>
Neighbor Newspapers.com,0.0004539284219689,<CONV>
Nell Salzman,3.010012150938298e-05,<CONV>
Neurology Advisor,0.00016159119449354125,<CONV>
Neutral,0.4436142798130189,<CONV>
New Castle News,9.162936093685362e-05,<CONV>
New Jersey 101.5,0.00013661249216564698,<CONV>
New Jersey State News,0.0009827398552946002,<CONV>
New Orleans Sun,0.0007304775571736,<CONV>
New Straits Times,0.0003565587795277,<CONV>
New York,0.0003490623156548,<CONV>
New York Despatch,0.0006532189174939999,<CONV>
New York Folk,0.00046885849668620004,<CONV>
New York Post,0.0021178084724762687,<CONV>
New York State News,0.0012825769021345,<CONV>
New York Times,0.0032333384089906,<CONV>
News & Citizen,0.000444046552658,<CONV>
News 13,0.000472844446616,<CONV>
News 4 Jax,0.0014885616535225,<CONV>
News Blaze,0.00010450186431572777,<CONV>
News Break,0.0519945052137082,<CONV>
News Bulletin 247,0.0007679609130454999,<CONV>
News Channel 9,0.0003280930323189,<CONV>
News Colony,0.00011484692137287165,<CONV>
News Finale,0.00019093780461930924,<CONV>
News Focus On St Perterburg,0.0012879476338966,<CONV>
News From Europe,0.00012182022655134002,<CONV>
News Herald,0.0006896708593316,<CONV>
News In France,0.0001807964880345246,<CONV>
News Medical,0.0013443420572855,<CONV>
News Nation Now,0.0013397717696909,<CONV>
News Net Daily,0.0010552300802201,<CONV>
News On Express,6.145653521297577e-05,<CONV>
News On The Neck,0.0004810182950814,<CONV>
News Pub,0.0003591501730265,<CONV>
News Staff,1.4482575692589152e-05,<CONV>
News Text Area,3.458046247417262e-05,<CONV>
News Topic,9.534088034317503e-05,<CONV>
News Yahoo,0.0034075382886935,<CONV>
News-Medical,0.0018846306361264,<CONV>
News-Press Now,0.00011950004149575212,<CONV>
News-shield,0.00022673231130600002,<CONV>
News.unspoilednews.com,0.000357410567408,<CONV>
News10,0.0013756758711422,<CONV>
News8000,0.0005702472879954,<CONV>
NewsChannel 5.com,0.000984135682783,<CONV>
NewsFix,5.375442263311504e-05,<CONV>
NewsGram,0.000281395573373,<CONV>
NewsNation,6.855494292053996e-05,<CONV>
NewsWatch 12,0.00012005828724598008,<CONV>
Newschannel 20,5.672987350224464e-05,<CONV>
Newsday,0.0005341224567857,<CONV>
Newsource Staff,0.0004476424392481,<CONV>
Newsrnd,0.0003134471341115,<CONV>
Newsweek,0.0031423954978956,<CONV>
Newswire,0.00018089480090033728,<CONV>
Newswire Vie,4.1897685128505594e-05,<CONV>
Newswire Wed,1.0179401256782568e-05,<CONV>
Newswise,0.019457927256978702,<CONV>
Newsy Today,0.0016064556221147,<CONV>
NewsyList,7.051524275758564e-05,<CONV>
Next Sports Web,4.912417756635322e-05,<CONV>
Nicholas Shearman,5.804707461308471e-05,<CONV>
Nick Catoggio,2.4968568072137557e-05,<CONV>
"Nick Coltrain, Seth Klamann",6.040908502835465e-05,<CONV>
Nick Mordowanec,3.8606225441966327e-05,<CONV>
Nick Russo Wjar,0.0001198952829927,<CONV>
Nicole Acevedo,4.944316851053586e-05,<CONV>
Nicole C. Brambila Nico,7.316729645749724e-05,<CONV>
Nicole Fallert,4.28433746686382e-05,<CONV>
Nicole Hayden,1.4785709252271973e-05,<CONV>
Nicole Ireland,3.870566864724649e-05,<CONV>
"Nicole Ireland, The Canadian Press",0.0001018986700595,<CONV>
Nicole Karlis,1.5895177865805217e-05,<CONV>
Nicole Lou,1.897500908953016e-05,<CONV>
Nicole Villalpando,5.04217308051072e-05,<CONV>
Nidal Al-Mughrabi,1.2655134775104547e-06,<CONV>
Nieves Salinas,4.838961341746809e-05,<CONV>
Nigeria Daily Journal,0.00029175992374470003,<CONV>
Nijzel Dotson,7.017615969854135e-05,<CONV>
Nimrah Khatoon,0.0001032410868744,<CONV>
Nina Larson,0.0001983722066593,<CONV>
"Nina Larson, Agnès Pedrero",1.4994067224443564e-05,<CONV>
Nina Tran,9.756538200860022e-06,<CONV>
Nitish Verma,0.0001012690443328,<CONV>
Nj,0.0005601623782079,<CONV>
Noah Feit,9.93194650356507e-05,<CONV>
Noah Weiland,2.6438912099029988e-05,<CONV>
Noelle Phillips,3.3527287493563447e-05,<CONV>
Nola.com,0.00046580408686779996,<CONV>
Nolan McKendry,1.576104376860191e-05,<CONV>
Nonstop Local,0.0001258521097579726,<CONV>
Nora Hart,7.782567157779392e-07,<CONV>
Norfolk Wrentham News,0.0002023605120579,<CONV>
Norfolkne Radio,0.0002146500548681,<CONV>
North Country Public Radio,3.0511737227172897e-05,<CONV>
North Denver News,0.00013603149391607639,<CONV>
North Platte Telegraph,6.565740563667423e-05,<CONV>
Northeast Indiana Public Radio,0.00016129114654411854,<CONV>
Northern KentuckyTribune,0.0015687610581365,<CONV>
Norwood,0.0004421116978709,<CONV>
Npr,0.0001750658351488,<CONV>
Npr Illinois 91.9,0.00018414742025761596,<CONV>
Nurith Aizenman,0.0001750867436811,<CONV>
"Nurith Aizenman, Xavier Vaheed, James Gathany",6.045213306331373e-06,<CONV>
Ny Breaking,0.0002861985979289,<CONV>
Nyah Phengsitthy,8.256885050586655e-05,<CONV>
Nyu Langone,0.0001273015373572,<CONV>
OETA,0.0003488405464549,<CONV>
OI Canadian,0.0005439670963508999,<CONV>
OKC Heart And Soul,0.00011863480019597987,<CONV>
OPB News,0.0007380013025856,<CONV>
OWN,1.8523186644879336e-05,<CONV>
Observatorial,0.0005248607640168999,<CONV>
Oceancitytoday,0.0004038660103235,<CONV>
Odessa American,2.6627668694762005e-05,<CONV>
Ohio Standard,0.0006467890974885,<CONV>
Oklahoma City News,0.0020170559430411003,<CONV>
Oklahoma City Sun,0.000720880522645,<CONV>
Olalekan Adigun,6.162482661388681e-05,<CONV>
Oliver Guirdham,0.0002643607466664,<CONV>
Oliver Thansan,2.72578126276868e-05,<CONV>
Olivia Aldridge,0.0003472178809306,<CONV>
Olivia Kemp,3.453302041636521e-05,<CONV>
Olivia Lloyd,4.4477622268058825e-05,<CONV>
Olivia Rondeau,2.8200861208226716e-05,<CONV>
Olumuyiwa Bamgbade,1.4425372216640832e-05,<CONV>
Omak Okanogan Chronicle,0.0005371048822069,<CONV>
Omar Al-Qattaa,6.418950618325427e-05,<CONV>
Omer Awan,0.0001359005322843,<CONV>
Omotoke Ayomide,1.1091294420520872e-06,<CONV>
Opheli Garcia Lawler,2.2942206015318515e-05,<CONV>
Opinion,0.0008292319241652,<CONV>
Orange County Register,0.006331801848249399,<CONV>
Orange Leader,0.0002845145509749,<CONV>
Oregon Telegraph,0.0009507753489893,<CONV>
Oritro Karim,5.544062335027612e-05,<CONV>
Orlando Sentinel,0.0007115412859851,<CONV>
Oroville Mercury Register,6.281609309862565e-05,<CONV>
"Oscar-Contreras, Óscar Contreras",8.267203578614856e-05,<CONV>
Oskaloosa Herald,9.038248924448746e-05,<CONV>
Our Reporters,1.459673450158293e-06,<CONV>
OurQuadCities.com,0.0003773703365124,<CONV>
Owned Media,0.0424765652800994,<CONV>
Ozarksfirst,0.0005510595261812,<CONV>
PBS News,1.8573637111900143e-05,<CONV>
PCN,3.2332620310957346e-05,<CONV>
PCNC,0.0001232791306812,<CONV>
PLOS,0.0021714573335779,<CONV>
PM 360,0.0011403046424224,<CONV>
PR Newswire,0.00021906248814586345,<CONV>
PRNewswire,0.0002901761400478,<CONV>
PTI,7.023338776203105e-05,<CONV>
Pa home page,0.0019592860913231,<CONV>
Pablo Porciuncula,1.9650700462368948e-05,<CONV>
Pacific Daily News,0.0010608931387195999,<CONV>
Paige Twenter,0.0001246862449002,<CONV>
Paintsvilleherald,0.00046923207509649996,<CONV>
Pam Castro,0.0002703155842675,<CONV>
Pan American Health Organization,0.0036744918625518,<CONV>
Pandora Dewan,0.0003240049811306,<CONV>
Pandora Dewan Newsweek,0.000444557446588,<CONV>
Pantagraph,3.24542616758313e-05,<CONV>
Parasites Vectors,0.0009169719313539,<CONV>
Parish News,0.00019339668763473448,<CONV>
Pasadena Star-News,0.0003613749949758,<CONV>
Pat Rizzuto,7.351780920081239e-05,<CONV>
Patch,0.0004292636344051,<CONV>
Patch AM Team,2.36622050363803e-06,<CONV>
"Patch AM Team,",4.481924707763679e-05,<CONV>
Patpicha Tanakasempipat,4.896910913903525e-05,<CONV>
Patrice Wendling,7.637649567538598e-05,<CONV>
Patricia Battle,3.627166649105006e-07,<CONV>
Patrick Herron,1.1042255664739352e-05,<CONV>
Patrick McCreless,1.593629753791584e-05,<CONV>
Patrick Okamba,8.126739023350068e-05,<CONV>
Patrick Sison,1.0866637298114631e-05,<CONV>
Patrick Smith,2.885074443328166e-05,<CONV>
Patrick Whittle,1.2820682213057016e-05,<CONV>
Patti Zielinski,1.2596183593997848e-05,<CONV>
Paul Dragu,6.972467880584611e-06,<CONV>
Paul Godfrey,2.7879656606609777e-05,<CONV>
Paul Sisson,0.0003465277955107,<CONV>
"Paul Vernon, Justin Boggs",1.5068122851547906e-05,<CONV>
Paula Span,3.417265542222202e-05,<CONV>
"Paulo Murillo, Meta Time",8.895295406891672e-07,<CONV>
Paulo Pacheco,2.019552110329717e-05,<CONV>
Pavni Guharoy,1.690652606648458e-05,<CONV>
Paw Mozter,1.4643311197231608e-05,<CONV>
Payam Doost Mohamadi,7.093872161601507e-05,<CONV>
Pdclarion,0.0003916441816249,<CONV>
Pearl Steinzor,3.3871150527790544e-05,<CONV>
Pediatrics Aap,1.3949536110781492e-05,<CONV>
Penelope Overton,5.449337093349183e-05,<CONV>
Perry Wilson,3.228594771595991e-05,<CONV>
Peter Aitken Newsweek,1.9746731745446117e-05,<CONV>
Peter Gattuso,3.460953499750443e-05,<CONV>
Peter Hutchison,0.0001137502728017,<CONV>
Peter Senzamici,3.280613251566368e-05,<CONV>
"Peter Wehrwein, Managing Editor",3.4355009574041056e-05,<CONV>
Pharmacy Times,0.0018184256060374,<CONV>
Phil Galewitz,8.860434897016439e-05,<CONV>
Phil Galewitz Kff,5.02114568587432e-05,<CONV>
Philadelphia Herald,0.0004365294329423,<CONV>
Philadelphia Inquirer,0.0009784485277009002,<CONV>
Philadelphia News,0.0009171010017627,<CONV>
Philippe Alfroy,1.1346664621306128e-05,<CONV>
Philippinesnewsdigest,0.0002124363725506,<CONV>
Phillip Reese,7.368632460888257e-05,<CONV>
Phl17,0.0008496525852049999,<CONV>
Phys org,0.001363255191397,<CONV>
Physician's Weekly,0.0007537104801049,<CONV>
Physician's Weekly - A trusted source of medical information for healthcare professional.,0.0006912215654152,<CONV>
Physician's Weekly Admin,0.0003012299896396,<CONV>
Picayune Item,0.0003449479154454,<CONV>
Pien Huang,0.0010648801009537,<CONV>
"Pien Huang, Will Stone",0.0002133505556083,<CONV>
Pilar Arias,4.0415766543028886e-05,<CONV>
Pittsburgh News,0.0010440547573387,<CONV>
Pittsburgh Star,0.0008579102533119,<CONV>
Pittsburgh Tribune Review,0.0008027073784877,<CONV>
Pix11,0.0015238566191957,<CONV>
Plain Dealerin,0.0002732138417267,<CONV>
Pleasanton.com,3.17864041040027e-05,<CONV>
Podcast,0.0044025245089778,<CONV>
Politico,0.0004967072717617,<CONV>
Pooja Salhotra,7.24944303422015e-05,<CONV>
Popstar.one,0.00019590093773775538,<CONV>
Port Arthur News,0.000278087898663,<CONV>
Port Lavaca Wave,6.437200888248894e-05,<CONV>
Porterville Recorder,0.00010000626246259263,<CONV>
Portland Press Herald,0.0009298906127800999,<CONV>
Positive,0.2029563792179102,<CONV>
Post Register,0.00013929609207434984,<CONV>
Post Searchlight,0.000380201609566,<CONV>
Post Star,5.879004576474591e-05,<CONV>
Post and Courier,6.559040464744149e-05,<CONV>
Postx News,5.8767434421607704e-05,<CONV>
Pottsmerc,0.0002383267273403,<CONV>
Prairie Public Broadcasting,0.00030442098533989997,<CONV>
Predrag Milic,8.684490827927602e-05,<CONV>
Prentiss Headlight,0.0002146323696695,<CONV>
Presley Bo Tyler,5.048880275824292e-05,<CONV>
Press Democrat,0.0014331575717406,<CONV>
Press Release,0.0012879648563751,<CONV>
Press Trust of India,6.587252594781032e-05,<CONV>
Press and Guide,0.00014552457135565806,<CONV>
Press of Atlantic City,0.0002624240705355,<CONV>
Press-Telegram,0.0002567863386098,<CONV>
PressNewsAgency,0.0028209205010414,<CONV>
Prime Publishers,0.0009473073570353001,<CONV>
Print,0.003759730817761,<CONV>
Priscilla Totiyapungprasert,3.0133551201562584e-05,<CONV>
"Priyanjana Pramanik, MSc.",3.4238818619726104e-05,<CONV>
Psychology Today,0.0010345264163905,<CONV>
Public News Service,0.0007709565863122,<CONV>
Public Radio Tulsa,0.00019556744212472936,<CONV>
Pulmonology Advisor,0.0002931096270213,<CONV>
Punch Newspapers - Latest News,0.0003683754596464,<CONV>
Purdue Exponent,0.0007941184108487,<CONV>
QNA/Doha,7.02542803332008e-05,<CONV>
QNA/Geneva,5.657522283555007e-05,<CONV>
Quad City Times,5.94779563180826e-05,<CONV>
Quadri Adejumo,0.0002337473155563,<CONV>
"Qubad Wali, Joe Stenson",6.005412846528095e-05,<CONV>
Quebec Nouvelles,6.309528781630198e-05,<CONV>
Queen City News,0.0018256546896953,<CONV>
Quepasamedia,3.562192758938745e-05,<CONV>
Quincy Herald Whig,0.0005755150904175001,<CONV>
RADBLOOM,0.000265265870292,<CONV>
RADKABC,0.0004441009739046,<CONV>
RADKBUU,0.0004121344853948,<CONV>
RADKCBS,0.001354564070824,<CONV>
RADKCFR,0.0018807410738262,<CONV>
RADKCFX,7.162033978668132e-05,<CONV>
RADKCMO,0.0002762653908394,<CONV>
RADKCOL,0.0003890992938034,<CONV>
RADKCRW,0.0009874124487533,<CONV>
RADKCSB,0.0003944556520055,<CONV>
RADKCUR,0.0014666881299647,<CONV>
RADKDHT,0.0004875491330835,<CONV>
RADKDKA,0.0002688704543107,<CONV>
RADKDKAFM,5.0294378795911314e-05,<CONV>
RADKDOW,0.0001512179777903,<CONV>
RADKERA,0.001767808215439,<CONV>
RADKERN,0.0005566803324811,<CONV>
RADKEX,0.0002754091997348,<CONV>
RADKEZOFM,2.454152654843008e-05,<CONV>
RADKFABAM,0.0002030431069865,<CONV>
RADKFBK,0.0003648318927416,<CONV>
RADKFDI,2.4510453220934534e-05,<CONV>
RADKFGO,0.0003189346449131,<CONV>
RADKFI,0.0004585736659854,<CONV>
RADKFIG,2.679266577922767e-05,<CONV>
RADKFNN,0.0002489998438235,<CONV>
RADKFNS,1.55556453944204e-05,<CONV>
RADKFOR,0.0001837958126172,<CONV>
RADKFXN,1.9942848606950755e-05,<CONV>
RADKFYI,0.0002366684811053,<CONV>
RADKGEO,0.0002323488315478,<CONV>
RADKGFW,6.768112063553202e-05,<CONV>
RADKGMI,0.0002792563048949,<CONV>
RADKGO,0.000315653353131,<CONV>
RADKGORFM,4.841173375314357e-05,<CONV>
RADKGVO,0.000309538700175,<CONV>
RADKHPR,0.0013658405836797,<CONV>
RADKINK,4.993274872158725e-06,<CONV>
RADKIOC,2.0911765209936706e-05,<CONV>
RADKIOSFM,0.0010183406223708,<CONV>
RADKIRO,0.00020065114583,<CONV>
RADKIROFM,7.996979177497385e-05,<CONV>
RADKJZZ,0.0015835680765492,<CONV>
RADKKCDFM,9.587729220084934e-06,<CONV>
RADKKFT,0.0002451323311521,<CONV>
RADKKMY,2.0380839702376013e-06,<CONV>
RADKLBJ,0.0002661576876238,<CONV>
RADKLIF,0.0003108869322068,<CONV>
RADKLIN,0.0002644662172022,<CONV>
RADKLVI,0.0002594408831019,<CONV>
RADKMBZ,0.0002574693769621,<CONV>
RADKMET,0.000543740451208,<CONV>
RADKMJ,0.0004456253217362,<CONV>
RADKMOX,0.0002710520933089,<CONV>
RADKMUW,0.0016343413905352,<CONV>
RADKNEBAM,0.0002403953222495,<CONV>
RADKNEW,0.000177311922199,<CONV>
RADKNKX,0.0006954547034717,<CONV>
RADKNOW,0.0015166098061073,<CONV>
RADKNPR,0.0018718829053627,<CONV>
RADKNRS,0.0003158722698751,<CONV>
RADKNSI,0.0001685526193079,<CONV>
RADKNSS,0.0003424989252872,<CONV>
RADKNWN,0.0005374353004742,<CONV>
RADKNX,0.0009693450899527,<CONV>
RADKOA,0.0002612658873286,<CONV>
RADKODY,0.0007266211008215,<CONV>
RADKOGO,0.0004745424452898,<CONV>
RADKOH,0.0002600018485438,<CONV>
RADKOPB,0.001721341616465,<CONV>
RADKOZNAM,1.0410475393629671e-05,<CONV>
RADKPAM,0.0004015578405023,<CONV>
RADKPBS,0.0073235716173299,<CONV>
RADKPCC,0.0068819752718347,<CONV>
RADKPLA,6.521943009653952e-05,<CONV>
RADKPOJ,2.7142632607964872e-06,<CONV>
RADKQAM,0.0002276972305523,<CONV>
RADKQED,0.0018365825167632,<CONV>
RADKQKQFM,2.104358713954499e-05,<CONV>
RADKRDO,0.0001802513237918,<CONV>
RADKRLD,0.0001590533141562,<CONV>
RADKRMG,0.0001842227592125,<CONV>
RADKRVNAM,0.0006618085059694,<CONV>
RADKSKA,0.0016464740044775,<CONV>
RADKSL,0.0002206253479157,<CONV>
RADKSRZFM,6.980412411706627e-06,<CONV>
RADKSSK,4.995842524820267e-05,<CONV>
RADKSTX,0.0016299963894302,<CONV>
RADKTAR,0.0002585059005971,<CONV>
RADKTCK,5.336779335811348e-05,<CONV>
RADKTCO,3.186867390207003e-05,<CONV>
RADKTMY,8.987497324182201e-05,<CONV>
RADKTNQ,2.1593930109951824e-05,<CONV>
RADKTRH,0.0001463460087777,<CONV>
RADKTRS,0.0001745400059762,<CONV>
RADKTSA,0.0003532259280046,<CONV>
RADKTXX,1.3219318922716012e-06,<CONV>
RADKUER,0.0025564046161453,<CONV>
RADKUHF,0.0074157184671821,<CONV>
RADKUNR,0.0019638482895439,<CONV>
RADKUOW,0.0017093911205084,<CONV>
RADKUT,0.0016248898440117,<CONV>
RADKWMU,0.0017249316980669,<CONV>
RADKXJZ,0.0016956757693499,<CONV>
RADKXL,0.0004516550882685,<CONV>
RADKXNT,0.000282933473567,<CONV>
RADKYKR,8.788891024920743e-06,<CONV>
RADKYLD,3.16095126248177e-05,<CONV>
RADKYW,0.0005327331970104,<CONV>
RADKZEN,6.111579161609693e-05,<CONV>
RADNPR,0.00170946163543,<CONV>
RADWABC,0.0002923775814965,<CONV>
RADWABE,0.0017895204864753,<CONV>
RADWAJR,0.0001617119607337,<CONV>
RADWAKR,6.976040865478216e-05,<CONV>
RADWAMU,0.0018038039666918,<CONV>
RADWAPI,0.0002319055169877,<CONV>
RADWATD,0.0001795637409772,<CONV>
RADWATR,6.720032180690127e-05,<CONV>
RADWBAL,0.0003485390625687,<CONV>
RADWBAP,0.0001985069579454,<CONV>
RADWBBM,0.0006897149616347,<CONV>
RADWBEN,0.0001875638297485,<CONV>
RADWBEZ,0.0020807561250263,<CONV>
RADWBFO,0.001351369872918,<CONV>
RADWBOK,0.000312122123964,<CONV>
RADWBT,0.0002995434810052,<CONV>
RADWBTK,1.1157400657098004e-06,<CONV>
RADWBUR,0.0019554943010309,<CONV>
RADWBZ,3.09376652505662e-05,<CONV>
RADWBZAM,0.0010211018591241,<CONV>
RADWCBS,0.0006293114286222,<CONV>
RADWCBU,0.0014261158724781,<CONV>
RADWCCO,0.0005006606471363,<CONV>
RADWCMU,0.0018560596466989,<CONV>
RADWCNN,9.480591277672571e-06,<CONV>
RADWCPN,0.0020697096198913,<CONV>
RADWCPT,0.0009896174379644,<CONV>
RADWDBO,0.0001937145337444,<CONV>
RADWDDE,0.0018203101435,<CONV>
RADWDEL,0.0003818498013498,<CONV>
RADWDET,0.0011100202274062,<CONV>
RADWDOKFM,1.9474347407798083e-05,<CONV>
RADWDRC,2.834118651919289e-05,<CONV>
RADWDUZ,2.46607594282992e-05,<CONV>
RADWDVE,1.3907027357681064e-05,<CONV>
RADWEAA,0.0001572887786229,<CONV>
RADWEMU,0.0007871524891186,<CONV>
RADWEPM,0.0001042031232915,<CONV>
RADWESA,0.0021040205272272,<CONV>
RADWFAE,0.0016970717403941,<CONV>
RADWFAN,5.402653790368167e-05,<CONV>
RADWFLA,0.0002932358823519,<CONV>
RADWFMN,0.000331483398788,<CONV>
RADWFTL,0.0001972877976595,<CONV>
RADWFYI,0.0016885260478272,<CONV>
RADWGBH,0.0015271584353119,<CONV>
RADWGCH,0.0008813438942673,<CONV>
RADWGDJ,0.0002505562879441,<CONV>
RADWGKB,8.394502491580366e-05,<CONV>
RADWGLT,0.0017147411017211,<CONV>
RADWGMD,0.000241753275206,<CONV>
RADWGN,0.0009753354149668,<CONV>
RADWGY,0.0003577744990328,<CONV>
RADWHAM,0.0002152992948247,<CONV>
RADWHBL,0.0001764661448206,<CONV>
RADWHIO,0.0001518827185486,<CONV>
RADWHKT,0.0002372054684545,<CONV>
RADWHO,0.0003001721431215,<CONV>
RADWHRV,0.0013576266367852,<CONV>
RADWHTZ,3.475569683830294e-05,<CONV>
RADWHYY,0.0017492297871382,<CONV>
RADWIBA,0.0002270113600516,<CONV>
RADWIBC,0.0003150145625788,<CONV>
RADWIBX,0.0002971445920317,<CONV>
RADWIND,0.0002872330661178,<CONV>
RADWINS,0.0004595676037918,<CONV>
RADWIOD,0.0002814814578909,<CONV>
RADWISN,0.0002063534031322,<CONV>
RADWITFFM,0.0020062024952819,<CONV>
RADWIYY,1.544178740274891e-05,<CONV>
RADWJAS,0.0001897506121744,<CONV>
RADWJCT,0.0017731195942073,<CONV>
RADWJIMFM,8.307473303503728e-05,<CONV>
RADWJOL,4.87592872201e-05,<CONV>
RADWJR,0.0002336362453746,<CONV>
RADWJZ,3.9087263901718505e-05,<CONV>
RADWKBZ,0.000278929143733,<CONV>
RADWKJK,0.0001915239970046,<CONV>
RADWKJS,0.000118006380387,<CONV>
RADWKMS,0.0008769432135532,<CONV>
RADWKXW,0.0001308946958601,<CONV>
RADWLBK,2.3938386397236757e-05,<CONV>
RADWLRN,0.0017531984758955,<CONV>
RADWLS,0.0004046126465763,<CONV>
RADWLW,0.00015026425771,<CONV>
RADWMAB,0.0017089771974926,<CONV>
RADWMALFM,0.0002975694470162,<CONV>
RADWMAY,7.257374093824548e-05,<CONV>
RADWMFE,0.0017925956200609,<CONV>
RADWMMR,2.359921392345719e-05,<CONV>
RADWNEW,4.760330137438905e-05,<CONV>
RADWNFL,1.3658953574514708e-05,<CONV>
RADWNIS,0.0002275391786878,<CONV>
RADWNPR,0.0017242691619323,<CONV>
RADWNYC,0.001623208572289,<CONV>
RADWOAI,0.0002348914554531,<CONV>
RADWOKI,3.737303032365965e-05,<CONV>
RADWOKV,0.0002171576985938,<CONV>
RADWOLB,0.0001554821135842,<CONV>
RADWOR2,0.0002596761336457,<CONV>
RADWPLN,0.0014562302901421,<CONV>
RADWPTF,0.0004557269564552,<CONV>
RADWRAS,0.0003763531607665,<CONV>
RADWRCA,0.0003137034440775,<CONV>
RADWRKO,0.0002890099398023,<CONV>
RADWROC,1.3497569146465776e-05,<CONV>
RADWSAI,1.497105675418922e-06,<CONV>
RADWSB,0.0002099259009996,<CONV>
RADWSBA,0.0002591517142559,<CONV>
RADWSCIHD2,0.0005333742122496,<CONV>
RADWSCR,3.1737394315644065e-05,<CONV>
RADWSHU,0.0005998685018805,<CONV>
RADWSJS,7.864980818357863e-05,<CONV>
RADWSYR,0.0002087973331328,<CONV>
RADWTAG,0.0002105596027729,<CONV>
RADWTAM,0.0002627188284641,<CONV>
RADWTAQ,0.0002571917918377,<CONV>
RADWTAX,0.0002927253845575,<CONV>
RADWTIC,0.0002905026576369,<CONV>
RADWTKG,0.0003908185468465,<CONV>
RADWTKS,5.24469273223237e-05,<CONV>
RADWTMJ,0.0001722920500539,<CONV>
RADWTOP,0.0005301731562833,<CONV>
RADWTOP2,0.0005986770915458,<CONV>
RADWTVN,0.0004249251271612,<CONV>
RADWUIS,0.0014214569796105,<CONV>
RADWUKY,0.0005868777749242,<CONV>
RADWUNC,0.0018145898346278,<CONV>
RADWUOM,0.0020527269509364,<CONV>
RADWURN,2.7517804943581876e-05,<CONV>
RADWUSF,0.0016743639858019,<CONV>
RADWUTQ,0.0001750918140047,<CONV>
RADWUWM,0.0017224333750179,<CONV>
RADWVAZ,6.353501376475556e-05,<CONV>
RADWVON,0.0010092225279805,<CONV>
RADWVPR,0.0018046909321788,<CONV>
RADWVXU,0.007109277550331,<CONV>
RADWWIN,6.894021128846666e-05,<CONV>
RADWWJ,0.0007166586333061,<CONV>
RADWWL,8.806608489331592e-05,<CONV>
RADWWNO,0.0017586565047543,<CONV>
RADWWRL,0.0023471125158488,<CONV>
RADWWTN,0.0003547390532258,<CONV>
RADWWZN,1.1114332042608556e-05,<CONV>
RADWXDE,0.0004045755122979,<CONV>
RADWXDX,0.0002057799172061,<CONV>
RADWYPR,0.0015156177339592,<CONV>
RADWZAK,0.0016777754634523,<CONV>
RADWZGC,1.6574304639122306e-05,<CONV>
ROCHESTERFIRST,0.0012948930955081,<CONV>
ROOTNW,1.4238118664370112e-05,<CONV>
ROSÁRIO NEWS,1.2570745775776017e-05,<CONV>
Rachael  Robertson,1.5654384490546246e-05,<CONV>
Rachael O Connor Newsweek,2.9265356575729025e-05,<CONV>
Rachael Oatman,5.4778556518131894e-05,<CONV>
Rachana Pradhan,9.809377185846158e-05,<CONV>
Rachel Dobkin Newsweek,3.0578521824531256e-05,<CONV>
Rachel Estrada,4.775995427184551e-05,<CONV>
Rachel Frazin,6.508229563888002e-05,<CONV>
Rachel Harrison,1.9876060196530836e-05,<CONV>
Rachel Spacek,3.4613201407537636e-05,<CONV>
Rachel Treisman,0.0001718597113727,<CONV>
Radio,0.2063715288311546,<CONV>
Rafia Tasleem,0.0002389808543523,<CONV>
Rajan Saha,3.228594771595991e-05,<CONV>
Raleigh NewsObserver,0.0015346432572905001,<CONV>
Raleigh Times,0.0008216620176137,<CONV>
Rama On Healthcare,0.0009358670963808,<CONV>
Ramadan Abed,1.3608480600600043e-05,<CONV>
Ramkaran Mishra,1.1580859934173006e-06,<CONV>
Ramtin Arablouei,1.5102271257088662e-05,<CONV>
Rana Adam,4.911858360051908e-05,<CONV>
Randi Richardson,6.796022065689898e-05,<CONV>
Raquel Martin,7.639089118357788e-05,<CONV>
Raquel Villatoro,1.5905828051453212e-05,<CONV>
Ratih,8.992639793557356e-07,<CONV>
Ravalli Republic,0.00018434580499879645,<CONV>
Ray Lewis,8.605177201948645e-05,<CONV>
Reach Md,0.0008171666486835,<CONV>
Real Health,0.0003153351908649,<CONV>
Rebecca Boone,0.0004249882318221,<CONV>
Rebecca Grapevine Healthbeat,1.3720585407569892e-05,<CONV>
Record,0.0002869159835933,<CONV>
Record-Eagle,0.00015563120213786438,<CONV>
Recordnet,0.00031997193101450004,<CONV>
Red Shift Daily,8.00991190532821e-05,<CONV>
Reda Wigle,5.242926827400848e-05,<CONV>
Redacción,1.186328432909137e-06,<CONV>
Redacción Mh,7.666537905739313e-06,<CONV>
Redakcja Strefy Biznesu,9.018170304207095e-05,<CONV>
Redazione2,2.0942192914232475e-06,<CONV>
Redação,1.1646684667136594e-06,<CONV>
Redlands Daily Facts,0.00023381840630209999,<CONV>
Regional News,0.4393596198146274,<CONV>
ReliefWeb,0.033287253192626404,<CONV>
Remon Buul,0.0004019434412394,<CONV>
Reno Public Radio,0.0003108765836633,<CONV>
Renée Onque,0.000293474188988,<CONV>
Report & Analysis,8.887360398631145e-05,<CONV>
Reporter Herald,0.00030002789109539996,<CONV>
Reporter Pass,0.00016968549354741083,<CONV>
Reportwire,0.0002571477056691,<CONV>
Republican & Herald,0.00014813631437741773,<CONV>
Reshad Hudson,2.3744793700122764e-05,<CONV>
Reuben Jones,5.45405778411911e-05,<CONV>
Reuters,9.650626581789082e-05,<CONV>
Rgj.com,0.0021061184997588,<CONV>
Rheumatology Advisor,0.00021158464645600002,<CONV>
Rhitu Chatterjee,5.095216090889839e-05,<CONV>
Rhodeislandchronicle,0.00013326496767513432,<CONV>
Riaz Khan,9.367798297575988e-05,<CONV>
Richard Bammer,2.019552110329717e-05,<CONV>
Richard Craver,2.838472043947184e-05,<CONV>
Richard Craver Winston-Salem,1.6076533162073003e-05,<CONV>
Richard Halstead,1.7307929943125183e-05,<CONV>
Richard M. Sullivan,0.0001604611924089,<CONV>
Richard Payerchin,8.078663431547772e-05,<CONV>
Richmond,0.0002621562755839,<CONV>
Richmond Evening News,0.0005649206779091999,<CONV>
Richmond News,0.0005909749553496,<CONV>
Richmond Review,0.000582927389554,<CONV>
Rick Barrett,4.7269095057732584e-05,<CONV>
Rick Sobey,0.0001224456451493,<CONV>
Riley Griffin,7.24440218043957e-05,<CONV>
"Riley Griffin, Jessica Nix",3.530213170780081e-05,<CONV>
Rimteta Ngarndinon,2.447214427453275e-05,<CONV>
Risdel Kasasira,8.41637963541321e-06,<CONV>
River Bender,0.00017697725111906316,<CONV>
Riverside Press-Enterprise,0.0002371873652812,<CONV>
Riverton Journal,0.0002964396339716,<CONV>
Rizwan Shah,0.0001288125412754,<CONV>
Roanoke Chowan News Herald,0.00042792358756370003,<CONV>
Roanoke Daily Herald,0.0003661483259149,<CONV>
Rob Stein,5.7168635219208585e-05,<CONV>
Rob Wile,1.6156416882637734e-05,<CONV>
Robbie Sequeira,2.8985427354893767e-05,<CONV>
Robert Barrie,4.857960180993371e-05,<CONV>
Robert Besser,0.0001332997964911,<CONV>
Robert Bosworth,3.029328165494575e-05,<CONV>
Robert Lee,1.3951259582250242e-05,<CONV>
Robert Malone,1.5700938977209343e-05,<CONV>
Robert W. Frenck,4.892708808919341e-05,<CONV>
Robin Abcarian,0.0001207859330548,<CONV>
Robin Bradshaw,9.124052670810188e-05,<CONV>
Robin Foster,0.0007441989039764,<CONV>
Robin MILLARD,3.665420302704456e-05,<CONV>
Robin Millard,0.0020990923479156,<CONV>
Rochester Democrat and Chronicle,0.0005509003515909001,<CONV>
Rochester Sentinel,0.000494874250714,<CONV>
Rocket City Now,0.00018493471205921881,<CONV>
Rocket News,0.00014871965760536205,<CONV>
Rodielon Putol,0.0001109621882174,<CONV>
Rodney E. Rohde,2.381165191257275e-05,<CONV>
Rodney Muhumuza,0.000681942667872,<CONV>
"Rodney Muhumuza, Gaspard Maheburwa",1.3594686814218288e-05,<CONV>
Roger Castorena Menchaca,1.676292999402026e-05,<CONV>
RollingOut,0.0012743094798205001,<CONV>
Ron Goldberg,3.043122875761592e-05,<CONV>
Ron Southwick,1.1647611932437375e-05,<CONV>
Ron Unz,8.078208441318867e-06,<CONV>
Rong-Gong Lin II,6.259387393296583e-05,<CONV>
Ronn Alex,3.2645311243816625e-05,<CONV>
Ronnie Cohen,5.27379030247895e-05,<CONV>
Ronny Reyes,9.44230442824009e-05,<CONV>
Rory O’Neill,5.385472294212578e-05,<CONV>
Rosa Rahimi,2.163805832496125e-05,<CONV>
Rose Lundy,1.5744898596793397e-05,<CONV>
Roseann Cattani,1.9022442141237697e-05,<CONV>
Ross Kohan,0.0001077735064846,<CONV>
Ross Law,3.600446481390629e-05,<CONV>
Rossen Bossev,2.0154337334093407e-07,<CONV>
Roy Graber,3.2546996682171036e-05,<CONV>
Roze Martins,1.7648258130951487e-05,<CONV>
Rudmer Zwerver Shutterstock,5.513835690060929e-05,<CONV>
Rumor Mill,2.937267751756199e-05,<CONV>
Ruth Alonga,0.0003865876363809,<CONV>
"Ruth Alonga, Chinedu Asadu",7.260483406466533e-05,<CONV>
"Ruth Alonga, Maria Cheng",8.107825830125935e-05,<CONV>
"Ruth Alonga, Sam Metz",3.352380764170119e-05,<CONV>
Rutlandherald,0.0003350968808347,<CONV>
Ruvic Reuters,2.42346253239566e-05,<CONV>
Ryan Ballogg,0.0001360433108933,<CONV>
Ryan Belmore,3.542753720318219e-05,<CONV>
Ryan Chatelain,2.3722843022195116e-05,<CONV>
Ryan Faughnder,3.211203978894281e-05,<CONV>
Ryan Hanrahan,1.8680191046305543e-05,<CONV>
Ryan Hudgins,3.295237946502874e-05,<CONV>
Ryan Mancini,0.0001395366707173,<CONV>
Ryan McCarthy,3.430496065991716e-05,<CONV>
Ryan Minnaugh,2.8341732056099545e-05,<CONV>
Ryner Lai,1.474276809693297e-05,<CONV>
SARAH HANEY,2.965798806438625e-05,<CONV>
SCVnews.com,0.0004804555620631,<CONV>
SENTIMENT_SCORE_Q1,0.1873444364855629,<CONV>
SENTIMENT_SCORE_Q2,0.1783773310438595,<CONV>
SENTIMENT_SCORE_Q3,0.1701252738090312,<CONV>
SENTIMENT_SCORE_Q4,0.305633755557547,<CONV>
SENTIMENT_SCORE_Q5,0.1585192031039991,<CONV>
SF Weekly,0.00016454985785954664,<CONV>
SGV Tribune,0.0004687583945138,<CONV>
SILive.com,0.00045056801790760003,<CONV>
SMB World Report,0.0021359909553979,<CONV>
SNLA,5.9531456697865374e-05,<CONV>
SPECNEWS1,0.0010582132747894,<CONV>
SPECNEWS1GRB,0.0011577140216981,<CONV>
SPECNEWS1KY,0.0009762205420407,<CONV>
SPECNEWS1MKE,0.0008383895634381,<CONV>
SPECNEWS1SPE1,0.000133760485859,<CONV>
SPECNEWS1SPE2,0.0001403155687921,<CONV>
SPECNEWSCMH,0.0007725859382471,<CONV>
SPECNEWSSAT,0.0008211893723373,<CONV>
SPECNEWSTRIAD,0.0007362392884288,<CONV>
SRN News,0.0010437141835372,<CONV>
STLtoday.com,8.051705787588559e-05,<CONV>
STO,3.0919047230468275e-05,<CONV>
SXM Talks,0.00014028151119703533,<CONV>
Saad B. Omer,0.0001157249202105,<CONV>
Saboor Bayat,0.0001195606088845,<CONV>
Sacramento Bee,2.880763188844396e-05,<CONV>
Sacramento News,0.0013313586556561998,<CONV>
Sacramento Sun,0.0011071703040477,<CONV>
"Sadie Harley, Robert Egan",0.0001211731266197,<CONV>
Safak Costu,7.24845749469532e-05,<CONV>
Sage Journals,0.00028907695066500004,<CONV>
Sage Scott,0.0001349808653192,<CONV>
Sains Kini,3.0794542998403454e-05,<CONV>
Sakchi Khandelwal,8.710269824596081e-05,<CONV>
Saleen Martin,0.0002335947115265,<CONV>
Salem Statesman,4.79844018049878e-05,<CONV>
Salif D. Cheickna,4.1969933880134205e-05,<CONV>
Salisbury Post,0.0002671968915516,<CONV>
Salma Ouaguira,3.276841170584759e-05,<CONV>
Salman Akhtar,0.0001043973507134,<CONV>
Salman Khan,2.5625518910705596e-05,<CONV>
Salon,9.72265323058908e-05,<CONV>
Salvador Rivera,0.0002172517223216,<CONV>
Sam Cavanaugh,5.8543485906410674e-05,<CONV>
Sam Drysdale,1.4150168638764137e-05,<CONV>
Sam Mednick,0.0001659569206282,<CONV>
"Sam Mednick, Russ Bynum",1.2683377198671298e-05,<CONV>
Sam Meredith,0.0001120965273356,<CONV>
"Sam Metz, Ruth Alonga",6.983943792991987e-05,<CONV>
"Sam Metz, Samy Magdy, Julia Frankel",4.064656160253103e-05,<CONV>
Sam Silverstein,6.646390466161237e-06,<CONV>
Sam Tupper,0.0001686500250418,<CONV>
Samantha Gilstrap,7.533387800390646e-05,<CONV>
Samantha Jarpe,9.406169233500762e-05,<CONV>
Samantha Wildow,0.0001275584470037,<CONV>
"Sammy Caiola, Wusf By Stephanie Colombini",1.160683751520903e-05,<CONV>
Sammy Edwards,1.6196207946489233e-05,<CONV>
Samuel Petrequin,4.28332134934904e-05,<CONV>
Samy Magdy,0.0005681547925661,<CONV>
"Samy Magdy, Jack Jeffery, Wafaa Shurafa",1.5185618297543083e-06,<CONV>
"Samy Magdy, Sam Metz, Julia Frankel",1.653213145864297e-05,<CONV>
"Samy Magdy, Wafaa Shurafa, Jack Jeffery",2.9583238279417544e-06,<CONV>
San Bernardino County Sun,0.0003946680619297,<CONV>
San Diego Sun,0.0007746569294715001,<CONV>
San Diego Union Tribune,0.0016706402508442,<CONV>
San Francisco News,0.0014002102271275,<CONV>
San Jose News,0.0006275684908494,<CONV>
San Luis Obispo Tribune,0.0037362501494841,<CONV>
San Mateo Daily Journal,3.0876345006068575e-05,<CONV>
Sana Aljobory,0.0001282979988164,<CONV>
Sandee Lamotte,0.0003270921617578,<CONV>
SandhillsExpress.com,0.00011324465365559031,<CONV>
"Sandhya Raman, Jessie Hellmann Tns",7.714994680700052e-05,<CONV>
Sandra Sanchez,1.6335735004476795e-05,<CONV>
Sandy Journal,0.0001342348219381167,<CONV>
Sandy West,1.8563984888538764e-05,<CONV>
Sanjana Dubey,4.314442397930525e-05,<CONV>
Sanjana Gajbhiye,0.0001729727167668,<CONV>
Santa Barbara Independent,0.0002744143349408,<CONV>
Santa Cruz Sentinel,0.00028884768468830004,<CONV>
Santa Fe New Mexican,0.0002241384425572,<CONV>
Santa Maria Times,0.00022224852781079998,<CONV>
Sara Chernikoff,4.119580054634649e-05,<CONV>
Sara Heath,1.353216616700771e-05,<CONV>
Sara Moniuszko,0.0001102650755538,<CONV>
Sara Zouiten,4.262391711080406e-05,<CONV>
Sarah Arnold,9.839347210943548e-05,<CONV>
Sarah Bahari,2.304441398164023e-05,<CONV>
Sarah Bobrow-Williams,9.344536944498244e-06,<CONV>
Sarah Boden,0.000319466818379,<CONV>
Sarah Carter,2.4847744379420548e-05,<CONV>
Sarah Fortinsky,0.0001251493414325,<CONV>
Sarah Johnson,6.026710240312517e-05,<CONV>
Sarah Kwon,3.243985991926263e-05,<CONV>
Sarah Ladd,3.172408766639823e-05,<CONV>
Sarah Lehr,1.0406362394218126e-05,<CONV>
Sarah McCann,1.2629391625929786e-05,<CONV>
Sarah Moore,0.0001130438426903,<CONV>
Sarah Rumpf-Whitten,4.84692506479132e-05,<CONV>
Sarah Tate,0.0001538341296267,<CONV>
Saratogian,0.00014273642915919274,<CONV>
Satviki Sanjay,5.514888498756723e-05,<CONV>
Saul Elbein,4.611621145813456e-05,<CONV>
Sci-Tech News Network,0.00015412359989204775,<CONV>
SciTech Daily,0.0006459296191844,<CONV>
Science,0.00020878843858830002,<CONV>
Science Press Nigeria,0.0002753627649027,<CONV>
Science Times,0.00030421392392149997,<CONV>
Science X,0.0001090857962443,<CONV>
ScienceDaily,0.0009442752294288,<CONV>
Scientific American,0.0007114144228264,<CONV>
Scoop News,4.512947418291297e-05,<CONV>
Scott Applewhite,7.439803548426336e-06,<CONV>
Scott Couch,3.543325129000982e-07,<CONV>
Scott D. Yost,9.73452701025452e-06,<CONV>
"Scott Detrow, John Ketchum, Noah Caldwell",1.363144339537473e-05,<CONV>
Scott Fallon,9.964833435543858e-05,<CONV>
Scott Neuman,1.3619479075649835e-05,<CONV>
Scripps News,0.0010394251388211998,<CONV>
Sean Murphy,0.0002220976396062,<CONV>
Search and News,0.00010794222202990919,<CONV>
Seattle News,0.0008503328684675,<CONV>
Seattle Times,0.0006221886060255,<CONV>
Selena Simmons-Duffin,3.039255031476712e-05,<CONV>
Selma Sun,0.000539764228985,<CONV>
Sentinel Source,0.00012098722936061138,<CONV>
Sentinel and Enterprise,0.0007089351052846,<CONV>
Seth Borenstein,0.0004027267568479,<CONV>
"Seth Borenstein, Mary Katherine Wildeman, Anita Snow",6.971640045043583e-05,<CONV>
"Seth Borenstein, Sibi Arasu",1.0199318068439535e-05,<CONV>
Seth Jacobson,4.714854573891188e-05,<CONV>
Shafiqul Alam,1.4591594058992133e-05,<CONV>
Shailesh Kuber,4.406295513446654e-05,<CONV>
Shalina Chatlani,0.0001874441743061,<CONV>
Shamim Chowdhury,3.167173287176041e-05,<CONV>
Shamim Chowdhury Newsweek,5.321474782200887e-05,<CONV>
Shannon Bond,0.0001810129511974,<CONV>
Shannon Firth,5.077979177318354e-05,<CONV>
Shanteya Hudson,3.207214722559931e-05,<CONV>
Sharon Udasin,0.0004943919785878,<CONV>
Shaun Tandon,0.0001528900438058,<CONV>
Shaw Med Iaillinois,2.79534024182597e-05,<CONV>
Shawn M. Carter,3.412823768138481e-07,<CONV>
Sheezan Naseer,8.683742911033164e-05,<CONV>
Sheikh Sabiha Alam,3.7798784632643e-05,<CONV>
Sheila Jacobs,1.7269041470733674e-05,<CONV>
Shelby County Reporter,0.0004442758565748,<CONV>
Shelby Stivale,1.6681131820764186e-05,<CONV>
"Sheldon H. Jacobson, Janet A. Jokela",2.9829644299780115e-05,<CONV>
Sheldon Ingram,1.8379452300203097e-05,<CONV>
Sheree H. Keitt,6.689278591348243e-05,<CONV>
Shereen Siewert,2.577846261691711e-05,<CONV>
Sheri Walsh,0.0001789472294671,<CONV>
Sheri-Kae McLeod,3.029328165494575e-05,<CONV>
Sheryl Gay Stolberg,8.03043766986162e-05,<CONV>
Shirleen Guerra,1.0669501027166408e-05,<CONV>
Shiv Sudhakar,5.422744904666263e-05,<CONV>
Shivani Chauhan,4.576683155467705e-05,<CONV>
Shonal Ganguly,3.0133551201562584e-05,<CONV>
Shrabasti Bhattacharya,5.219539676020824e-05,<CONV>
Sibi Arasu,0.0001211514493469,<CONV>
"Sibi Arasu, Seth Borenstein",8.55295133358086e-05,<CONV>
Simar Bajaj,7.789148244266811e-05,<CONV>
Simon Druker,2.538400427622785e-05,<CONV>
Simon Kent,9.416734750488309e-06,<CONV>
Simone McCarthy,4.4110685520487445e-05,<CONV>
Sin Fuero,2.5217784920341715e-05,<CONV>
Sinovision,8.492253742347963e-05,<CONV>
Sioux City Journal,5.134384511856985e-05,<CONV>
Sioux Land Proud,0.0005588341747054,<CONV>
SlideShare,0.0033356211957185997,<CONV>
Small Business News Watch,0.0011202660815548,<CONV>
Small Business World Magazine,0.0002427112680045,<CONV>
Smart's Business Wire,5.672747637388475e-05,<CONV>
Smb In Action,0.0002990856844379,<CONV>
Smith Field Times,0.0004182688403143,<CONV>
Soccerout,0.0005834242392343,<CONV>
Social,0.1000461442555065,<CONV>
Social Comments,0.027318631247415,<CONV>
Socialnews.xyz,0.0003663520572563,<CONV>
Sofia Schwarzwalder,5.84828486958063e-05,<CONV>
Sofia Vasquez,3.495420727997019e-05,<CONV>
Somudranil Sarkar,2.371642642525891e-05,<CONV>
Sonia Avalos,0.0003861836105518,<CONV>
"Sonia Avalos, Clare Byrne",0.0001070678985128,<CONV>
Sonya Goins,1.8090372962528792e-05,<CONV>
Soo Kim Newsweek,1.8364064738088143e-05,<CONV>
Sophi Fairman,0.0001244309878346,<CONV>
Sophia Abene,8.089329398291784e-05,<CONV>
Sophie Austin,1.543955585672031e-05,<CONV>
Soualiga Newsday,0.000351336539905,<CONV>
South America News.net,0.0007621718231977999,<CONV>
South Carolina News,0.0012682072891126,<CONV>
South Dakota State News.Net,0.0007494164418481,<CONV>
South Jordan Journal,8.05394720199708e-05,<CONV>
South Salt Lake Journal,0.0002189400530464,<CONV>
South Sudan Culture Watch,0.00014837071844431428,<CONV>
South Sudan Daily Post,0.00019572586298610264,<CONV>
Southeast Missourian,0.00017646162920528273,<CONV>
SoutheastAsiaNews.Net,0.0007352225368265,<CONV>
Southfloridahospitalnews.com,0.0002080872196741,<CONV>
Southwest Daily News,0.0006318714529786999,<CONV>
Spectrum News,0.004474159014589,<CONV>
Spectrum News 1 LA East,0.0014561566897624,<CONV>
Spencer McKee,9.16525194247259e-05,<CONV>
Spencer Platt,1.5511701085545166e-05,<CONV>
Sports,0.0001334579460945907,<CONV>
Sports.asialogue,0.00040137603689519995,<CONV>
Spot On Colorado,0.0004926750007507,<CONV>
Spot on Florida,0.0003673969932776,<CONV>
Srishty Mishra,7.719455346412268e-05,<CONV>
St Louis News.Net,0.0014116308219249002,<CONV>
St. Louis Today,8.061528654301746e-05,<CONV>
St. Marys Daily Press,0.0016878275739647,<CONV>
St.Louis Public Radio,0.00010116578068266712,<CONV>
Stacey Leasca,7.711218539502061e-05,<CONV>
Stacey Ritzen,6.61275845969428e-05,<CONV>
Stacy M. Brown,1.5991913196480938e-05,<CONV>
"Stacy Wimmer, Tisha Powell",0.0001419172062136,<CONV>
Staff,1.707992500617043e-05,<CONV>
Staff Reports,1.6160340090324224e-05,<CONV>
Staff Writer,1.2879458536271476e-05,<CONV>
Standard Speaker,0.0005035750883219999,<CONV>
Stanley Dunlap,1.846760164114687e-05,<CONV>
Stanley Gajete,6.259247437194902e-05,<CONV>
Stanley Uhegbu,3.555880904963871e-05,<CONV>
Star Beacon,0.00012820364981996232,<CONV>
Star Staff,5.120319338854557e-05,<CONV>
Star Tribune,0.00010015126116068334,<CONV>
Star-Telegram,0.0046966429306065,<CONV>
StarTribune.com,9.489817341071856e-05,<CONV>
Stargazers Archive,2.9912990256274198e-05,<CONV>
Starkville Daily News,0.0011987742104301998,<CONV>
Stars and Stripes,0.0005180990808727,<CONV>
Starvedrock,0.00044124859666879997,<CONV>
Stat,0.0019186734707666,<CONV>
State of the Union News,0.00047745374033919996,<CONV>
Statesville Record & Landmark,0.0001089844218387216,<CONV>
Steemit,0.0009825129924681,<CONV>
Steph Whiteside,6.945779360846308e-05,<CONV>
Stephanie Armour,1.8235099351010543e-05,<CONV>
Stephanie Brown,4.8417090746694394e-05,<CONV>
Stephanie Innes,5.0371176292487366e-05,<CONV>
Stephanie Nolen,4.737638647315277e-05,<CONV>
Stephanie Soucheray,0.0003566197734729,<CONV>
Stephanie Weaver,0.000350262643111,<CONV>
Stephanie Whiteside,0.0001375477098625,<CONV>
"Stephany Matat, Kate Payne",5.3564588051029994e-05,<CONV>
Stephen Beech,0.0001152462762564,<CONV>
"Stephen Groves, Amanda Seitz",0.0001602836970141,<CONV>
Stephen Mihm,7.737077439598141e-05,<CONV>
Stephen Simpson,1.0116475111253363e-05,<CONV>
Sterling Journal-Advocate,1.5707741848145035e-05,<CONV>
Steve Benen,3.741031285186854e-05,<CONV>
Steve Inskeep,4.254079752777723e-07,<CONV>
Steve Karnowski,0.0001678669933495,<CONV>
Steve Leblanc,0.0001163721100626,<CONV>
Steve Lopez,5.609866973138102e-05,<CONV>
Steve Pastis,2.870422145223844e-05,<CONV>
Steve Wilson,1.380929470653993e-05,<CONV>
Stillwater Radio,0.00047484540240920004,<CONV>
Stock Titan,0.0003602259164059,<CONV>
Stonecountyenterprise,0.0002538256971741,<CONV>
Straight Arrow News,0.0002301969867924,<CONV>
Street Insider,0.0095347120153685,<CONV>
Stuart White,2.103198081704463e-05,<CONV>
Study Finds,0.0007118716161475999,<CONV>
Submitted News,1.5066775600781292e-05,<CONV>
SubscribeSubscribe,5.507175244006455e-05,<CONV>
Sudbury.com,7.764824976789976e-05,<CONV>
Suffolk News Herald,0.0003402646375505,<CONV>
Sun Gazette,8.956433889116227e-05,<CONV>
Sun Sentinel,0.0003887961382396,<CONV>
Sunherald,0.0008359427713342,<CONV>
Sunherald.Com,0.00018009746165333678,<CONV>
Sunita Sohrabji,1.3423549450067394e-05,<CONV>
Sunnyside,0.0003960783497172,<CONV>
SuperHits 103.7,0.0001644002454066763,<CONV>
Susan Baek,5.51383569006093e-05,<CONV>
Susan Berry,5.825161770591341e-05,<CONV>
Susan Carpenter,8.779371573389921e-05,<CONV>
Susan Kreimer,8.572822546274506e-05,<CONV>
"Susan Scutti, Katie Hunt",3.884395395895441e-05,<CONV>
Susan Tebben,5.301325302554544e-05,<CONV>
Susanna Vogel,3.210957231625028e-05,<CONV>
Susanne Rust,0.0006461599037712,<CONV>
Suyog Dhungel,1.670514956736646e-05,<CONV>
Suzanne Burdick,1.895307375005138e-05,<CONV>
Suzy Khimm,0.0001436099795021,<CONV>
Swapna Venugopal Ramaswamy,2.239505215546548e-05,<CONV>
Swva Today,0.0001064628450412215,<CONV>
Sylvia Hui,0.0001760708021531,<CONV>
Süddeutsche Zeitung,3.2185471346654675e-06,<CONV>
T Span,0.00012611056945107055,<CONV>
TBS,7.5641419910175e-05,<CONV>
TDS,0.0001841167278505588,<CONV>
TE Bilisim,1.128625712526528e-05,<CONV>
TIME,8.70514491552107e-05,<CONV>
TMCnet,0.0002191434582706,<CONV>
TNT,0.0002318261056962,<CONV>
TRAVEL,4.9712052224543315e-05,<CONV>
TTown Media,0.0009887136070013,<CONV>
TV,0.4712778563239064,<CONV>
TWC,3.5847676046647046e-05,<CONV>
TWCNBUF,0.0009328069039374,<CONV>
TWCNSOUTH,0.000771938206909,<CONV>
Taegan Goddard,4.113858736501557e-05,<CONV>
Taiwo Adebayo,2.7336827494799595e-05,<CONV>
Talk 99.5,3.2294951106727406e-05,<CONV>
Talker News,1.795199672161653e-05,<CONV>
Tallahassee News,0.0002801779685325,<CONV>
Tallassee Tribune,0.0002300513616384,<CONV>
Tammy Murga,0.0003826479519083,<CONV>
Tammy Webber,0.0007148984022087,<CONV>
Tampa Bay Fl News,0.0005869269407376,<CONV>
Tampa Bay Indian,0.0002527713013803,<CONV>
Tampa Free Press,2.6248252465797583e-05,<CONV>
Tanasia Kenney,0.0001703857464639,<CONV>
Tanya Willmer,0.0001426479962681,<CONV>
Tapinto,0.0012761842076456,<CONV>
Tara Suter,0.0001958955954796,<CONV>
Tarun Sai Lomte,4.710950598540369e-05,<CONV>
Taylor Delandro,0.000191421364253,<CONV>
Taylor O Bier,0.0007139363060296,<CONV>
Taylorsville Journal,0.00011432047534606027,<CONV>
Tchad Infos,0.00012365771690444819,<CONV>
Tech And Science Post,0.000581886740147,<CONV>
Ted,4.806208173269955e-05,<CONV>
Teddy Rosenbluth,0.0002557716570419,<CONV>
Teknomers,0.0003255624827815,<CONV>
Telegraph Herald,0.0003794084764443,<CONV>
Telemundo Chicago,6.202068277246828e-05,<CONV>
Temitayo Ayetoto-Oladehinde,4.814184967649954e-05,<CONV>
Tennessean,0.0003275798561121,<CONV>
Tennessee State News,0.00014260813411433765,<CONV>
Teresa Sellinger,5.056571016656048e-05,<CONV>
Teri Sforza,3.52090532196174e-05,<CONV>
Terri Langford,4.205555952722136e-05,<CONV>
Tess Vrbin,1.4425372216640832e-05,<CONV>
"Tewksbury, MA Patch",0.0003234617323953,<CONV>
Texas Public Radio,0.000254303756831,<CONV>
Texas State News,0.0006397777553844,<CONV>
Thailand news gazette,0.00048049605367980004,<CONV>
Thalia Beaty,1.472373959774848e-05,<CONV>
Thao Nguyen,3.389188291220654e-05,<CONV>
The ANSWER Orlando,0.0005976391411538001,<CONV>
The Advocate Messenger,0.0002237800540502,<CONV>
The Advocate US,0.0004296420833775,<CONV>
The Albany Herald,0.0003131013949811,<CONV>
The Anniston Star,5.789653549009722e-05,<CONV>
The Answer Seattle,0.0007238415251134,<CONV>
The Asbury Park Press NJ,0.0004200538242368,<CONV>
The Associated Press,0.0015587243998753,<CONV>
The Associated Press The Associated Press,1.356491704414028e-05,<CONV>
The Atmore Advance,0.0003657655370736,<CONV>
The Augusta Chronicle,0.0004584450797479,<CONV>
The Bakersfield,0.0003256684408651,<CONV>
The Baltimore Sun,0.0019468716443446,<CONV>
The Bobr Times,2.5775015527236563e-05,<CONV>
The Boston Globe,0.0022103744839372,<CONV>
The Brewton Standard,0.0005351424034782,<CONV>
The Brunswick News,0.0010047901546048,<CONV>
The Business Gazette Online,0.0005135279531919,<CONV>
The Caledonian-Record,0.0004108581704575,<CONV>
The Canadian Press,0.0018166519382808001,<CONV>
The Center Square,0.00010069817792454976,<CONV>
The Charlotte Gazette,3.1561529231801264e-05,<CONV>
The Cheyenne Post,0.00030989443637169996,<CONV>
The Chicot County Spectator/Eudora Enterprise,0.0002680876441522,<CONV>
The Chillicothe Voice,0.0002221246557038,<CONV>
The Clanton Advertiser,0.0004179747894107,<CONV>
The Clemmons Courier,2.6432948035475085e-05,<CONV>
The Coastland Times,0.0003897561344863,<CONV>
The Columbian,0.0023999347503471,<CONV>
The Columbus Dispatch,2.491144800885043e-05,<CONV>
The Columbus Telegram,3.173377432369131e-05,<CONV>
The Community Post,0.0027163268939614,<CONV>
The Consumer News Network,0.00018322645832454518,<CONV>
The Conversation,0.0001942993766175,<CONV>
The Cuba News,0.0007460876615510001,<CONV>
The Daily Climate,0.0006131306474026,<CONV>
The Daily Courier,0.0005461253196661999,<CONV>
The Daily Gazette,0.0009522989815954001,<CONV>
The Daily Jeffersonian,0.00011305375188235292,<CONV>
The Daily News,0.00028965524283339997,<CONV>
The Daily Press,9.313233429977642e-05,<CONV>
The Daily Record,0.0006552107152032001,<CONV>
The Dallas News,0.0015378176802744,<CONV>
The Delaware County Daily Times,0.0002120758064891,<CONV>
The Demopolis Times,7.598063055419199e-05,<CONV>
The Denver Gazette,0.0026529109565371,<CONV>
The Denver Post,0.0003476343431151,<CONV>
The Derrick,0.0003997525212828,<CONV>
The Durango Herald,0.00025882634673360003,<CONV>
The Editorial Board,4.590916505590961e-05,<CONV>
The Elk Valley Times,0.0008505505500393,<CONV>
The Elkhart Truth,0.0003379042132879,<CONV>
The Epoch Times,0.0003755525243058,<CONV>
The Europe Daily Report,0.00045073132117550005,<CONV>
The European Current,0.0003750832548825,<CONV>
The Evening Leader,0.0018891650200272,<CONV>
The Financial Capital,0.0004487926265146,<CONV>
The Financial Metrics,0.0003265075812461,<CONV>
The Free Library,3.0636053609911265e-05,<CONV>
The Free Press,0.00013842276425586657,<CONV>
The Fresno Bee,0.0004138013448392,<CONV>
The Galveston County Daily News,0.0001737293725916044,<CONV>
The Gardner News,0.0002690051836541,<CONV>
The Gazette Cedar Rapids Iowa,0.0003254378416428,<CONV>
The Georgia Gazette,0.0015166352662311,<CONV>
The Goochland Courier,0.0003538809223219,<CONV>
The Grand Island Independent,0.0003492770734237,<CONV>
The Greenville Advocate,0.0005739646431510001,<CONV>
The Guam Daily Post,0.00028369963777760004,<CONV>
The Guardian,0.0005427169505314,<CONV>
The Hans India,0.0007654380795201999,<CONV>
The Healthier Web,6.022525277870143e-05,<CONV>
The Herald & HeraldOnline.com,0.0012588193283401,<CONV>
The Herald Palladium,0.0006009425021363,<CONV>
The Hill,0.0021811167280792,<CONV>
The Hill(thehill),0.000144679274549,<CONV>
The Hindu,0.0014513013226782,<CONV>
The Hindu Bureau,0.0003865658654803,<CONV>
The Hometown Register,0.000616299975796,<CONV>
The Independent Tribune,0.00012080454635559242,<CONV>
The Intelligencer,0.0001423058309033161,<CONV>
The Interior Journal,0.0002490323394776,<CONV>
The Inyo Register,0.0089288477219566,<CONV>
The Irish Star,0.0007478130059592,<CONV>
The Japan Times,5.2780414460529366e-05,<CONV>
"The Jewish Link of Bronx, Westchester & Connecticut",0.0001421002053654016,<CONV>
The Joplin Globe,8.631751836311749e-05,<CONV>
The Journal Gazette,0.00021755774887880001,<CONV>
The Laconia Daily Sun,0.0005452718836465,<CONV>
The Lawton Constitution,0.0009320453404294,<CONV>
The Lewiston Tribune,0.0003373183254439,<CONV>
The Lowndes Signal,0.0002672095847618,<CONV>
The MSU Exponent,0.0005149752534348,<CONV>
The Macomb Daily,0.00016286028745779232,<CONV>
The Manchester Journal,7.258839537966174e-05,<CONV>
The MarCom Journal,0.0002794919456671,<CONV>
The Marion Star,0.00020779141298010002,<CONV>
The Marketing Communicator,0.0005611804142254,<CONV>
The Messenger,0.00039467704863360004,<CONV>
The Miami Herald,0.0001377594873908,<CONV>
The Middlesboro News,0.0002603426288695,<CONV>
The Mighty 790 KFGO,0.0006081654394120999,<CONV>
The Modesto Bee,0.0013807628571054,<CONV>
The Montana Standard,7.072395581834607e-05,<CONV>
The Morning Journal,0.0003712766082575,<CONV>
The Mountain Press,0.0007316052380164,<CONV>
The Mountaineer,0.0004273883242349,<CONV>
The Natchez Democrat,0.0006996655780392,<CONV>
The National Desk,0.0003520622653959,<CONV>
The New Dawn,6.438008298123685e-05,<CONV>
The Newport Plain Talk,0.0002736828864729,<CONV>
The News Bee,0.00016613106693666658,<CONV>
The News Bird,0.00017314529581114366,<CONV>
The News Chronicle,7.125173688108064e-05,<CONV>
The News Fire,0.00010767085137725134,<CONV>
The News Herald,0.0003549252088603,<CONV>
The News Tribune,0.0054262589537767,<CONV>
The News-Gazette,0.0002199789491616,<CONV>
The Next Discovery,5.3372992330792255e-05,<CONV>
The Northern Virginia Daily,0.0001000166011016592,<CONV>
The Oakland Press,0.00036495374044170003,<CONV>
The Olympian,0.0013052013701449,<CONV>
The Oneida Daily Dispatch,5.184098502730857e-05,<CONV>
The Orlando News,0.0010791327098544,<CONV>
The Ottumwa Courier,0.00015457946009714952,<CONV>
The Oxford Eagle,0.0004927947045003001,<CONV>
The Panolian,0.00018827709464059117,<CONV>
The Park News,0.0005628309195475,<CONV>
The Patriot-News,0.0007537454882086,<CONV>
The Post and Courier,7.825088145044634e-05,<CONV>
The Providence Journal,0.000566348707528,<CONV>
The Public Radio,0.00012059080977495004,<CONV>
The Register-Herald,0.0002434775185794,<CONV>
The Rogersville Review,0.00048183500695270004,<CONV>
The Rome Sentinel,0.00023016204824629998,<CONV>
The Sacramento Bee,0.000225994270517,<CONV>
The San Antonio News,0.0005016432368097001,<CONV>
The Sanford Herald,0.0004481127010163,<CONV>
The Science Buzz,0.00023652718778050002,<CONV>
The Scientific Journal,0.00026366618479170003,<CONV>
The Seattle Medium,0.000237697570079,<CONV>
The Seattle Times,1.338884912700719e-05,<CONV>
The Selma Times-Journal,0.0005129768275971001,<CONV>
The Sentinel,5.091610791996875e-05,<CONV>
The Southwest Iowa News Source,0.0002640634669751,<CONV>
The Spokesman-Review,0.0012138972482465,<CONV>
The Sport Ship,7.05127709055418e-05,<CONV>
The Stanly News and Press,0.00017216246264338845,<CONV>
The Star,0.0001085138005531,<CONV>
The Star Malaysia,0.0001076453614834,<CONV>
The Star Online,4.082982454671166e-05,<CONV>
The State,0.006125796562611601,<CONV>
The State Journal,0.00021000670766859998,<CONV>
The Sun Chronicle,0.0003560609906385,<CONV>
The Taos News,0.0003743818876555,<CONV>
The Tennis Times,0.0021249762489784,<CONV>
The Tidewater News,0.00042384538138429996,<CONV>
The Times Herald,0.00033043106203380003,<CONV>
The Times and Democrat,0.00011122154416291506,<CONV>
The Times-Tribune,0.0005497788418931001,<CONV>
The Touch,0.0004772012869056,<CONV>
The Trentonian,0.0003039083446805,<CONV>
The Tullahoma News,0.0002683938701801,<CONV>
The US News,0.00035431364229729996,<CONV>
The US Sun,6.426882217368543e-05,<CONV>
The Ubj,6.128439756899692e-05,<CONV>
The Upstocker,0.00038152226332540003,<CONV>
The Valdosta Daily Times,2.8078738717369205e-05,<CONV>
The Virginian Pilot,0.0008101612200979,<CONV>
The Washington Post(washingtonpost),0.0001115883500844,<CONV>
The Washington Times,0.0006202648611023,<CONV>
The Washington Times https://www.washingtontimes.com,7.286370631519695e-05,<CONV>
The Wbal Channel,0.0004267521584297,<CONV>
The Well News,5.548560861765922e-05,<CONV>
The Wetumpka Herald,0.00018688980064081808,<CONV>
The Willits News,0.0003040586814563,<CONV>
The Winchester Sun,5.1291925491163694e-05,<CONV>
The Woonsocket Call,5.6756652332489726e-05,<CONV>
The World Newswire,5.264282164806922e-05,<CONV>
The denver channel.com,0.0016254739939774998,<CONV>
The item,5.254127856135733e-05,<CONV>
The reporter online,0.00018729537705774758,<CONV>
TheFly,2.6712764089651445e-05,<CONV>
TheGrio,8.594394915104959e-05,<CONV>
Thea DiGiammerino,1.6525448464582427e-05,<CONV>
Thecutoffnews.com,0.0006476902830766,<CONV>
Themercury.com,0.0006367183556493,<CONV>
Thenextdaily,2.9739005417611693e-05,<CONV>
Thepress.net,0.0009823259684873,<CONV>
Theresa Braine,4.776469955360181e-05,<CONV>
Theresa Gaffney,1.0097760551648585e-05,<CONV>
Thermo Fisher,1.39337526208799e-05,<CONV>
Thestar,7.201532437090997e-05,<CONV>
Theworldagenda,2.863000387626061e-05,<CONV>
Thinkbusinesstoday,0.0004422293420329,<CONV>
Thomas Adamson,1.7403552841617428e-05,<CONV>
Thomas Handley,8.276392587626214e-05,<CONV>
Thomas Metcalf,1.4385762751395944e-05,<CONV>
Thor Christensen,1.5943720338575165e-05,<CONV>
Thu Mar,2.9691815447791564e-05,<CONV>
Thv11,0.000662870068853,<CONV>
Thérèse Boudreaux,7.495453088597936e-05,<CONV>
"Tia Goldenberg, Najib Jobain, Samy Magdy",1.4664688131684898e-05,<CONV>
"Tia Goldenberg, Samy Magdy, Najib Jobain",4.1847722623201106e-05,<CONV>
Tiffany Rigby,1.5146640827472876e-05,<CONV>
Tiffin Advertiser Tribun,0.00012146518266561114,<CONV>
Tim Henderson,4.97124780112491e-05,<CONV>
Tim Newcomb,3.141525504957337e-05,<CONV>
Tim Renaud,0.0001182168548277,<CONV>
Tim Smith,1.4848756115607563e-05,<CONV>
Time Business News,0.00011465326483419697,<CONV>
Time Magazine,0.0001256780339048,<CONV>
Time-Standard,0.00028581627532019995,<CONV>
Times Call,0.0002545403479900342,<CONV>
Times News,0.00014567623603008205,<CONV>
Times Of The Islands,0.00017928520608696407,<CONV>
Times of San Diego,0.0015949522584313,<CONV>
TimesNewsNetworks,0.000544196257046,<CONV>
Timesargus,0.0002862231232268,<CONV>
Timetovisithere,5.315377124624824e-05,<CONV>
Timothy Alexander,3.0149611416036343e-05,<CONV>
Tina Deines,5.603085453104031e-05,<CONV>
"Tisha Powell, Stacy Wimmer",4.901187280054159e-05,<CONV>
Tobacco Reporter,0.0006005185497943,<CONV>
"Toby Talbot, Bianca Facchinei",4.3354082764097346e-05,<CONV>
Today In Business,0.0010356500721451002,<CONV>
Today in Medicine,0.0013352208382463,<CONV>
Today in the News,6.249192677731914e-05,<CONV>
Todays Tmj4,0.000506654731278,<CONV>
Tom Ackerman,4.576412676680491e-05,<CONV>
Tom Barton,1.4620174318152372e-05,<CONV>
Tom Howarth Newsweek,0.0003134515831686,<CONV>
Tom Latek,3.065732810326896e-05,<CONV>
Tom Nouvian,0.0001649263535903,<CONV>
Tom Perkins,0.0001035763576024,<CONV>
Tom Polansek,5.231761754698943e-05,<CONV>
Tomas Hoppough,2.156193051969059e-07,<CONV>
Tomás Aragón,3.564184317138842e-05,<CONV>
Tony Briscoe,5.0846558210386024e-05,<CONV>
Tony Ng,4.7113838560295733e-05,<CONV>
Tonya Mosley,1.702815866423605e-05,<CONV>
Top News,0.00010508362811986345,<CONV>
Tori Whitacre Martonicz,7.544797118489442e-05,<CONV>
Toronto Star,7.237095130912625e-05,<CONV>
Town News,0.000993522296495,<CONV>
Toxicological Sciences,0.0009860273517924,<CONV>
Tracey Petersen,2.5054061200652572e-05,<CONV>
Tracy Swartz,8.580472881905703e-05,<CONV>
Trade News,0.1672007861297568,<CONV>
Trading Charts,0.00010768873932346743,<CONV>
Trading View,0.0023595973775013,<CONV>
Travel And Tour,0.0003132955047792,<CONV>
Travel And Tour World,0.0003842028727642,<CONV>
Travelleisuremag,9.292568854251048e-05,<CONV>
Travellersea,4.649429581529444e-05,<CONV>
Travis Loller,0.0001828780557258,<CONV>
Trent Straube,1.1661720465331348e-05,<CONV>
Tri City Herald,0.0007433938231758001,<CONV>
Tri City News,0.0003401783784033,<CONV>
Tri City Recordnm,0.00011849543102110358,<CONV>
Tri States Public Radio,0.000228951570522,<CONV>
Tri-City Herald,0.000205776563179,<CONV>
Tri-City News,0.0003423738302259,<CONV>
Trial Site News,0.0003188517575587,<CONV>
Tribun News Maker,0.000713902997292,<CONV>
Tribun Palu,0.0010567014413195,<CONV>
Tribun Ternate,0.00015737221125138398,<CONV>
Tribune News Service,0.0009631355663759,<CONV>
Tribune-Review,1.997228414666926e-05,<CONV>
Trinity Velazquez,0.0001693615199039,<CONV>
Tristan Manalac,0.0001053178918136,<CONV>
Tristate Homepage,0.0010338545915883,<CONV>
Troy Messenger,0.0005511756256881999,<CONV>
Tryon Daily Bulletin,0.0004024819151337,<CONV>
Tucson,7.220912215828083e-05,<CONV>
Tucson Post,0.0002893064584824,<CONV>
Tue Mar,1.946284317436633e-05,<CONV>
Tuhin Sarkar,3.726198937454949e-05,<CONV>
Tulsa World,0.0008208449232692,<CONV>
TurnTo23.com,0.000255332390078,<CONV>
Tuscaloosa Times,0.0010373282184904,<CONV>
Twin Cities,0.0002190966564191,<CONV>
TwinCities,0.00028419417831235944,<CONV>
Twitter,0.0115827264726473,<CONV>
Twitter/X,0.0005944138552272,<CONV>
Ty Vinson,1.2928310179789431e-05,<CONV>
Tyler Cowen,8.131390985477747e-05,<CONV>
Tyler Durden,8.394036897517341e-05,<CONV>
Tyler Paper,0.0003640180005045,<CONV>
Tyria Goines,0.00013688803792,<CONV>
U S Food and Drug Administration,0.0007774555426436,<CONV>
U.S. & World News,0.0005939014978886,<CONV>
U.S. News & World Report,2.698751555801337e-05,<CONV>
UN News,0.0023817404297302,<CONV>
UPI,3.457275838900797e-05,<CONV>
UPMatters.com,0.00013829988372681182,<CONV>
UPR Utah Public Radio,0.0001353188512785818,<CONV>
US Daily Ledger,0.0003723918454204,<CONV>
US Healthcare Journal,0.0005199976069783,<CONV>
US News,0.0010359917164365,<CONV>
US Share Markets,0.020633766035784,<CONV>
USA,2.2831967337427047e-05,<CONV>
USA News,5.6341616536509964e-05,<CONV>
USA TODAY,0.0014132485963269,<CONV>
USA Times,0.0011841489821148,<CONV>
USABCNEWS,0.0005593865094597,<CONV>
USAE,2.9046392783420873e-05,<CONV>
USBIG10,1.796141009268149e-05,<CONV>
USCBSBAY,0.0002283607083106,<CONV>
USCBSNEWS,0.0006005503526215,<CONV>
USCBSTX,0.0001629777546275,<CONV>
USCHEDDARBUS,0.0006626493082206,<CONV>
USCMDY,4.9804833053173704e-05,<CONV>
USCOOK,4.27694434802342e-05,<CONV>
USDSC,2.4096610866190857e-05,<CONV>
USETV,1.0432428342206686e-05,<CONV>
USFOOD,1.978781598445158e-05,<CONV>
USGRIO,8.012791588781135e-05,<CONV>
USHIST,0.0002763160281318,<CONV>
USHSN,1.5602393493015712e-05,<CONV>
USLIVEFOX,0.0001107970835346,<CONV>
USNBCCHI,0.0001890664782314,<CONV>
USNBCDAL,0.0002070821914231,<CONV>
USNBCDC,6.479466270506333e-05,<CONV>
USNBCLA,0.000114136286095,<CONV>
USNBCNOW,0.0003356702737111,<CONV>
USNBCNY,9.80592400570915e-05,<CONV>
USNEWSMAX2,0.0001517227014103,<CONV>
USNEWSNATION,0.0004650325320239,<CONV>
USOANN,0.0007974801346324,<CONV>
USTRUTV,6.722771136135324e-05,<CONV>
USXMRADCATH,1.8973338732124333e-05,<CONV>
USXMRADDOC,0.0002436248619214,<CONV>
USYAHOOFIN,1.3275375659971255e-05,<CONV>
Uc Davis,3.118533835989354e-05,<CONV>
Uk Post Observer,0.0003029396859978,<CONV>
Ukiah Daily Journal,0.000153159969475591,<CONV>
Union Democrat,0.0002526811044704,<CONV>
United Nations,0.0008928473157908,<CONV>
United States News,0.0011803850775812,<CONV>
Unknown,0.2668908786844741,<CONV>
UpNorthLive.com,0.000536121902721,<CONV>
Upi,2.321235310432177e-05,<CONV>
Upi Staff,3.0458007980277713e-05,<CONV>
Uptoday.news,0.0008037862460395,<CONV>
Urdu,6.454235453245115e-06,<CONV>
Usa Today,0.0007668293383455999,<CONV>
Uschinapress,4.682685262617822e-05,<CONV>
Utah Independent,0.0011767606701892,<CONV>
Utah State News,0.0011716370831231,<CONV>
Utkarsh Shetti,3.013285843822509e-06,<CONV>
VICE,4.330250498235449e-05,<CONV>
Valley Journals,0.0001809381260591352,<CONV>
Valley Public Radio,0.00023477929837269998,<CONV>
Valley Times News,0.0004326325223916,<CONV>
ValleyCentral,0.000373783227864,<CONV>
Vancouver news,0.0006446833998334,<CONV>
Vandana Singh,7.068432386154009e-05,<CONV>
Vanessa Etienne,2.7181130374956212e-05,<CONV>
Vanessa G. Sánchez,4.82396971212384e-05,<CONV>
Vanessa Misciagna,2.0102924951847012e-05,<CONV>
Vanessa Romo,1.694629491564008e-05,<CONV>
Vao News,0.00024688553799750003,<CONV>
Ventura County Star,0.0007696539711074,<CONV>
Vermont State News,0.0007097482913429999,<CONV>
Veronika Bondarenko,4.655901846564777e-05,<CONV>
Vet Candy,0.00037926443078830003,<CONV>
Vicks Burg Post,0.0002453653122218,<CONV>
Victoria Advocate,0.0002268934962143,<CONV>
Video,0.0068399133252608,<CONV>
Vijay Kumar Malesu,6.567388167808367e-05,<CONV>
Village Life,0.0005021501633727,<CONV>
Vinay Simlot,6.375064774918872e-05,<CONV>
Vincennes Sun Commercial,0.00040986290550469996,<CONV>
Vindy.com,0.0002454664131029,<CONV>
Virginia State News,0.0013530180263464,<CONV>
Vishnu Priyan,1.9105879821440726e-05,<CONV>
Vivek Saxena,2.8756913939579917e-05,<CONV>
Vivien Latour,1.4487284231520472e-05,<CONV>
Voa News,0.0019189842872370001,<CONV>
Vox,0.0001358649668185,<CONV>
WAAY,0.0001401941739735,<CONV>
WABC,0.0001945900659469,<CONV>
WABC-NY (ABC),4.134132085906612e-05,<CONV>
WABCBKN,1.7939743345831627e-05,<CONV>
WABE 90.1 FM,0.0001118621027528586,<CONV>
WABG,0.0001370283068844,<CONV>
WABGDT2,5.696321624662273e-05,<CONV>
WABI,0.00024197582768346814,<CONV>
WACH,0.0003177325351055138,<CONV>
WAER,0.00019870224368789873,<CONV>
WAFB,0.0003675091843558,<CONV>
WAFB Channel 9,0.0004479828613563,<CONV>
WAFF,0.0002344460726117,<CONV>
WAFF 48 News,0.0008913058493797,<CONV>
WAGA,0.000176593837071,<CONV>
WAGM,0.0002028821448992,<CONV>
WAGT,9.63622649922958e-05,<CONV>
WAHU,5.997109919039428e-05,<CONV>
WAKA,0.0002154227829921,<CONV>
WALA,0.0002427162697744,<CONV>
WALB,0.0002183613645968,<CONV>
WALB 10,0.0003807168130605,<CONV>
WAND,0.0002097995991339,<CONV>
WANE,0.0001559327450674,<CONV>
WANF,0.0001261868769942,<CONV>
WAOW,0.0002332349107505,<CONV>
WAPA,3.3691234846391553e-05,<CONV>
WAPT,0.0002538971818887,<CONV>
WAPT Channel 16,5.9522735760301355e-05,<CONV>
WATE,8.401715778476662e-05,<CONV>
WATL,1.4591337008310374e-05,<CONV>
WATM,0.0001111519561848,<CONV>
WATN,0.0001916645526828,<CONV>
WAVE,0.0002481553383846,<CONV>
WAVY,0.0001713901949544,<CONV>
WAWV,0.0001849048124482,<CONV>
WAtoday,0.00011147121586226295,<CONV>
WBAA,0.00031930098365290003,<CONV>
WBAL,0.000236669280729,<CONV>
WBAY,0.0002965772012486,<CONV>
WBBH,0.0001732013558566,<CONV>
WBBJ,0.0001945042279847,<CONV>
WBBJDT3,0.0002525813921957,<CONV>
WBBM,0.0002477365624719,<CONV>
WBBMWEB,0.0004230691810013,<CONV>
WBCH 100.1 FM,0.0003059384445665,<CONV>
WBDT,0.0002291960043708,<CONV>
WBFF,9.168327756136102e-05,<CONV>
WBFF Fox Baltimore,0.0007230333563238,<CONV>
WBFO,0.000356673195681,<CONV>
WBFS,3.346359358841879e-05,<CONV>
WBGH,0.0001653070708451,<CONV>
WBIR,0.0001110724515448,<CONV>
WBKB,0.0002005963035703,<CONV>
WBKO,0.0001720276645017,<CONV>
WBKODT2,2.787551697248616e-05,<CONV>
WBMA,0.0001549866727677,<CONV>
WBND,0.0001283349729729,<CONV>
WBNG,0.0002490772256235,<CONV>
WBNG-TV,0.0002379758374446,<CONV>
WBNS,0.0002967832368388,<CONV>
WBOC,0.0001988826685333,<CONV>
WBOCDT2,4.071153604279329e-05,<CONV>
WBOY,0.0001478412994048,<CONV>
WBRC,0.0007646789564014,<CONV>
WBRE,0.0001833678171372,<CONV>
WBRZ,0.0002549945842242,<CONV>
WBTS,0.000188173702849,<CONV>
WBTV,0.0002262942358781,<CONV>
WBTW,0.0016064631634587,<CONV>
WBUP,6.670552413926994e-05,<CONV>
WBUR,0.0007161475843201,<CONV>
WBXX,5.344611194821012e-05,<CONV>
WBZ,0.0001953996252803,<CONV>
WCAI,9.987269276020568e-05,<CONV>
WCAU,0.0001620060178636,<CONV>
WCAUCOM1,2.477848475034303e-05,<CONV>
WCAUCOM2,2.545791085719464e-05,<CONV>
WCAV,0.0002952684546207,<CONV>
WCAX,0.0002542565053138,<CONV>
WCAX-TV,0.0003239462558727,<CONV>
WCBD,0.0002033658424994,<CONV>
WCBE 90.5 FM,0.00015762869794351433,<CONV>
WCBI,0.0001709553591352,<CONV>
WCBM,0.0004655275068224,<CONV>
WCBS,0.0002917918797311,<CONV>
WCBSBKN,1.5424434548733216e-05,<CONV>
WCBSOPT,2.4386630589506213e-05,<CONV>
WCBSWEB,0.0002525881049756,<CONV>
WCCB,0.0002111483057562,<CONV>
WCCO,0.0001352544088963,<CONV>
WCCT,2.729688703032205e-05,<CONV>
WCCU,9.428436074627924e-05,<CONV>
WCHS,0.0001246609798959,<CONV>
WCHS-TV,0.0002350923937438,<CONV>
WCHSDT2,6.646125143452522e-05,<CONV>
WCIA,0.0002346192061835,<CONV>
WCIV,0.0001013280476443,<CONV>
WCIX,1.2150230348047932e-05,<CONV>
WCJB,4.0052119187611334e-05,<CONV>
WCJBBACK,1.5601392865574903e-05,<CONV>
WCLK,8.463355449262117e-05,<CONV>
WCMH,0.0002317985204908,<CONV>
WCML,0.006349427121802,<CONV>
WCMU Public Radio,0.0001716907513251173,<CONV>
WCNC,0.0001850182477762,<CONV>
WCPO,0.0001575208823414,<CONV>
WCPO.com,0.0005539845082928,<CONV>
WCSC,0.0003432859565826,<CONV>
WCSH,0.0002847601890055,<CONV>
WCSU,5.435140009815931e-05,<CONV>
WCTI,0.0003313334453601,<CONV>
WCTV,0.0003463354808384,<CONV>
WCTX,0.0001149723304026,<CONV>
WCVB,0.0001977882338655,<CONV>
WCWN,1.972651438797529e-05,<CONV>
WCYB,0.0001452103073471,<CONV>
WDAF,0.0002405057887629,<CONV>
WDAF-KC (FOX),4.7089712886365346e-05,<CONV>
WDAM,0.000280059277671691,<CONV>
WDAMDT2,0.0004660965350859,<CONV>
WDAY,0.0007949467805864,<CONV>
WDAZ,0.0058147145861619,<CONV>
WDBD,6.846943038777517e-05,<CONV>
WDBJ,0.0001534803813049,<CONV>
WDCW,9.339829991047574e-06,<CONV>
WDEF,0.0001491839725164,<CONV>
WDEZ,2.8908466875532655e-05,<CONV>
WDFX,0.0004297656779734691,<CONV>
WDHN,0.0001407248790148,<CONV>
WDIO,0.000128531799797,<CONV>
WDIO-TV,7.040312334360052e-05,<CONV>
WDIV,0.000157313375329,<CONV>
WDJT,0.0001428529890905,<CONV>
WDKY,6.616449111974482e-05,<CONV>
WDNI,4.617005376046942e-05,<CONV>
WDRB,0.0010301342161574,<CONV>
WDSU,0.000216453974151,<CONV>
WDTN,0.0002443422063126,<CONV>
WDTV,0.0005767276045592768,<CONV>
WDVM,0.0001154005584137,<CONV>
WEAA,0.0001037816717483216,<CONV>
WEAR,0.0001816117626478,<CONV>
WEAU,0.0001476166615583,<CONV>
WECP,0.0002521193782623,<CONV>
WECT,0.0001466836580069,<CONV>
WECT (NBC),6.800538883330171e-05,<CONV>
WEEK,0.000247356221916,<CONV>
WEHT,8.257595064955594e-05,<CONV>
WEKU,0.00022727160819890002,<CONV>
WEMT,0.0001019511445624,<CONV>
WEMU,0.0001260794119102048,<CONV>
WENY,0.0001292046966582,<CONV>
WENYDT2,0.0001531586487187,<CONV>
WESH,0.0004057422650583,<CONV>
WETM,0.0002053267775205,<CONV>
WEVV,0.0002156461541545,<CONV>
WEVVDT2,5.536140566254577e-05,<CONV>
WEWS,0.000819604920274,<CONV>
WEYI,9.990586854428184e-05,<CONV>
WFAA,0.0001021143173394,<CONV>
WFAE,0.00010062254334898545,<CONV>
WFDC,5.299134842203762e-06,<CONV>
WFDD,0.00014091541904467562,<CONV>
WFFF,4.862640514285839e-05,<CONV>
WFFT,8.90570883410003e-05,<CONV>
WFGX,1.8794639152248387e-05,<CONV>
WFIE,0.000150783876151,<CONV>
WFLA,0.0001209853426725,<CONV>
WFLD,0.0002586813536784,<CONV>
WFLX,0.0001525670780799,<CONV>
WFLXBACK,9.29201029194003e-06,<CONV>
WFMJ,0.0005837137560382,<CONV>
WFMY,0.0001481325434726,<CONV>
WFMY News 2,0.0008613002654368,<CONV>
WFMZ,9.265168486976853e-05,<CONV>
WFMZ Allentown,0.0069071206323988,<CONV>
WFNA,3.999243258703528e-05,<CONV>
WFOR,0.0002551557847639,<CONV>
WFOX,0.0001189705717353,<CONV>
WFQX,4.280005809391496e-05,<CONV>
WFRV,0.0002365293658956,<CONV>
WFSB,0.0002237399176088,<CONV>
WFSU,0.00017700311421175248,<CONV>
WFTS,0.0001407510650916,<CONV>
WFTV,0.000150381759019,<CONV>
WFTX,0.0001831662113368,<CONV>
WFTX-TV (Online),0.0002062856884004,<CONV>
WFVX,0.000118668348756,<CONV>
WFXB,8.41383862519894e-05,<CONV>
WFXG,0.000150732442278,<CONV>
WFXL,0.0001270575020599,<CONV>
WFXP,5.231703946035888e-05,<CONV>
WFXR,0.000191925981777,<CONV>
WFXT,0.0003918354740376,<CONV>
WFXV,6.664172132706228e-05,<CONV>
WFYI,0.0012209986255138,<CONV>
WGAL,0.0011048396613959001,<CONV>
WGBA,0.0001982064933245,<CONV>
WGBC,0.0001153456915828,<CONV>
WGBO,2.6577841343814147e-05,<CONV>
WGBY,0.0001405140157838,<CONV>
WGEM,0.0001771048359798,<CONV>
WGEMDT3,3.579218723002728e-05,<CONV>
WGEN,3.866153459408846e-05,<CONV>
WGFL,0.000199592347535,<CONV>
WGFLBACK,5.237843076603815e-05,<CONV>
WGGB,0.0002917282025602,<CONV>
WGGBDT2,0.0001629615017806,<CONV>
WGHP,0.0002787472878656,<CONV>
WGLT,0.0003553164807108,<CONV>
WGMB,6.401621825396418e-05,<CONV>
WGME,0.000348497222669,<CONV>
WGME.com,0.0006976499881098,<CONV>
WGN,0.0001835699340473,<CONV>
WGNO,0.0056618483434229,<CONV>
WGRZ,0.0001262043933643,<CONV>
WGRZ-TV,0.0005137669120753999,<CONV>
WGTQ,5.399760062488533e-05,<CONV>
WGVU News,0.00015827516148345956,<CONV>
WGXA,0.0001164819111105,<CONV>
WGXADT2,1.0352040003021912e-05,<CONV>
WHAM,0.0001148123648475,<CONV>
WHAS,0.0001039219183656,<CONV>
WHBF,0.0004220600235756,<CONV>
WHBQ,0.0001383703387596,<CONV>
WHDF,1.9111904250372805e-05,<CONV>
WHDH,0.0004149518250243,<CONV>
WHEC,0.000133249465694,<CONV>
WHEC.com,0.0007563426295589,<CONV>
WHIO,0.0017636477310266,<CONV>
WHIZ,0.0001548103070521,<CONV>
WHLT,0.0002078198199046,<CONV>
WHNS,0.0001142505034005,<CONV>
WHNT,0.0002291573976125,<CONV>
WHO,0.0001383577117504,<CONV>
WHOI,0.0002244466395502,<CONV>
WHP,0.0001661704427461,<CONV>
WHPM,1.4190205410687342e-05,<CONV>
WHQR,0.00019011326160933316,<CONV>
WHRV-FM [89.5 FM],0.0001525434224679102,<CONV>
WHSV,0.0005508472070402,<CONV>
WHTC,0.00032004649907039996,<CONV>
WHTM,0.0003247251018831,<CONV>
WHYY,0.0003655403121323,<CONV>
WHYYCOM1,5.7013684008159376e-05,<CONV>
WHYYCOM2,8.218602820215014e-05,<CONV>
WIAT,0.0003283362146183,<CONV>
WIBQ,3.1455825543993845e-05,<CONV>
WIBW,0.0001637341506285,<CONV>
WICD,0.0004762180681222,<CONV>
WICU,0.0003075854616735,<CONV>
WICZ,0.0001145592109653,<CONV>
WIFR,0.0003698582436066,<CONV>
WILM,3.260069121735123e-05,<CONV>
WILX,0.0001696507459738,<CONV>
WILX-TV,0.000436341711821,<CONV>
WINK,0.0001677221813019,<CONV>
WIPB,0.0009527633929132,<CONV>
WIS,0.0003385083391814,<CONV>
WISC,0.0002835261077827,<CONV>
WISH,0.0001778755349968,<CONV>
WISN,0.0001703198873244,<CONV>
WITI,0.0002299746626321,<CONV>
WITN,0.0007807680994947001,<CONV>
WIVB,0.0001173778313093,<CONV>
WIVT,8.190804698246591e-05,<CONV>
WJAC,0.0001137654008699,<CONV>
WJAC TV,0.00012283068850946135,<CONV>
WJAN,3.740556737599798e-05,<CONV>
WJAR,0.0001589117600338,<CONV>
WJAX,0.0002595134195356,<CONV>
WJBF,0.0001530574239639,<CONV>
WJBK,0.000149485692309,<CONV>
WJCL,0.0002238237525056,<CONV>
WJCL News,0.0008883317313789999,<CONV>
WJCT NEWS,0.0002693933745049,<CONV>
WJET,0.0001681403863675,<CONV>
WJFW,0.0001333832287338,<CONV>
WJHG,0.0001290176862142,<CONV>
WJHL,0.0001610335770276,<CONV>
WJHLDT2,0.0003844805664653,<CONV>
WJKT,1.778055639192205e-05,<CONV>
WJLA,0.0001233112179262,<CONV>
WJLACOM,1.8710642192144716e-05,<CONV>
WJMN,3.558283351831356e-05,<CONV>
WJRT,0.0001391360073994,<CONV>
WJTV,0.0001769964740184,<CONV>
WJW,0.0001504185793079,<CONV>
WJXT,0.000129189963344,<CONV>
WJXX,8.504670751517168e-05,<CONV>
WJZ,0.0002331782066546,<CONV>
WJZY,0.0001175223940424,<CONV>
WKBD,1.3467833215038625e-05,<CONV>
WKBN,0.0056959263753945,<CONV>
WKBT,0.0001838820307848,<CONV>
WKBW,8.543466519517245e-05,<CONV>
WKBW.com,0.0008074836461401,<CONV>
WKCF,0.0001007655307461,<CONV>
WKEF,0.000493651175402,<CONV>
WKMG,0.0001640423686856,<CONV>
WKMS -,0.000228836679576,<CONV>
WKNO 91.1,0.00019191542749631658,<CONV>
WKOW,0.0001952096969589,<CONV>
WKPT,4.702086771418313e-05,<CONV>
WKRC,0.0003860334475039,<CONV>
WKRCDT2,2.028649796288712e-05,<CONV>
WKRG,0.0001510564487354,<CONV>
WKRN,0.0002611768719836,<CONV>
WKTB,9.84240781211375e-06,<CONV>
WKTV,0.000175122546653,<CONV>
WKYC,0.0003824087103084,<CONV>
WKYC-CLE (NBC),8.735786694452784e-05,<CONV>
WKYC-TV,0.0007125519513733001,<CONV>
WKYT,0.0006257225075402,<CONV>
WKZO,2.637491148763088e-05,<CONV>
WLAJ,0.0001099639537636,<CONV>
WLAX,6.243864299415002e-05,<CONV>
WLBT,0.0002766860451006,<CONV>
WLBZ,0.0002676999824436,<CONV>
WLEX,0.0001314566351677,<CONV>
WLFI,0.0001597046966132,<CONV>
WLII,6.121046348275602e-06,<CONV>
WLIO,0.0001495457938523,<CONV>
WLIODT2,2.375044924399936e-05,<CONV>
WLIW,0.00014171149825192934,<CONV>
WLKY,0.0002656758819698,<CONV>
WLKY Louisville,0.0006985086531867001,<CONV>
WLMO,8.788341830397353e-05,<CONV>
WLNE,0.0001601135993155,<CONV>
WLNS,0.0001828773455654,<CONV>
WLNY,9.682960841166562e-05,<CONV>
WLOS,0.0009928749732152,<CONV>
WLOV,4.4741038885758455e-05,<CONV>
WLOX,0.0004727816592064,<CONV>
WLOXDT2,0.0001115043650749,<CONV>
WLPB,0.0013334234574784,<CONV>
WLQP,0.0002308274039723,<CONV>
WLRN,0.0002147607651198,<CONV>
WLS,0.000202796996783,<CONV>
WLTV,7.2430744275078e-06,<CONV>
WLTX,0.0002008472574513,<CONV>
WLTZ,0.0001455911403336,<CONV>
WLUC,0.0001056569963713,<CONV>
WLUK,8.223788573515237e-05,<CONV>
WLWT,0.0001748073319025,<CONV>
WMAQ,0.0002179640479508,<CONV>
WMAR,0.0001525286515513,<CONV>
WMAY News Talk 970,0.0002667170182228,<CONV>
WMAZ,0.0001441176766229,<CONV>
WMBB,0.0001221404370134,<CONV>
WMBC,0.0001587257697599,<CONV>
WMBD,0.0002028370403665,<CONV>
WMBF,8.452238429450114e-05,<CONV>
WMC,0.0002056882542527,<CONV>
WMDN,0.0001291728766852,<CONV>
WMDT,0.0001588542849645,<CONV>
WMGT,0.0001151362444063,<CONV>
WMKY,0.000251808015634,<CONV>
WMLW,3.197085189723976e-05,<CONV>
WMOR,1.90308112883061e-05,<CONV>
WMOT,7.855088665640188e-05,<CONV>
WMRA,9.243338506930934e-05,<CONV>
WMSN,0.0001488731639577,<CONV>
WMTV,0.0002742968241921,<CONV>
WMTW,0.0002323134813333,<CONV>
WMUK,0.0002260772143211,<CONV>
WMUM,0.0005338576209351,<CONV>
WMUR,0.0001508629149828,<CONV>
WMUR 9 New Hampshire,0.0005677598775044,<CONV>
WMVS,0.0007013927584563,<CONV>
WMYD,0.0001625824396503,<CONV>
WNAC,6.344323504521121e-05,<CONV>
WNBC,0.0001857912981788,<CONV>
WNBCBKN,1.8961453740317983e-05,<CONV>
WNBCOPT,1.590788257955608e-05,<CONV>
WNBD,0.000163604891337,<CONV>
WNBJ,9.853671346439376e-05,<CONV>
WNBW,0.0001744016103661,<CONV>
WNBWBACK,1.5759705468400402e-05,<CONV>
WNCF,0.0001600927647038,<CONV>
WNCN,0.0001961678818876,<CONV>
WNCT,0.0001982235744617,<CONV>
WNCW,5.819589663100769e-05,<CONV>
WNDU,0.0001803310121973,<CONV>
WNDY,0.000123902103654,<CONV>
WNEM,0.0003696268040545,<CONV>
WNEP,0.0002815845271824,<CONV>
WNET,0.0007666630015213,<CONV>
WNEU,2.2094812628230076e-05,<CONV>
WNFL Sports,0.0006825066328519,<CONV>
WNIJ,0.0002067358441264,<CONV>
WNJU,2.5635274368779996e-05,<CONV>
WNKY,0.0001365109578433,<CONV>
WNKYDT2,0.0002490238469699,<CONV>
WNLO,0.0001192964158179,<CONV>
WNMU-FM,8.884808764134903e-05,<CONV>
WNTZ,5.845683758668835e-05,<CONV>
WNUV,1.398763226876784e-05,<CONV>
WNWN-FM,7.887954243006669e-05,<CONV>
WNWO,0.0001682080189043,<CONV>
WNYF,2.0934955270904612e-05,<CONV>
WNYT,9.045563262074304e-05,<CONV>
WNYT.com,0.00010521960051525426,<CONV>
WNYW,0.0001444556841853,<CONV>
WNYWOPT,1.8759764350717977e-05,<CONV>
WOAI,0.0001521090088531,<CONV>
WOAIDT2,1.4343658907833871e-05,<CONV>
WOAY,8.896232008086532e-05,<CONV>
WOFL,0.0001189355530185,<CONV>
WOGX,9.35266211101158e-05,<CONV>
WOGXBACK,2.0822387228711032e-05,<CONV>
WOI,0.0001929693149787,<CONV>
WOIO,0.0003881078356492,<CONV>
WOLF,8.430919408686905e-05,<CONV>
WOLO,0.0001353357743832,<CONV>
WOOD,0.0001789642670225,<CONV>
WOSU Public Media,0.0001230763494938209,<CONV>
WOUC,0.0008620584079313,<CONV>
WOWK,0.0003658144729642,<CONV>
WOWT,0.0001869976159806,<CONV>
WPBF,0.0001380798513118,<CONV>
WPBN,0.0001344347876396,<CONV>
WPBS,0.0007232610437305,<CONV>
WPBY,9.71332251820078e-05,<CONV>
WPCH,0.0001018246010758,<CONV>
WPCW,1.4639284608401011e-05,<CONV>
WPDE,0.0057173497690181,<CONV>
WPEC,0.0009102380453057,<CONV>
WPECBACK,3.2496121430500565e-05,<CONV>
WPFO,0.0001437049351386,<CONV>
WPGA,1.9512893962530228e-05,<CONV>
WPGH,4.6137764966799325e-05,<CONV>
WPGX,9.992398474272092e-05,<CONV>
WPHL,7.335795708855428e-05,<CONV>
WPIX,5.661274641100363e-05,<CONV>
WPLG,0.0001967518140771,<CONV>
WPMI,0.0002015086150862,<CONV>
WPMT,8.824380953586132e-05,<CONV>
WPRI,0.0003013913203704,<CONV>
WPRL,0.0003975084451861,<CONV>
WPSD,0.00017586778295,<CONV>
WPSD Local 6,0.0002456285616311,<CONV>
WPSG,2.189701878852735e-05,<CONV>
WPTA,0.0001507999960704,<CONV>
WPTADT2,9.851743396377332e-05,<CONV>
WPTV,0.0008613996156849001,<CONV>
WPTVBACK,1.5777079584489225e-05,<CONV>
WPTZ,0.0001862569879454,<CONV>
WPVI,0.0001209132904867,<CONV>
WPVICOM2,1.5519851480131942e-05,<CONV>
WPXDDT5,0.0003781790435699,<CONV>
WPXI,0.0002013799300009,<CONV>
WPXI Pittsburgh,0.0016050312107136,<CONV>
WQAD,0.0001905281022314,<CONV>
WQCW,6.784837598719948e-05,<CONV>
WQED,0.0015687463533241,<CONV>
WQHS,1.1116674277596416e-05,<CONV>
WQOW,0.0005538554014133,<CONV>
WQRF,7.328636301384135e-05,<CONV>
WRAL,0.0027611948491049,<CONV>
WRAZ,0.0003128315890837,<CONV>
WRBL,0.00026718467388884594,<CONV>
WRC,0.000239812678418,<CONV>
WRCB,0.0001065252655636,<CONV>
WRCCOM,1.8696332713201494e-05,<CONV>
WRCCOX,2.6471731694333904e-05,<CONV>
WRCDT3,0.0001020641999122,<CONV>
WRDE,0.0001354815671781,<CONV>
WRDQ,9.911209750477236e-05,<CONV>
WRDW,0.000242491523266,<CONV>
WREG,0.0002046531218982,<CONV>
WREX,0.0002022172100039,<CONV>
WRGB,0.0011084966757888,<CONV>
WRGT,0.0001270055044628,<CONV>
WRGX,0.0001661261915477,<CONV>
WRIC,7.658107975098516e-05,<CONV>
WRIC.com,0.0013021245290707,<CONV>
WRKF,0.0002051044373075,<CONV>
WRLH,9.619260688422982e-05,<CONV>
WRMD,2.611619932597069e-05,<CONV>
WROC,0.0001378454694262,<CONV>
WRSP,0.0001449308180725,<CONV>
WRTV,0.0006291667622990999,<CONV>
WRVO Public Media,0.00020172169074530002,<CONV>
WSAU,4.063444169102459e-06,<CONV>
WSAV,0.000125160416957,<CONV>
WSAW,0.000584635366436,<CONV>
WSAZ,0.0001636282759177,<CONV>
WSB,0.0002555985256068,<CONV>
WSB Radio,0.0003929878225885,<CONV>
WSBS,4.782908337989322e-06,<CONV>
WSBT,0.0001334913955986,<CONV>
WSCV,2.7313907378876823e-05,<CONV>
WSEE,0.000203272712369,<CONV>
WSET,0.0001417720586631,<CONV>
WSFA,0.0002453518185832,<CONV>
WSFA 12 News,0.0005528475814696001,<CONV>
WSFL-TV,0.0001684228110696194,<CONV>
WSFLTV,9.498593743755572e-06,<CONV>
WSFX,3.915992108647966e-05,<CONV>
WSHM,0.0002461902581976,<CONV>
WSIL,0.0002015558626136,<CONV>
WSIL TV,0.0003366843553032,<CONV>
WSIU,0.0007300871078931,<CONV>
WSJM,0.0003060268654239,<CONV>
WSJV,0.0001013238837253,<CONV>
WSKA,0.0006556788960069,<CONV>
WSKG.org,0.0002235746539603,<CONV>
WSLS,0.0014619527021889,<CONV>
WSMH,7.080958121869625e-05,<CONV>
WSMV,0.0007369750321696001,<CONV>
WSNS,5.261051154200873e-05,<CONV>
WSOC,0.0001677803707567,<CONV>
WSOCDT2,2.5698581547688403e-05,<CONV>
WSPA,0.0023593822267705,<CONV>
WSTM,0.0001727629395542,<CONV>
WSVF,3.187386028092948e-05,<CONV>
WSVN,3.7460901759018535e-05,<CONV>
WSWG,0.0002687636342425,<CONV>
WSWP,0.0071709387474193,<CONV>
WSYM,7.80986570514641e-05,<CONV>
WSYR,0.0001219062329793,<CONV>
WSYX,0.0001356606499934,<CONV>
WSYX ABC 6,0.0005067133076391999,<CONV>
WTAE,0.0001834257912542,<CONV>
WTAJ,0.0004074687899392,<CONV>
WTAP,0.0001439581596624,<CONV>
WTAT,6.052121803086236e-05,<CONV>
WTCV,2.1467198646300116e-05,<CONV>
WTEN,0.0003567865483694,<CONV>
WTGS,7.651230169389662e-05,<CONV>
WTHI,0.0006255819075039,<CONV>
WTHR,0.000164532461984,<CONV>
WTIC,0.0003790615373216,<CONV>
WTIU,0.0010487165485271,<CONV>
WTKR,0.0001653758376229,<CONV>
WTLV,0.0001354490543881,<CONV>
WTMJ,0.0001743134350274,<CONV>
WTMO,9.202589227923107e-06,<CONV>
WTNH,0.0001511941782153,<CONV>
WTNZ,4.941209048981811e-05,<CONV>
WTNZ FOX 43,0.0006536781528329,<CONV>
WTOC,0.0002200402658644,<CONV>
WTOK,8.887432918388305e-05,<CONV>
WTOL,0.0003131862290906,<CONV>
WTOP,0.0018507339482817,<CONV>
WTOV,0.0001325161799798,<CONV>
WTOVDT2,0.0001142252953595,<CONV>
WTRF,0.00043886556276210003,<CONV>
WTRF.com,0.0011893280938745998,<CONV>
WTRFDT3,6.767537152693211e-05,<CONV>
WTSP,0.0001495369264726,<CONV>
WTTA,3.039643651830254e-05,<CONV>
WTTE,7.937543555596143e-05,<CONV>
WTTE FOX28,0.00015091804771344273,<CONV>
WTTG,0.0002503258704343,<CONV>
WTTG FOX5,0.0006715747567268,<CONV>
WTTGCOM,1.365895849637521e-05,<CONV>
WTTGCOX,1.7655763822628664e-05,<CONV>
WTTV,0.0001141327983424,<CONV>
WTTW,0.0003984219684453,<CONV>
WTVA,0.0001580002680148,<CONV>
WTVADT2,8.569412888448785e-05,<CONV>
WTVB,0.000508299517786,<CONV>
WTVC,0.0010007167473702,<CONV>
WTVCDT2,9.135620423692546e-05,<CONV>
WTVD,0.0001850573896528,<CONV>
WTVF,0.0001715769405997,<CONV>
WTVG,0.0001809488577679,<CONV>
WTVH,0.0001585163822701,<CONV>
WTVJ,0.0001478728004602,<CONV>
WTVM,0.0001009447866382,<CONV>
WTVO,0.0001319190235154,<CONV>
WTVP,0.000486024613004,<CONV>
WTVQ,9.697810002751552e-05,<CONV>
WTVR,0.0005116939565672,<CONV>
WTVT,0.0001303664824676,<CONV>
WTVW,3.8118986702752784e-05,<CONV>
WTVY,0.00031024455579,<CONV>
WTWC,0.0003183922406881,<CONV>
WTWO,8.895856482221886e-05,<CONV>
WTXF,5.642184526786538e-05,<CONV>
WTXFCOM1,1.3658963091150692e-05,<CONV>
WTXL,9.552215572052711e-05,<CONV>
WUFT,0.0121110067322734,<CONV>
WUFTBACK,4.89419540372082e-05,<CONV>
WUGA,9.448593467623845e-05,<CONV>
WUHF,5.216244699468524e-05,<CONV>
WUKY,0.0003586771235981,<CONV>
WUNC,0.0002447124426963,<CONV>
WUNI,4.219044724385398e-05,<CONV>
WUPA,1.4034950446432867e-05,<CONV>
WUPL,9.511237585270094e-06,<CONV>
WUPW,0.0001082567978525,<CONV>
WUSA,0.0002570730641191,<CONV>
WUSACOM,2.7485584607694443e-05,<CONV>
WUSACOX,2.882055784880692e-05,<CONV>
WUSF,0.0003052334690136,<CONV>
WUTC,0.00011708874010593754,<CONV>
WUTR,4.676829754312862e-05,<CONV>
WUTV,8.694919315377998e-05,<CONV>
WUVC,1.2027058330693066e-05,<CONV>
WUVP,5.840900944101221e-06,<CONV>
WUWF,0.0001359468275350758,<CONV>
WUWM,0.0003861445321138,<CONV>
WV News,0.0010971261814287,<CONV>
WVAS,8.472753342048637e-05,<CONV>
WVAW,0.0001711926967116,<CONV>
WVBT,0.0001238100908028,<CONV>
WVEA,1.2635782387743409e-05,<CONV>
WVEC,0.0002227198699504,<CONV>
WVEN,5.314972345090849e-06,<CONV>
WVFX,8.469548583980144e-05,<CONV>
WVFXDT2,1.4287009701580551e-05,<CONV>
WVIA Public Media,0.00014000680240248598,<CONV>
WVII,0.0001528647656761,<CONV>
WVIK (Online),0.0002390893123953,<CONV>
WVIR,0.0001964872354171,<CONV>
WVIT,0.0001267277692225,<CONV>
WVLA,0.0001093918059682,<CONV>
WVLT,0.0001759884237805,<CONV>
WVNC,9.888841000469676e-05,<CONV>
WVNS,0.0003461188598089,<CONV>
WVNSDT2,5.428169874490787e-05,<CONV>
WVNY,0.0001169253229278,<CONV>
WVPY,0.0007253161990083,<CONV>
WVTF,7.148332971369842e-05,<CONV>
WVTM,0.0002577687036654,<CONV>
WVTM13,0.0005326949062381,<CONV>
WVUA 23 Digital,2.690244211581645e-05,<CONV>
WVUE,0.000157929630865,<CONV>
WVVA,0.0001066805846165,<CONV>
WVXU,0.0014463553925094,<CONV>
WWAY,9.877789187325885e-05,<CONV>
WWBT,0.0002266956006953,<CONV>
WWCP,3.938234261062602e-05,<CONV>
WWHO,0.0001133018271648,<CONV>
WWJ,0.0004012389070038,<CONV>
WWL,0.0001135656603235,<CONV>
WWLP,0.0003189439183114,<CONV>
WWMT,0.0002611584631523,<CONV>
WWMT-TV,0.0009397972188527,<CONV>
WWNO,0.00015783051666849756,<CONV>
WWNY,6.826009486446351e-05,<CONV>
WWNY TV 7,0.0003965092437612,<CONV>
WWOR,1.786690181163968e-05,<CONV>
WWSB,0.0001491669661054,<CONV>
WWSI,1.9321282408065412e-05,<CONV>
WWTI,0.0003238984388157,<CONV>
WWTV,0.0001144030244829,<CONV>
WXCW,4.164712652556568e-05,<CONV>
WXIA,0.000204507275735,<CONV>
WXII,0.0001529607579632,<CONV>
WXII12 Piedmont Triad,0.0003666263268733,<CONV>
WXIN,8.03726051781005e-05,<CONV>
WXIX,0.0001427284197253,<CONV>
WXLV,0.0001357469937221,<CONV>
WXMI,0.0001545498081704,<CONV>
WXPR,0.00011681946805777976,<CONV>
WXTV,2.0845012216145343e-05,<CONV>
WXTX,3.9550240550978306e-05,<CONV>
WXVT,0.0002480992526712,<CONV>
WXXA,7.065429500461583e-05,<CONV>
WXXI News,0.00012455976624980625,<CONV>
WXXV,4.156557592042285e-05,<CONV>
WXXVDT2,0.000112902457129,<CONV>
WXYZ,0.0012293836284202999,<CONV>
WYCW,2.234542236701834e-05,<CONV>
WYDC,1.0457524689079788e-05,<CONV>
WYDO,0.00010181211256,<CONV>
WYFF,0.0002180538012427,<CONV>
WYFF4,0.00047367137128870003,<CONV>
WYFX,7.75565332304241e-05,<CONV>
WYOU,0.0001187056210591,<CONV>
WYPR,0.00012600095547226785,<CONV>
WYSO,0.00013017774776714935,<CONV>
WYSU-FM,0.00019907083126340127,<CONV>
WYTU,1.3951515892049148e-05,<CONV>
WYTV,9.812012799214652e-05,<CONV>
WYZZ,4.228249852351748e-05,<CONV>
WZAW,4.649589555461526e-05,<CONV>
WZDC,3.8494196081164165e-05,<CONV>
WZDCCOX,4.997307972587116e-07,<CONV>
WZDX,3.3833524139303024e-05,<CONV>
WZTV,0.0057578619425124,<CONV>
WZVN,0.0001007443376552,<CONV>
WZZM,0.0002751281041261,<CONV>
Wa Today,4.653454350131221e-05,<CONV>
Wacotrib,0.00010463840465433708,<CONV>
"Wafaa Shurafa, Jack Jeffery, Samy Magdy",2.523295853881773e-06,<CONV>
"Wafaa Shurafa, Mohammad Jahjouh, Samy Magdy",3.061321480270544e-06,<CONV>
"Wafaa Shurafa, Mohammed Jahjouh",1.0761982571986637e-05,<CONV>
"Wafaa Shurafa, Samy Magdy",3.44087270132789e-05,<CONV>
"Wafaa Shurafa, Samy Magdy, Jack Jeffery",2.0193295848417416e-06,<CONV>
Waldronnews,0.0005586904836361001,<CONV>
Walk The Biz,0.0004265268472843,<CONV>
Walk To The Place,3.292057758383413e-05,<CONV>
Walla Walla Union-Bulletin,0.000533639116506,<CONV>
Wamc,0.0001428994105480265,<CONV>
Wand,0.0002233620259754,<CONV>
Wane,0.0010794293603512,<CONV>
Wane.com,0.0007630314926500999,<CONV>
Waqas Arain,6.633863360458568e-05,<CONV>
Warrick News,0.0002651558345071,<CONV>
Washington City Paper,0.0043509721850716,<CONV>
Washington Daily News,0.0004904474327066,<CONV>
Washington Dc Despatch,0.00037755800623119997,<CONV>
Washington Examiner,0.0005290610118891,<CONV>
Washington Ledge,0.0005283236978753,<CONV>
Washington Post,0.0026662187924534004,<CONV>
Washington State News,0.0013177091415248,<CONV>
Watauga Democrat,0.0002525389699208,<CONV>
Wate News,0.0008004009818567,<CONV>
WattAgNet.com,5.7207753406164024e-05,<CONV>
Wavy,0.0017238303508355,<CONV>
Wayne Parry,0.0001199380607292,<CONV>
Wbal Radio,5.35464911944886e-05,<CONV>
Wbhm,0.0005185058870825,<CONV>
Wbko,9.80364999655787e-05,<CONV>
Wboy,0.0014677776555532,<CONV>
Wcbu,0.00016657281483265228,<CONV>
Wcia,0.0002042858677911,<CONV>
Wcti12,0.00025019641775230004,<CONV>
Wcvb,0.0003241609716498,<CONV>
Wdctv News,0.0012272767153416,<CONV>
Wdhn,0.0004962214696224,<CONV>
Wdiy88.1,0.00017125054770516292,<CONV>
Wdtn,0.0016385998268657,<CONV>
We Are Greenbay,0.0017393955714368001,<CONV>
Wealth Creation Investing,0.001826927662332,<CONV>
Wear Tv,0.0005283017870665,<CONV>
Weau,0.00045890050323740003,<CONV>
Web,0.463074155102133,<CONV>
Webcenter 11,0.000204678779721,<CONV>
Webster County Citizen,0.0002734334303834,<CONV>
Wed Apr,1.3647057015314802e-05,<CONV>
Weeklyrebound,5.103405061017562e-05,<CONV>
Weirton Daily Times,0.00010329192768610359,<CONV>
Weisradio,0.0004075555221238,<CONV>
Welcome to GVTC,5.136417752383065e-05,<CONV>
Wellsboro Gazette,0.0003345430876307,<CONV>
Wendy Ruderman,1.5753816257316943e-05,<CONV>
Wenxuecity,0.0024320632449679,<CONV>
Weny,2.61475764919982e-05,<CONV>
Wesh,0.0005865535829267,<CONV>
West Central's Best,0.00029616969120290003,<CONV>
West Jordan Journal,0.0004202144533741,<CONV>
West Valley City Journal,0.0006946223535986,<CONV>
West Virginia State News.Net,0.0007260520264329,<CONV>
Western Slope Now,0.000247080406162,<CONV>
Weston A. Price,3.7000311186133655e-06,<CONV>
Wfin,0.00032461886953639996,<CONV>
Wfla,0.0012048010626744,<CONV>
Wfxrtv,0.0003002882065485,<CONV>
Wgme Staff,5.152211427825066e-05,<CONV>
Wgn Radio,0.00016350219342667175,<CONV>
Wgno,0.00018353259693616988,<CONV>
Wgntv,0.0008990823611173,<CONV>
Wgxa,4.4818729419701076e-05,<CONV>
Whio Staff,0.0001392079438538,<CONV>
White house News Time,0.00014413295753209818,<CONV>
Whitney Downard,1.1540297773312663e-05,<CONV>
Whittier Daily News,0.0003851821939158,<CONV>
Whnt,0.0028572918021544,<CONV>
Who13,0.0002493697053175,<CONV>
WiLD 94.9,3.5949531609937356e-05,<CONV>
Wicked Local,0.0004225055720612,<CONV>
Wifr,0.00023103472438890002,<CONV>
Wilkes-Barre Citizens' Voice,7.267821849183904e-05,<CONV>
Will Conybeare,0.0001066689502055,<CONV>
Will Stone,0.001101387114469,<CONV>
"Will Stone, Pien Huang",0.0001777557900125,<CONV>
Will Weissert,7.573320413736438e-05,<CONV>
"Will Weissert, Maria Cheng",0.0002102277790712,<CONV>
"Will Weissert, Zeke Miller",2.314498404210016e-05,<CONV>
William Maclean,2.42346253239566e-05,<CONV>
William Tong,4.150890503635355e-05,<CONV>
Wind Stream,2.9430055360894486e-05,<CONV>
Windsor Weekly,0.000253049360624,<CONV>
Winnipeg Free Press,4.9571414092573745e-05,<CONV>
Winnipeg Sun,2.5892007760272353e-05,<CONV>
Winona Daily News,0.00013606400102756177,<CONV>
Winston Salem Journal,0.000394506768708,<CONV>
Wiproud,0.0005487145685385999,<CONV>
Wires,0.0496773256796848,<CONV>
Wisconsin Press Releases,1.5459882178286088e-05,<CONV>
Wisconsin Public Radio News,0.0007713574200887,<CONV>
WishTV.com,0.0010580725666111,<CONV>
Wivb,0.0016770544431489,<CONV>
Wjab,5.678671705662783e-05,<CONV>
Wjbf,0.0006041623710517,<CONV>
Wjhl,0.0034247268976277997,<CONV>
Wjla,2.6284169432229705e-05,<CONV>
Wjla.com,8.37360053755922e-05,<CONV>
Wjtn,0.00016704012181469884,<CONV>
Wjtv,0.0012552432271698,<CONV>
Wkbn,0.0025599399393847,<CONV>
Wklh,7.704784557322579e-05,<CONV>
Wkrg,0.001941784794344,<CONV>
Wkrn,0.0012632059178428,<CONV>
Wkyufm.org,0.0002898678200965,<CONV>
Wlns,0.0010111160834112998,<CONV>
Wlns -Cision,0.0004076263266619,<CONV>
Wltx 19,0.00035389074842,<CONV>
Wlwt,0.0008450452813857,<CONV>
Wmbd Radio,1.982000101668989e-06,<CONV>
Wmbf,0.0005422543132129,<CONV>
Wmtw,0.0005858146524881,<CONV>
Wnc Business,0.00035134781512270003,<CONV>
Wnct,0.00016761255616183553,<CONV>
Wnin,0.0002402347853167,<CONV>
Wojciech Zylm,7.373204232473351e-05,<CONV>
Wolf Depner,3.249420636910325e-05,<CONV>
Wood tv,0.0005180120500971,<CONV>
WordPress,0.0013321631979933,<CONV>
World Advertising Report,0.0004359241643155,<CONV>
World Healthcare Report,0.0006472124525239999,<CONV>
World Nation News,0.00022955982961530002,<CONV>
World News,0.0208638364978482,<CONV>
World News Era,8.544604143290047e-05,<CONV>
World News Network,0.0023297899168261997,<CONV>
World Online News Reports,0.0004748263042716,<CONV>
World Socialist Web Site,0.0016640107556577,<CONV>
Wow Way,0.0001183501312664954,<CONV>
Wowktv,0.0006388722635233,<CONV>
Wowt,0.0004895709005262,<CONV>
Wpde,0.0007806068160549,<CONV>
Wpln By Catherine Sweeney,3.0133551201562584e-05,<CONV>
Wpri 12,0.0015241324247624,<CONV>
Wqln,0.00013143026368612223,<CONV>
Wrdw-Tv,0.0006493291625209001,<CONV>
Wreg,0.0025549055412935,<CONV>
Wsav Tv,0.0006106052847504001,<CONV>
Wsbt22,0.0003631136513717,<CONV>
Wsbtv.com,0.0007958587256718999,<CONV>
Wset,0.0003334861183817,<CONV>
Wsyx Staff,1.821916454578432e-05,<CONV>
Wtaq News,0.0014928172804911,<CONV>
Wthi Tv,0.0001598198622833456,<CONV>
Wtjx Newsfeed,0.0001707802862474159,<CONV>
Wtkr,0.0005371784777597,<CONV>
Wtnh,0.0009440004105216999,<CONV>
Wtov,0.00010218244080944143,<CONV>
Wtvg Staff,1.0962261952893556e-05,<CONV>
Wuft News,0.0001097789411784712,<CONV>
Wuot,0.00021713200311339998,<CONV>
Wvlt,0.0003816195208166,<CONV>
Wvpe 88.1,0.0002325113258736,<CONV>
Wwlp,0.0014662762786726,<CONV>
Wwti,0.0002388834077194,<CONV>
Wyoming News Now,0.0004642736200059,<CONV>
Wyoming Public Media,6.633890118579538e-05,<CONV>
Wyoming State News.Net,0.0012542298651403,<CONV>
Wyomingnews,0.0004090608906491,<CONV>
Wytv,0.0006581181101826,<CONV>
XHAS,3.264679801196132e-05,<CONV>
YNNAUS,0.0013255193158112,<CONV>
YNNCAP,0.0006395082525962,<CONV>
YNNCENTRALNY,0.0001207291204805,<CONV>
YNNROC,0.0008050335947031,<CONV>
Yahoo,0.0012386342914288999,<CONV>
Yahoo Finanzas,0.0030868628319045003,<CONV>
Yahoo! Autos,0.0010745450376552,<CONV>
Yahoo! Canada,0.0019283756808339,<CONV>
Yahoo! Español,0.0022320287227843,<CONV>
Yahoo! Finance,0.0009659194388712,<CONV>
Yahoo! Lifestyle,0.004773337948031,<CONV>
Yahoo! News US,0.0053899771236294,<CONV>
Yakima Herald-Republic,0.00016323573293941892,<CONV>
Yale University,1.8524778176656964e-05,<CONV>
Yana Grebenyuk,3.5855588896666506e-05,<CONV>
Yasuyoshi Chiba,0.00021548023451,<CONV>
Yellowstone Public Radio,0.0003661330056065,<CONV>
Yereth Rosen,1.3758411524691497e-05,<CONV>
YouTube,8.38265947008492e-05,<CONV>
Your Alaska Link,0.0008443208162829,<CONV>
Your Basin,0.0003493735451265,<CONV>
Your Big Sky,0.0004328103802074,<CONV>
Your Central Valley,0.0006648735155272,<CONV>
Your Erie,0.0003386880501156,<CONV>
Your valley,0.00015015438744636687,<CONV>
Youri Benadjaoud,0.0002955961755596,<CONV>
"Youri Benadjaoud, Mary Kekatos",3.367027960514165e-05,<CONV>
Yournews,0.000479707888118,<CONV>
Yoursourceone,0.0003258059908927,<CONV>
Yuki Noguchi,0.0002930838992929,<CONV>
Zach Tuggle,7.163987994692474e-05,<CONV>
Zach White,9.643743350875066e-05,<CONV>
Zachary W. Schulz,5.144851556483883e-05,<CONV>
Zama Luthuli,4.772598365671273e-05,<CONV>
"Zeke Miller, Colleen Long",1.124579051839392e-06,<CONV>
"Zeke Miller, Will Weissert",7.722035697832695e-05,<CONV>
Zephyrnet,0.0002396266356876,<CONV>
Zero Hedge,0.0002359430666963,<CONV>
ZeroHedge,0.0002271165916691,<CONV>
Zeynep Tufekci,6.913813166641414e-05,<CONV>
Zoya Teirstein,3.136625568779953e-05,<CONV>
Zukri,9.56141263227112e-05,<CONV>
__OTHER__,0.4879423869071634,<CONV>
abbott,0.0048866520182916,<CONV>
abc,0.0109384979453095,<CONV>
abc27 WHTM,0.0009163574615182999,<CONV>
abdominal,0.0126449912118687,<CONV>
abortion,0.0058523231382857,<CONV>
abroad,0.0094774811860438,<CONV>
absence,0.0112948149867206,<CONV>
absolutely,0.0144373879724102,<CONV>
abstract,0.0086228497598701,<CONV>
abu,0.002157005942995,<CONV>
abu dhabi,0.0008468919519283,<CONV>
abuse,0.0132399351234443,<CONV>
academic,0.0070398386327405,<CONV>
academy,0.009009372925648,<CONV>
accelerate,0.0078923600741462,<CONV>
accelerated,0.0091551980077033,<CONV>
accelerating,0.008978095791421,<CONV>
accept,0.0084559585767912,<CONV>
accept responsibility,0.0076074379551089,<CONV>
acceptable,0.0082800721845797,<CONV>
acceptance,0.0083013978333503,<CONV>
accepted,0.0116323193370255,<CONV>
access,3.730718053262349e-05,<CONV>
access care,0.0082509351028502,<CONV>
access health,0.0077832431688489,<CONV>
accessed,0.0073026244981512,<CONV>
accessibility,0.0063417391502234,<CONV>
accessing,0.0074299070069182,<CONV>
accesswire,0.0032338333658446,<CONV>
accident,0.0127310687159919,<CONV>
accompanied,0.0117497676400515,<CONV>
accomplishment,0.0097530712096615,<CONV>
accord,0.0042498487122076,<CONV>
accordance,0.0083974482406452,<CONV>
according,1.7170391498771766e-05,<CONV>
according cdc,0.0190270560549647,<CONV>
according center,0.0184031655919499,<CONV>
according world,0.0216398791545588,<CONV>
accountability,0.0097659776778162,<CONV>
accountable,0.009550999318802,<CONV>
accounted,0.0082219642771714,<CONV>
accounting,0.0103026781142544,<CONV>
accreditation,0.0029696860556534,<CONV>
accredited,0.0071498860628599,<CONV>
accuracy content,0.0075799765845142,<CONV>
accurately,0.0084098803216011,<CONV>
ache,0.0140520570683849,<CONV>
achieved,0.0077581052342447,<CONV>
achieving,0.0077414311183711,<CONV>
acid,0.0050144948352327,<CONV>
acip,0.0030252461377029,<CONV>
acknowledge,0.011869177782215,<CONV>
acknowledged,0.0126561554511468,<CONV>
acquired,0.0090967046506674,<CONV>
acquisition,0.0065206155866192,<CONV>
acre,0.0108402407071515,<CONV>
across,6.864770437673475e-05,<CONV>
across country,0.0116740292381084,<CONV>
across state,0.0135810511474636,<CONV>
acting,0.0125382344640816,<CONV>
action,3.104246823993797e-05,<CONV>
actionable,0.0069149887458448,<CONV>
activation,0.0043751116725355,<CONV>
actively,0.0101824754847607,<CONV>
activist,0.012888724462038,<CONV>
activity,3.622385238704713e-05,<CONV>
actor,0.0098592601655989,<CONV>
actual,0.0147566199154993,<CONV>
actual result,0.0092000574696124,<CONV>
acute,0.0098477603730942,<CONV>
ada,0.0105653648918659,<CONV>
adam,0.0096176649328491,<CONV>
adapt,0.0089483573906514,<CONV>
adaptation,0.0064688915282814,<CONV>
adapted,0.0097516742909256,<CONV>
added,0.000245905657818,<CONV>
adding,0.0111316258763924,<CONV>
additive,0.0090321190762271,<CONV>
address,5.2382337657392675e-05,<CONV>
addressed,0.0096316211226209,<CONV>
adem,0.0072198787111814,<CONV>
adequate,0.0101806026583317,<CONV>
adhanom,0.009586849759689,<CONV>
adhanom ghebreyesus,0.0121274899477085,<CONV>
adherence,0.004473957551475,<CONV>
adjusted,0.00662820888168,<CONV>
adjustment,0.0166262855136539,<CONV>
adjuvant,0.0025073673824255,<CONV>
admin,1.4148535050294076e-05,<CONV>
administer,0.0093679105256683,<CONV>
administered,0.0102681795797288,<CONV>
administration,0.0008990133351256,<CONV>
administrative,0.0087812871460198,<CONV>
administrator,0.0137860951883912,<CONV>
admission,0.0087549047797752,<CONV>
admitted,0.0132576282628157,<CONV>
adopt,0.0077775226367094,<CONV>
adopted,0.0072766519610312,<CONV>
adopting,0.0072328125257686,<CONV>
adoption,0.0054378291162126,<CONV>
adult,0.0007155446392155,<CONV>
adulthood,0.0059413987113451,<CONV>
advantage,0.0089557644808454,<CONV>
adventure,0.0134549773444267,<CONV>
adverse,0.0096530940835869,<CONV>
advertisement,0.0079415327631305,<CONV>
advertising,0.0078783838209996,<CONV>
advice,0.0108994176604873,<CONV>
advise,0.0126780826846348,<CONV>
advised,0.0159382590586014,<CONV>
adviser,0.0115861919949327,<CONV>
advisor,0.0089225017466883,<CONV>
advisory committee,0.0067717757953006,<CONV>
advocating,0.0103178454441646,<CONV>
aedes,0.0062946407234515,<CONV>
aesthetic,0.003150393611004,<CONV>
affair,0.0102498201865913,<CONV>
affected,0.1472971776663864,<CONV>
affecting,0.0128541294297126,<CONV>
affiliate,0.0057050143336696,<CONV>
affiliated,0.0109257462917089,<CONV>
afford,0.0139865980851619,<CONV>
affordability,0.0074196395473254,<CONV>
afghanistan,0.0038441327065585,<CONV>
afp,0.0087448571461551,<CONV>
africa,0.0021280721811996,<CONV>
afternoon,0.0160611739176853,<CONV>
age,0.0004236314757991,<CONV>
age group,0.0084579528047484,<CONV>
aged year,0.0083401526827584,<CONV>
agency,5.149455467935314e-05,<CONV>
agency canada,0.0045689119396294,<CONV>
agenda,0.0082222796460498,<CONV>
agent,0.0115384401801328,<CONV>
agree,0.0118084570439364,<CONV>
agreed,0.0090602554553895,<CONV>
agricultural,0.0077263620982607,<CONV>
agriculture,0.0113432080089326,<CONV>
agua,0.0024319248006485,<CONV>
aha,0.0028795741999843,<CONV>
ahf,0.0006555833122064,<CONV>
aid,4.611065219605043e-05,<CONV>
aid day,0.0045729314424537,<CONV>
aiming,0.007776712865378,<CONV>
air,0.0017302873592758,<CONV>
air quality,0.0057388708453173,<CONV>
airborne,0.010014201606904,<CONV>
airport,0.0115163354591358,<CONV>
alabama,0.0069882849940255,<CONV>
alarm,0.0182392658369347,<CONV>
alarming,0.0180895044420936,<CONV>
alaska,0.010024432729229,<CONV>
alert,0.0153954789230734,<CONV>
alex,0.1415458215322384,<CONV>
algorithm,0.0061502736911952,<CONV>
ali,0.1681213152326089,<CONV>
align,0.0073523579623041,<CONV>
aligned,0.007084341564408,<CONV>
aligning,0.0051419781661295,<CONV>
alignment,0.0065482150909671,<CONV>
aligns,0.0068876295238038,<CONV>
alike,0.0117995470381933,<CONV>
alimentos,0.002141930983118,<CONV>
alive,0.01145278266201,<CONV>
allergic,0.006450583933453,<CONV>
allergy,0.0057196640807133,<CONV>
alleviate,0.0091533510294376,<CONV>
allied,0.0032825582172752,<CONV>
allocated,0.0087965834397341,<CONV>
allocation,0.0071895223539203,<CONV>
allowed,0.013453501100239,<CONV>
allowing,0.0125411917816205,<CONV>
allows,0.0111511261853439,<CONV>
ally,0.0127958709189487,<CONV>
alone,0.0143019905908029,<CONV>
alongside,0.0107203468860273,<CONV>
alpha,0.0053605096689935,<CONV>
already,0.000348252982387,<CONV>
also,1.283013707804852e-06,<CONV>
alta,0.0019079383029505,<CONV>
alzheimer,0.0055025330165167,<CONV>
alzheimer disease,0.0059524378546234,<CONV>
ama,0.0036350903804893,<CONV>
amazing,0.0093935697990364,<CONV>
amazon,0.0081307143165851,<CONV>
ambassador,0.0054293864217089,<CONV>
ambitious,0.008941660218478,<CONV>
ambulatory,0.0033764633822771,<CONV>
amended,0.0059455806796386,<CONV>
amendment,0.0067942479009069,<CONV>
america,3.7523788218191434e-05,<CONV>
american,7.330968121037791e-05,<CONV>
american heart,0.0066831899917939,<CONV>
american public,0.0114634964821259,<CONV>
americorps,0.0006161728635689,<CONV>
amid,0.0128443720954179,<CONV>
among,1.7162567803656485e-05,<CONV>
among child,0.0100813430917635,<CONV>
amplify,0.0071583958454962,<CONV>
amr,0.0023372624166787,<CONV>
amy,0.0077666086976952,<CONV>
analysis,0.000487054236337,<CONV>
analyst,0.0087449332360493,<CONV>
analytical,0.0051406164184313,<CONV>
analyze,0.0097962799746453,<CONV>
analyzed,0.0101695703447252,<CONV>
analyzing,0.0086025020126901,<CONV>
ancient,0.0055273991592445,<CONV>
anda,0.0071790849997132,<CONV>
andrew,0.0124709212341761,<CONV>
anemia,0.0062281154678398,<CONV>
angeles,0.009495566118936,<CONV>
animal,0.00078031097941,<CONV>
ann,0.0073690543711779,<CONV>
anniversary,0.0059091044366788,<CONV>
announce,0.0078985708670988,<CONV>
announced,0.0626524431595011,<CONV>
announcement,0.0124994831117311,<CONV>
announces,0.0084420544565125,<CONV>
announcing,0.0157362790876352,<CONV>
annual growth,0.0036486965840977,<CONV>
annually,0.010710031022717,<CONV>
another,0.000226032191276,<CONV>
answer,0.0131088180982165,<CONV>
ante,0.013246147077472,<CONV>
anthony,0.0109626946323774,<CONV>
anthrax,0.0025432781864466,<CONV>
antibody,0.0054634115212339,<CONV>
anticipate,0.0126575492635015,<CONV>
anticipated,0.0099297994403683,<CONV>
antigen,0.0042229854113269,<CONV>
antimicrobial,0.0043759103407323,<CONV>
antimicrobial resistance,0.0057538878756881,<CONV>
antiretroviral,0.0037322101346849,<CONV>
antiviral,0.0075872812002836,<CONV>
antonio,0.0085846759590217,<CONV>
anxiety,0.0129287674140548,<CONV>
anyone,0.0146182275317605,<CONV>
anything,0.0171176232249237,<CONV>
anywhere,0.0152699929723628,<CONV>
apart,0.0141802647997372,<CONV>
apha,0.0023855804874961,<CONV>
app,0.0083955106889435,<CONV>
appeal,0.01061126810599,<CONV>
appear,0.0153725589167217,<CONV>
appearance,0.0124450963104362,<CONV>
appeared,0.0126020951083857,<CONV>
appears,0.0151894714061335,<CONV>
apple,0.0080563925755502,<CONV>
applicable,0.0092581521509812,<CONV>
applied,0.0083185540877538,<CONV>
apply,0.0104183490739067,<CONV>
applying,0.0111958059989598,<CONV>
appointed,0.0090066253537071,<CONV>
appreciate,0.0131124240281557,<CONV>
approach,3.82466712145732e-07,<CONV>
appropriate,0.0100422127541434,<CONV>
apps,0.006811630725353,<CONV>
apr,0.0068472041114612,<CONV>
april,0.0395506775060892,<CONV>
arab,0.0051555396843416,<CONV>
arabia,0.0046843316395528,<CONV>
architecture,0.004388278632845,<CONV>
area,0.0002755186527117,<CONV>
argentina,0.0064461045331554,<CONV>
argue,0.013676327057942,<CONV>
argued,0.0127318556326468,<CONV>
argument,0.011667478714524,<CONV>
arizona,0.0104380525653847,<CONV>
arkansas,0.0076059636773344,<CONV>
arleen,7.213622310248084e-05,<CONV>
arm,0.011361047737037,<CONV>
army,0.0110469388778256,<CONV>
around,0.0008760043255756,<CONV>
around world,0.0108336505770596,<CONV>
arrangement,0.0068993856172564,<CONV>
array,0.0087129970294807,<CONV>
arrest,0.0145076214615397,<CONV>
arrival,0.0113454447776873,<CONV>
arrived,0.0199271861395626,<CONV>
arterial,0.0038657532796357,<CONV>
artery,0.0104337975781319,<CONV>
article,0.0003195747948088,<CONV>
article complaint,0.007567441616533,<CONV>
article kindly,0.0075613734462858,<CONV>
artificial,0.0075593628525126,<CONV>
artificial intelligence,0.00821850356735,<CONV>
artist,0.0057174337736692,<CONV>
asbestos,0.0023219811502983,<CONV>
ashley,0.0065496139037021,<CONV>
asia pacific,0.0051063696391756,<CONV>
asian,0.0075564556980546,<CONV>
ask,0.0153308551556165,<CONV>
asking,0.0147686264036478,<CONV>
aspect,0.0075186043680293,<CONV>
assault,0.0151309157961237,<CONV>
assay,0.0029797501311372,<CONV>
assess,0.0083539628585029,<CONV>
assessed,0.0084809452602967,<CONV>
assessing,0.0117178797999607,<CONV>
asset,0.0078227014444726,<CONV>
assigned,0.0075787836719839,<CONV>
assist,0.0096557171727728,<CONV>
assistant,0.010235874065371,<CONV>
assisted,0.0074447755962366,<CONV>
associate,0.0114954081081116,<CONV>
associated,0.0015963056632988,<CONV>
associated press,0.0105212212759292,<CONV>
association,2.0075704612530733e-05,<CONV>
assumption,0.009491863454413,<CONV>
assurance,0.0093437705652986,<CONV>
asthma,0.0060975171107597,<CONV>
astho,0.001110616147079,<CONV>
astrazeneca,0.0029277381620922,<CONV>
atenci,0.0025880255239765,<CONV>
athlete,0.0052318308499418,<CONV>
atlanta,0.0095414816777555,<CONV>
atlantic,0.0086260755726561,<CONV>
attachment,0.0089179400275722,<CONV>
attack,0.0138434418112824,<CONV>
attempt,0.0123461057316883,<CONV>
attend,0.011791345580753,<CONV>
attendance,0.0091765063595836,<CONV>
attended,0.009017926753815,<CONV>
attendee,0.0047437157904916,<CONV>
attending,0.0083708886587882,<CONV>
attitude,0.0063149943655573,<CONV>
attorney,0.0128380701985789,<CONV>
attribute,0.0079162202382718,<CONV>
attributed,0.0096530736791029,<CONV>
audience,0.0101776072523033,<CONV>
audio,0.0093149256959811,<CONV>
aug,0.0097078944121098,<CONV>
austin,0.0067545780791082,<CONV>
australia,0.0080234791256576,<CONV>
australian,0.0059774437363261,<CONV>
author,0.0001047477673795,<CONV>
authority,0.0036628620204139,<CONV>
authorization,0.0078384953251997,<CONV>
authorized,0.009725932655074,<CONV>
autism,0.0077983686233947,<CONV>
auto,0.0106591207088434,<CONV>
automated,0.0054706664473192,<CONV>
aux,0.0025768917241039,<CONV>
availability,0.0099455621881052,<CONV>
available,0.1127368511666189,<CONV>
ave,0.0057948202462865,<CONV>
avec,0.002837134588979,<CONV>
avenue,0.0112797626683968,<CONV>
avian flu,0.0071969256897768,<CONV>
avian influenza,0.0087789348429747,<CONV>
avoiding,0.0132988942224378,<CONV>
awarded,0.0066954526226568,<CONV>
aware,0.0157633292241867,<CONV>
awareness campaign,0.0072421258401164,<CONV>
ayushman,0.0016238190668935,<CONV>
baca,0.0129185427821263,<CONV>
bachelor,0.0042793568014817,<CONV>
back,0.0151954714221901,<CONV>
backed,0.0110514717290058,<CONV>
background,0.0121835429545098,<CONV>
backyard,0.0117401048012944,<CONV>
bacterial,0.0078822876140125,<CONV>
bad,0.0150576212258477,<CONV>
bag,0.0178805718582485,<CONV>
balance,0.0093049701605268,<CONV>
balanced,0.0085562703399595,<CONV>
ball,0.0116085722707442,<CONV>
baltimore,0.0102875191093824,<CONV>
ban,0.0100449342888503,<CONV>
band,0.0089443644104585,<CONV>
bangladesh,0.0039686155111356,<CONV>
bank,0.0516282184013718,<CONV>
banned,0.0151854236221179,<CONV>
banning,0.0106394156966941,<CONV>
bar,0.013926014156362,<CONV>
barbara,0.0057051010091138,<CONV>
barda,0.0036788381298907,<CONV>
base,0.0075854528698377,<CONV>
based,5.2763725629883955e-05,<CONV>
based care,0.0051485747620755,<CONV>
baseline,0.0055020563286443,<CONV>
basic,0.0084277084484237,<CONV>
basically,0.016149230417742,<CONV>
basis,0.0109184919173375,<CONV>
bat,0.0057310636523589,<CONV>
bath,0.0065852122652104,<CONV>
bathroom,0.0077303912310165,<CONV>
battle,0.013544678138005,<CONV>
bavarian,0.0028454686651952,<CONV>
bavarian nordic,0.0035795775024615,<CONV>
bay,0.00847755031339,<CONV>
bbc,0.0135990150604026,<CONV>
beach,0.0081926809600249,<CONV>
bean,0.0039961581892612,<CONV>
bear,0.0152274397670476,<CONV>
beat,0.0118643422503794,<CONV>
beautiful,0.0112198149868681,<CONV>
beauty,0.0064362818070074,<CONV>
became,0.0138397002011706,<CONV>
beckershospitalreview.com,0.000517505231169,<CONV>
becomes,0.013107901945996,<CONV>
becoming,0.0137699863665775,<CONV>
bed,0.0093288745975478,<CONV>
beef,0.0110825980748762,<CONV>
beginning,0.013358694810118,<CONV>
begun,0.0147160227892157,<CONV>
behalf,0.0098559698877757,<CONV>
behavioral,0.0071822627688691,<CONV>
behavioral health,0.0071819908068248,<CONV>
behaviour,0.0045609818404804,<CONV>
beijing,0.0078217617794193,<CONV>
belief,0.0123817183763462,<CONV>
believed,0.0138717759824735,<CONV>
bell,0.0091607922308357,<CONV>
bellevueheraldleader.com,0.0002675555535884,<CONV>
ben,0.0116796439252835,<CONV>
benchmark,0.0066090359183839,<CONV>
beneficial,0.0088801507851414,<CONV>
beneficiary,0.0040836425932085,<CONV>
benefit,0.0001056457091615,<CONV>
benjamin,0.0089177217493779,<CONV>
best,0.0006564888567421,<CONV>
best practice,0.0079217443256847,<CONV>
beta,0.0044257614248669,<CONV>
better,7.46113114806374e-05,<CONV>
better health,0.0085606412774934,<CONV>
beverage,0.0054346577194228,<CONV>
beyfortus,0.0003197565727979,<CONV>
bharat,0.0013824429337958,<CONV>
bhattacharya,0.005022886573075,<CONV>
bias,0.0068991970765142,<CONV>
biden administration,0.0166366329524824,<CONV>
bien,0.0053661767722302,<CONV>
bigger,0.0172129978944056,<CONV>
biggest,0.0154626365682614,<CONV>
bike,0.0051717710457618,<CONV>
billion,0.0002259298001242,<CONV>
bin,0.0057234398771391,<CONV>
binding,0.0069082259206169,<CONV>
bio,0.0054183202377984,<CONV>
biolabs,0.000685989243222,<CONV>
biological,0.0093578582577878,<CONV>
biologics,0.0101355959462104,<CONV>
biology,0.0084711320107748,<CONV>
biomedical,0.0061562936630249,<CONV>
biopharmaceutical,0.0071812794557736,<CONV>
bioscience,0.0047660933062933,<CONV>
biosecurity,0.0068476553709791,<CONV>
biotech,0.0074635470361416,<CONV>
biotechnology,0.0073399875091485,<CONV>
bipartisan,0.0122434534255919,<CONV>
bir,0.0065785336748309,<CONV>
bird,3.468862563428433e-05,<CONV>
bird flu,0.0096290468878292,<CONV>
birthday,0.0085302648017872,<CONV>
bit,0.046198918537001,<CONV>
bite,0.0092463236930233,<CONV>
bjp,0.0005159437344404,<CONV>
bleeding,0.0101742416272545,<CONV>
blend,0.0080325997070783,<CONV>
blica,0.0029422606042274,<CONV>
blind,0.0101675660599903,<CONV>
blindness,0.0058384624406467,<CONV>
block,0.0119301350897805,<CONV>
blog,0.0081781453535353,<CONV>
blood,3.51830983246944e-05,<CONV>
blood pressure,0.0057306274366706,<CONV>
bloom,0.0033736290095013,<CONV>
bloomberg,0.0099172575814877,<CONV>
blue zone,0.0008672705993437,<CONV>
bmi,0.003448695871029,<CONV>
body,2.136234686107493e-05,<CONV>
bold,0.0101845670751794,<CONV>
bolster,0.0099123060092854,<CONV>
bond,0.0082875939157837,<CONV>
bone,0.0072152494871232,<CONV>
boost,0.0089506304440043,<CONV>
booster,0.0095526235386592,<CONV>
boosting,0.0078604482416823,<CONV>
booth,0.0039226996000158,<CONV>
border,0.0126822269859578,<CONV>
born,0.0100607795543931,<CONV>
borne disease,0.0084271193018123,<CONV>
boston,0.0094909814108434,<CONV>
bottle,0.011254937726522,<CONV>
bottom,0.0133116318425499,<CONV>
boundary,0.0207333388984092,<CONV>
box,0.0125173432863392,<CONV>
boy,0.009770931953243,<CONV>
branch,0.0137519041911456,<CONV>
brazil,0.0072260685602135,<CONV>
brazilian,0.0059103640363817,<CONV>
break,0.0163675089863892,<CONV>
breaking,0.0134887390434136,<CONV>
breakthrough,0.0097505858817638,<CONV>
breast,0.0068963138154871,<CONV>
breastfeeding,0.0028846255180253,<CONV>
breath,0.0127713217915702,<CONV>
breathe,0.0138273865957079,<CONV>
breathing,0.0144907783139121,<CONV>
breeding,0.0099176610461649,<CONV>
brian,0.0121204760008259,<CONV>
bridge,0.0076092050516542,<CONV>
bridging,0.0056047518280033,<CONV>
brief,0.0090500474525661,<CONV>
briefing,0.0108955957624101,<CONV>
bright,0.0068692673702036,<CONV>
brii,0.0009742242758282,<CONV>
bringing,0.0114040427438729,<CONV>
brings,0.0099388340360328,<CONV>
bristol,0.0036388734493799,<CONV>
britain,0.0115168229043965,<CONV>
british,0.0106683927333721,<CONV>
broad,0.011707080442709,<CONV>
broadcast,0.0148406898524932,<CONV>
broadcast-podcast,0.0021651801950309,<CONV>
broadcast-radio,0.1017658048214884,<CONV>
broadcast-tv,0.2323528200679953,<CONV>
broadly,0.0112957958723254,<CONV>
broken,0.0171519551147575,<CONV>
bronx,0.0045605251608328,<CONV>
brother,0.0142442235610982,<CONV>
brought,0.0133914557489754,<CONV>
brown,0.0114865883620079,<CONV>
browse,0.0047036463363777,<CONV>
brush,0.0060313010726649,<CONV>
bug,0.0110572428928728,<CONV>
built,0.0107154152633535,<CONV>
bureau,0.008523280833234,<CONV>
burn,0.0107979538035604,<CONV>
burnout,0.016465423244188,<CONV>
bus,0.0075006333977951,<CONV>
bush,0.0075258114993185,<CONV>
business,3.998320451372571e-05,<CONV>
business research,0.0008835311278423,<CONV>
businesswire,0.0045795087764402,<CONV>
businesswire com,0.0052665273194182,<CONV>
busy,0.0206975013718996,<CONV>
buy,0.0117911460796889,<CONV>
buying,0.0123534276264867,<CONV>
cabinet,0.01155096932215,<CONV>
cada,0.0038976688978383,<CONV>
caffeine,0.0052068292924855,<CONV>
cagr,0.002982422559684,<CONV>
cal,0.004986607367357,<CONV>
calcium,0.0057617910939729,<CONV>
calculated,0.0068006882729417,<CONV>
calif,0.0094023065408626,<CONV>
california,0.0001056803319009,<CONV>
call,0.000671737562644,<CONV>
called,0.0005046987997155,<CONV>
calling,0.0150667755904459,<CONV>
calm,0.1521499358137502,<CONV>
calorie,0.0049637560141741,<CONV>
cama,0.0006806891354988,<CONV>
camera,0.0114179103970243,<CONV>
cameroon,0.0037460535885595,<CONV>
camp,0.0056012819032573,<CONV>
campa,0.0018255336152599,<CONV>
campaign,3.3545379185509555e-05,<CONV>
campus,0.0063374606954545,<CONV>
canada,7.206326792629326e-05,<CONV>
cancer,0.0007580028771604,<CONV>
cannabis,0.0029152674246993,<CONV>
cannot,0.0119779975248548,<CONV>
cap,0.0077944945919724,<CONV>
capability,0.0069593305867385,<CONV>
capable,0.0100041434824573,<CONV>
capital,0.0093116356322235,<CONV>
capitol,0.0103197148281113,<CONV>
capture,0.0095493470101585,<CONV>
caput,0.0052370473772317,<CONV>
car,0.0112088277656263,<CONV>
carbon,0.0084653987187168,<CONV>
card,0.0083636051648862,<CONV>
cardiac,0.0067080708362733,<CONV>
cardiology,0.0144242606857807,<CONV>
cardiovascular disease,0.009652863931096,<CONV>
care,7.390674687224003e-05,<CONV>
care delivery,0.0045010328836431,<CONV>
care management,0.0028493778509185,<CONV>
care patient,0.0087438322604536,<CONV>
care provider,0.011034613869963,<CONV>
care public,0.0025115155878793,<CONV>
care service,0.0079577244501194,<CONV>
care system,0.009912427139326,<CONV>
careful,0.0135434354075123,<CONV>
carefully,0.0106162756990434,<CONV>
caregiver,0.0057009826120582,<CONV>
caribbean,0.0045342992397117,<CONV>
caring,0.0099116435257184,<CONV>
carolina,0.0090055373487046,<CONV>
carpha,0.0007539898409047,<CONV>
carried,0.0101775373037945,<CONV>
carrier,0.0051500798747758,<CONV>
carry,0.0144382018559967,<CONV>
carrying,0.0146942081864667,<CONV>
carter,0.0022875617106848,<CONV>
case measles,0.014992683010844,<CONV>
case reported,0.0149778683784818,<CONV>
case study,0.0062640570775725,<CONV>
cash,0.0063432336825079,<CONV>
caso,0.013162058389338,<CONV>
casos,0.0073986782816054,<CONV>
cassidy,0.0068046736318487,<CONV>
cat,0.0080131454024515,<CONV>
catalyst,0.0040641592869712,<CONV>
cataract,0.001674486096238,<CONV>
catch,0.0125794364190309,<CONV>
categorized,0.0088086755295897,<CONV>
cattle,0.0119984596374934,<CONV>
caught,0.0219072325688522,<CONV>
cause,0.0006648490385781,<CONV>
cause death,0.0167329910470286,<CONV>
causing,0.017304809952532,<CONV>
caution,0.0200879389196395,<CONV>
cavity,0.0053484195053652,<CONV>
cbd,0.0017061306237176,<CONV>
cbs,0.0101476691848575,<CONV>
cbs news,0.0127778266700029,<CONV>
cdc,0.0001741734294875,<CONV>
cdph,0.0034736901074576,<CONV>
celebrate,0.0071935557366182,<CONV>
celebrated,0.0079694123737529,<CONV>
celebrates,0.0051060938701082,<CONV>
celebrating,0.0088921208238293,<CONV>
celebration,0.0063266297377814,<CONV>
celebrity,0.0056218147528722,<CONV>
cellular,0.1425704099184171,<CONV>
cenlanow.com,0.0002116454834116,<CONV>
cent,0.0037293531501656,<CONV>
center,3.94636289035224e-05,<CONV>
center disease,0.0219311427057325,<CONV>
centered,0.0055455193389706,<CONV>
centric,0.0036768908604561,<CONV>
centro,0.0060564979956381,<CONV>
century,0.011682136585529,<CONV>
cepi,0.0011901508595772,<CONV>
ceremony,0.0049520195925779,<CONV>
certainly,0.0200166274797537,<CONV>
certificate,0.0053032544152366,<CONV>
certification,0.0043523934250263,<CONV>
certified,0.0071312209572662,<CONV>
cervical,0.0061655318028907,<CONV>
cessation,0.0048319434166361,<CONV>
cette,0.0032192529630925,<CONV>
chain,0.0096922850376988,<CONV>
chaired,0.0051442883940755,<CONV>
chairman,0.0091346467419762,<CONV>
challenge,0.009478348016475,<CONV>
challenging,0.0118083275765141,<CONV>
chamber,0.0084476046697687,<CONV>
champion,0.0054179628526654,<CONV>
chan,0.0091616654940685,<CONV>
chance,0.0125277406078023,<CONV>
change,0.0001565767098592,<CONV>
changed,0.0138187531016925,<CONV>
changing,0.0114674540410282,<CONV>
channel,0.008222219985229,<CONV>
chapter,0.0061907367882271,<CONV>
characteristic,0.0062341667534993,<CONV>
characterized,0.011076140179494,<CONV>
charge,0.0121313029582103,<CONV>
charged,0.0161689462410586,<CONV>
charity,0.0105688139526518,<CONV>
charles,0.0065884796416482,<CONV>
chart,0.0072516612564453,<CONV>
chat,0.006943790763368,<CONV>
chc,0.0012188601316198,<CONV>
che,0.0010485794012504,<CONV>
checking,0.0094445160922735,<CONV>
chef,0.0085952582149658,<CONV>
chemistry,0.0064192482640979,<CONV>
chen,0.0060971570885395,<CONV>
chest,0.0131880209350059,<CONV>
chevron,0.0014421345104101,<CONV>
chi,0.0058626929702419,<CONV>
chicken,0.0087897846083551,<CONV>
chief executive,0.0117476653661975,<CONV>
chief medical,0.0144145053827368,<CONV>
chief minister,0.0008275512002043,<CONV>
chikungunya,0.0019769628661811,<CONV>
chikungunya vaccine,0.0020899905495161,<CONV>
chikv,0.0014114931578274,<CONV>
child adolescent,0.0085326790936431,<CONV>
child age,0.0117157038535672,<CONV>
child health,0.0095850186904647,<CONV>
child hospital,0.010469459215674,<CONV>
china,0.0176832243992716,<CONV>
chinese,0.0080314240879878,<CONV>
chip,0.0081343009182529,<CONV>
chiropractic,0.0003808947851273,<CONV>
chlamydia,0.0041042753196179,<CONV>
chocolate,0.0043170906032351,<CONV>
chokshi,0.0007657547247507,<CONV>
cholera,0.0042272582764391,<CONV>
cholesterol,0.0059252800732237,<CONV>
choose,0.0113505533258651,<CONV>
choosing,0.0110322792842393,<CONV>
chose,0.0130058051471371,<CONV>
chosen,0.1064683248306609,<CONV>
chris,0.0168234443878262,<CONV>
christian,0.010373508403426,<CONV>
christopher,0.0086049658490183,<CONV>
chronic,0.0001217848202772,<CONV>
chronic condition,0.0088827368507462,<CONV>
chronic disease,0.01035056721883,<CONV>
church,0.006490672926859,<CONV>
chw,0.0011355409739902,<CONV>
chws,0.0007389589375333,<CONV>
circle,0.0089876572559358,<CONV>
circulating,0.018930729218506,<CONV>
circulation,0.010939369609011,<CONV>
circumcision,0.0003276536538962,<CONV>
circumstance,0.0126353520753231,<CONV>
cited,0.0126361929984962,<CONV>
citing,0.0163364006667894,<CONV>
citizen,0.0094074787262414,<CONV>
city,0.0005846999905201,<CONV>
civic,0.0051412133009888,<CONV>
civil,0.0103833099296642,<CONV>
civilian,0.0125454813692752,<CONV>
clade,0.0068524699292376,<CONV>
claimed,0.0181690898237106,<CONV>
clarity,0.0077883648250147,<CONV>
clark,0.0076021321765182,<CONV>
classification,0.0053084371977456,<CONV>
classified,0.017879112086479,<CONV>
classroom,0.0086787451862568,<CONV>
clean water,0.0074281348106157,<CONV>
cleaner,0.0068596876798597,<CONV>
cleanliness,0.0013931784013108,<CONV>
cleanup,0.0084042495153326,<CONV>
clearance,0.0090423885527397,<CONV>
clearly,0.0128029985160578,<CONV>
cleft,0.0003608268625944,<CONV>
cleveland,0.0072760492106742,<CONV>
click,0.0098316418622031,<CONV>
climate change,0.0068657695402035,<CONV>
clinic,0.0104967238348701,<CONV>
clinical trial,0.0071289147454834,<CONV>
clinically,0.0089972826489894,<CONV>
clinician,0.008656651214873,<CONV>
clock,0.0108017476033377,<CONV>
closed,0.0176735620510641,<CONV>
closely,0.0118451777922126,<CONV>
closer,0.0122049066756553,<CONV>
closing,0.010963386123397,<CONV>
closure,0.0156631501239465,<CONV>
clothing,0.0107692862725465,<CONV>
cloud,0.0082660287895964,<CONV>
cloudy,0.0167165286761988,<CONV>
club,0.0083457653126581,<CONV>
cluster,0.0067696742980788,<CONV>
cnn,0.0076382397506427,<CONV>
cnw,0.005253347562324,<CONV>
coach,0.0095064301366876,<CONV>
coaching,0.003353642058288,<CONV>
coast,0.010350265059071,<CONV>
code,0.0085576712336548,<CONV>
coefficient,0.0035362095938061,<CONV>
coffee,0.004748946619128,<CONV>
cognitive,0.0070347691777832,<CONV>
cohen,0.0062943113749412,<CONV>
cohort,0.0061300418097182,<CONV>
cold,0.0099017126895624,<CONV>
coli,0.0108449002639284,<CONV>
collaborate,0.0073588801349268,<CONV>
collaborating,0.008143338095532,<CONV>
collaborator,0.0091995082650618,<CONV>
colleague,0.0121801689744722,<CONV>
collect,0.0108251537150037,<CONV>
collected,0.0100640982259416,<CONV>
collecting,0.0114209022443143,<CONV>
collective,0.0095495608827606,<CONV>
collectively,0.0076963532527298,<CONV>
collins,0.0073160577214292,<CONV>
color,0.0091897543369044,<CONV>
columbia,0.0120635324995024,<CONV>
com,0.00245335572896,<CONV>
com http,0.0081287883637842,<CONV>
com news,0.0131436224556811,<CONV>
com report,0.0023810842575745,<CONV>
com view,0.0121996460058705,<CONV>
combat,0.0115305755353145,<CONV>
combating,0.0079804149102392,<CONV>
combination,0.0105007713848979,<CONV>
combine,0.0118621446033885,<CONV>
combined,0.0108696024573781,<CONV>
combining,0.0074627968191765,<CONV>
come,0.0020982680313516,<CONV>
comfort,0.0061849378530015,<CONV>
comfortable,0.0103810922536702,<CONV>
commented,0.0084284629404372,<CONV>
commerce,0.0098292626636751,<CONV>
commercialization,0.0072045179988274,<CONV>
commission,0.0100008029691113,<CONV>
commissioner,0.0084790733739917,<CONV>
commit,0.0094575887729603,<CONV>
common,5.349318191067696e-05,<CONV>
common health,0.0007507887260612,<CONV>
commonly,0.0133596687951387,<CONV>
commonwealth,0.0060463581311031,<CONV>
communicable,0.0058234331469353,<CONV>
communicable disease,0.006412818316697,<CONV>
communicate,0.0111005846114055,<CONV>
community based,0.0083296062312281,<CONV>
community engagement,0.0075245985950953,<CONV>
community health,0.0103676960401931,<CONV>
community member,0.0087729185502978,<CONV>
community water,0.0061863192277368,<CONV>
como,0.0052002750436421,<CONV>
companion,0.0068274709470163,<CONV>
company,3.638950559770623e-05,<CONV>
comparable,0.0110399090026735,<CONV>
compare,0.0088961157062005,<CONV>
compared,0.0065831584333355,<CONV>
comparing,0.0079513324415231,<CONV>
comparison,0.0099463729732235,<CONV>
compassion,0.0043928116453146,<CONV>
compassionate,0.006981327942431,<CONV>
compelling,0.0091933088360119,<CONV>
compensation,0.0070978559649401,<CONV>
competing,0.0078574558301766,<CONV>
competition,0.0089294359050255,<CONV>
competitive,0.0066188615222887,<CONV>
competitor,0.0058787155212006,<CONV>
complaint,0.0092329464309526,<CONV>
complaint copyright,0.007567441616533,<CONV>
complement,0.0065583935901822,<CONV>
complementary,0.0049616093907701,<CONV>
completed,0.0094745233874615,<CONV>
completely,0.016403916416039,<CONV>
completeness,0.0059970189379711,<CONV>
completeness legality,0.007567441616533,<CONV>
completing,0.0107852858361217,<CONV>
completion,0.0061432920485745,<CONV>
complexity,0.0085497158861645,<CONV>
compliance,0.0077484194131771,<CONV>
complicated,0.0168024286392508,<CONV>
complication,0.0107494603615367,<CONV>
comply,0.0099032300491203,<CONV>
composition,0.0066531342437248,<CONV>
compound,0.0077362059163805,<CONV>
compound annual,0.0039268194406853,<CONV>
comprised,0.0092412657509388,<CONV>
computer,0.010793791790812,<CONV>
concentration,0.0079619582825347,<CONV>
concept,0.0070572672091826,<CONV>
concern,0.0027472996898694,<CONV>
concerned,0.0172853576601774,<CONV>
concerning,0.0129935693866923,<CONV>
concert,0.0089948868490851,<CONV>
concluded,0.010233629511774,<CONV>
conclusion,0.0110835954355189,<CONV>
concrete,0.0069333953100988,<CONV>
condition,0.0010189683234518,<CONV>
condom,0.0019169797309729,<CONV>
conduct,0.0110344858317396,<CONV>
conducting,0.0108605097464009,<CONV>
confidence,0.0099020073623073,<CONV>
confident,0.0097466260368654,<CONV>
confirm,0.0122628291673694,<CONV>
confirmation,0.0123361532640437,<CONV>
confirmed,8.659729973101316e-05,<CONV>
confirmed case,0.0148563430062129,<CONV>
confirms,0.0119904070186579,<CONV>
conflict,0.0121567376393301,<CONV>
confusion,0.0140943856446594,<CONV>
congenital,0.0057952821009508,<CONV>
congo,0.0125974822035879,<CONV>
congressional,0.0148899530972339,<CONV>
conjugate,0.0052210123869684,<CONV>
connect,0.0094570297777319,<CONV>
connected,0.0717334899186352,<CONV>
connecticut,0.0088920711522938,<CONV>
connecting,0.0089280089030821,<CONV>
conscious,0.0058236430129823,<CONV>
consecutive,0.007560218582034,<CONV>
consensus,0.0086747235761381,<CONV>
consent,0.0078457363075706,<CONV>
consequence,0.0151050963735874,<CONV>
consequently,0.0088784517026553,<CONV>
conservation,0.0072480374036161,<CONV>
conservative,0.0126654621707556,<CONV>
consider,0.0114413601543125,<CONV>
considerable,0.0109458979483514,<CONV>
consideration,0.0095900996441126,<CONV>
considering,0.0118274500792266,<CONV>
considers,0.0141166838191435,<CONV>
consistency,0.0166223441566713,<CONV>
consistent,0.011028328205847,<CONV>
consistently,0.0093775218842515,<CONV>
consists,0.0081112940834104,<CONV>
consortium,0.0064887638727622,<CONV>
conspiracy,0.0136076871869153,<CONV>
constant,0.0097033716631329,<CONV>
constantly,0.0114313666197413,<CONV>
constraint,0.0070070694410493,<CONV>
construct,0.004081554792733,<CONV>
construction,0.0084874151160966,<CONV>
consult,0.012104354627209,<CONV>
consultant,0.0062133780652276,<CONV>
consultation,0.007581559641575,<CONV>
consulting,0.0060213218147247,<CONV>
consume,0.0132507317480506,<CONV>
consumed,0.0095576962508858,<CONV>
consumer,0.1010723780743262,<CONV>
consuming,0.010772131775261,<CONV>
contact,0.0001083730674988,<CONV>
contact author,0.0077030611805824,<CONV>
contagious,0.014670381620657,<CONV>
contain,0.0158935232266298,<CONV>
contained,0.0095273148931495,<CONV>
contained article,0.0075741186138359,<CONV>
container,0.0125305620652518,<CONV>
containing,0.0119301075187466,<CONV>
containment,0.009342102078464,<CONV>
contains,0.0127701417758641,<CONV>
contaminant,0.0066776932140484,<CONV>
contaminated,0.0171315058397726,<CONV>
contamination,0.0117054987308608,<CONV>
content,0.0001083213869639,<CONV>
content download,0.0173712176103927,<CONV>
content image,0.007544068897214,<CONV>
content without,0.0076961928257825,<CONV>
context,0.0084431327479278,<CONV>
continent,0.0104742726798111,<CONV>
continue,0.0010666222466812,<CONV>
continuing,0.0125377181065949,<CONV>
continuous,0.0080778848594524,<CONV>
continuously,0.0091676636248457,<CONV>
continuum,0.0060458038116721,<CONV>
contra,0.0027241744699637,<CONV>
contract,0.0100593240522742,<CONV>
contracted,0.0150727094208999,<CONV>
contracting,0.0142616703767581,<CONV>
contractor,0.0075958692092203,<CONV>
contrast,0.0109685480089565,<CONV>
contre,0.0113629679677205,<CONV>
contributed,0.0121832086591865,<CONV>
contributes,0.0086533652113094,<CONV>
contributing,0.0103026745540615,<CONV>
contributor,0.0131329546617918,<CONV>
control,0.0004556867491373,<CONV>
control prevention,0.0214810775138806,<CONV>
controlled,0.0138492505351351,<CONV>
controlling,0.0125099790908516,<CONV>
controversial,0.0165432714867723,<CONV>
convenience,0.0089844754627366,<CONV>
convenient,0.0087480601857481,<CONV>
convention,0.0074938602407533,<CONV>
conventional,0.008311602892528,<CONV>
cook,0.0079289368488717,<CONV>
cooking,0.0105938857244935,<CONV>
cool,0.0112482152112484,<CONV>
cooler,0.0147633019425251,<CONV>
cooling,0.0083740446398528,<CONV>
cooper,0.0044641965462176,<CONV>
cooperation,0.0065108362418494,<CONV>
cooperative,0.0051187119176341,<CONV>
coordinate,0.0092475183876778,<CONV>
coordinated,0.0079341987961683,<CONV>
coordinating,0.0088627950190882,<CONV>
coordination,0.0069595742853335,<CONV>
coordinator,0.0085045139492716,<CONV>
copd,0.0032337005337885,<CONV>
copy,0.0090915649522479,<CONV>
copyright issue,0.0075493752993158,<CONV>
corner,0.0135519756315917,<CONV>
cornerstone,0.008192472191215,<CONV>
coronary,0.0059015814522839,<CONV>
coronavirus,0.0107744587354417,<CONV>
corp,0.0058357345330684,<CONV>
corporate,0.0096575347572318,<CONV>
corporation,0.007158917677376,<CONV>
correct,0.0125758366548098,<CONV>
correlation,0.0057555106885092,<CONV>
correspondence,0.0100738162121403,<CONV>
corresponding,0.0080022041356356,<CONV>
cosmetic,0.0069551359596334,<CONV>
cost effective,0.0084592570761062,<CONV>
costly,0.0157132302870545,<CONV>
cough,0.0106060879221174,<CONV>
coughing,0.0114318112205466,<CONV>
counseling,0.0063363617182218,<CONV>
count,0.0120210641661328,<CONV>
counter,0.0111332269845163,<CONV>
countermeasure,0.0074266813337519,<CONV>
countless,0.0129970477193685,<CONV>
county,0.000157022924379,<CONV>
county health,0.008568575210003,<CONV>
county public,0.0106409305305662,<CONV>
couple,0.0156479012594107,<CONV>
coupled,0.009229061762531,<CONV>
cov,0.0059893609879871,<CONV>
covered,0.0100375690963303,<CONV>
covering,0.0111357991156546,<CONV>
covid,0.0004806171741086,<CONV>
covid pandemic,0.0151645381859516,<CONV>
covid vaccine,0.0133244639413484,<CONV>
cow,0.0099569604492378,<CONV>
cpr,0.0018221805391491,<CONV>
crash,0.0152973230547954,<CONV>
cream,0.0063406358821901,<CONV>
creates,0.0119217346111295,<CONV>
creation,0.0076355884503432,<CONV>
creative,0.0049907280861248,<CONV>
credit,0.0096360086154072,<CONV>
crew,0.0140348328147439,<CONV>
crime,0.0134577959695377,<CONV>
criminal,0.0195790856486636,<CONV>
crisis,0.0002491199835239,<CONV>
criterion,0.0065430951366818,<CONV>
critic,0.0134971516200274,<CONV>
critical,6.967020617321564e-05,<CONV>
critical role,0.0084433854511017,<CONV>
critically,0.0107107618199515,<CONV>
criticism,0.0141127691157073,<CONV>
criticized,0.0158033344056483,<CONV>
crop,0.0088754014842593,<CONV>
crore,0.0015829719964387,<CONV>
crossing,0.0106797676685067,<CONV>
crossref,0.0010337784549302,<CONV>
crossref pubmed,0.0018768757142552,<CONV>
crucial role,0.0086530379627835,<CONV>
cruise,0.0027866194094584,<CONV>
cuando,0.0040416965705674,<CONV>
cultural,0.0067380984860042,<CONV>
culturally,0.0054135624241195,<CONV>
cup,0.0060503678393935,<CONV>
curb,0.012725867186555,<CONV>
cure,0.0090507353046128,<CONV>
current,0.0001399528556431,<CONV>
currently.att.yahoo.com,0.0022774746280231,<CONV>
curriculum,0.0058822065754964,<CONV>
curve,0.0066924518260925,<CONV>
custom,0.0115502673981186,<CONV>
customized,0.0073940121911928,<CONV>
cut,0.0005076729525751,<CONV>
cutting,0.0111103619678775,<CONV>
cutting edge,0.0095379653306391,<CONV>
cvd,0.0031490694034004,<CONV>
cycle,0.0099431379705071,<CONV>
dad,0.1571156943423105,<CONV>
dakota,0.0101010396377926,<CONV>
dalam,0.0092751107358589,<CONV>
dallas,0.007292086696313,<CONV>
damage,0.0135463413588409,<CONV>
danger,0.0177887594671178,<CONV>
dangerous,0.0208357281684725,<CONV>
daniel,0.0083507625867934,<CONV>
dans,0.0014576166763072,<CONV>
dapat,0.0127174228457986,<CONV>
dari,0.0085973369771093,<CONV>
dark,0.0097979510570459,<CONV>
dashboard,0.0072323608221527,<CONV>
data,0.0001555955516944,<CONV>
data collection,0.0073730259538841,<CONV>
data driven,0.0057168912176973,<CONV>
database,0.0072490211134917,<CONV>
dataset,0.0050423002986848,<CONV>
datasets,0.0063067375130153,<CONV>
daughter,0.013999113713141,<CONV>
dave,0.0056737485803616,<CONV>
david,0.0108357404003236,<CONV>
davis,0.0074564865390687,<CONV>
day,4.318128143404351e-05,<CONV>
dead,0.0228839812532175,<CONV>
deadline,0.0097894728399394,<CONV>
deadly,0.0191462392450401,<CONV>
deal,0.014307749873665,<CONV>
dealing,0.0149054635504258,<CONV>
dean,0.0088683003914637,<CONV>
debate,0.0116109893693203,<CONV>
debilitating,0.0098235616905293,<CONV>
debt,0.0064180219623445,<CONV>
dec,0.0063496055526753,<CONV>
decade,0.0009948398324229,<CONV>
decay,0.0064141748956043,<CONV>
decide,0.0140083262476054,<CONV>
decided,0.0143462904408189,<CONV>
decision,0.0001218511270971,<CONV>
decision making,0.0094550118771416,<CONV>
declaration,0.0102466109628511,<CONV>
declare,0.016531360429146,<CONV>
declared,0.0155944228052352,<CONV>
decline,0.0111970895767084,<CONV>
declined,0.0152063743888443,<CONV>
declining,0.0115219442393499,<CONV>
decrease,0.0101801059314744,<CONV>
decreased,0.0097124526907572,<CONV>
decreasing,0.0092025894856126,<CONV>
dedication,0.0065192851185475,<CONV>
deeper,0.011613552114602,<CONV>
deeply,0.0122015518217473,<CONV>
defense,0.011126688670169,<CONV>
deficiency,0.0083618695991849,<CONV>
defined,0.0099640435312422,<CONV>
definitely,0.0162965665050113,<CONV>
definition,0.0071019572264516,<CONV>
delaware,0.0063491903190915,<CONV>
delay,0.0122458494303485,<CONV>
delayed,0.0131386824237966,<CONV>
delegate,0.0034605427665998,<CONV>
delegation,0.0038861775386258,<CONV>
delhi,0.0039743747713611,<CONV>
delighted,0.0152923063108929,<CONV>
delivered,0.0103827428035904,<CONV>
delivering,0.0088595556977593,<CONV>
delivers,0.0075186973501458,<CONV>
della,0.0014580295981176,<CONV>
delta,0.0053621403669182,<CONV>
dementia,0.0043401886451471,<CONV>
democrat,0.0124859798508306,<CONV>
democratic,0.0126922279659109,<CONV>
demographic,0.0076743575964439,<CONV>
demonstrate,0.0079653511974811,<CONV>
demonstrated,0.0088513309836962,<CONV>
demonstrates,0.0079997531520183,<CONV>
demonstrating,0.0082606667553156,<CONV>
den,0.0023910294822341,<CONV>
dengan,0.0064922682214347,<CONV>
dengue,0.0137832637445915,<CONV>
denmark,0.0073455736614805,<CONV>
density,0.0053307931204954,<CONV>
dental association,0.0055996498707008,<CONV>
dental care,0.0052871977085651,<CONV>
dentist,0.0046664621325695,<CONV>
dentistry,0.0029189016959698,<CONV>
denver,0.0062459546705231,<CONV>
departamento,0.0061929743980665,<CONV>
department agriculture,0.0144147369703514,<CONV>
department health,0.0149254786998577,<CONV>
department public,0.0100369379923041,<CONV>
depend,0.0125790456771354,<CONV>
dependence,0.0069387394300506,<CONV>
dependent,0.0096597125854361,<CONV>
depending,0.0137423250719527,<CONV>
depends,0.0112306549655972,<CONV>
deployed,0.010660990687568,<CONV>
deployment,0.0072609477442267,<CONV>
depression,0.0093110069945101,<CONV>
depth,0.0088668441224254,<CONV>
deputy,0.009637790596702,<CONV>
der,0.0015945511673098,<CONV>
derived,0.0081053017279632,<CONV>
describe,0.0106562377861281,<CONV>
described,0.0130889463773376,<CONV>
description,0.0082763274480842,<CONV>
desde,0.0032565754268247,<CONV>
deserve,0.0086356617482075,<CONV>
designated,0.0114047097419979,<CONV>
designation,0.0094325004435323,<CONV>
desire,0.007339323764637,<CONV>
destination,0.0072798698137101,<CONV>
detailed,0.0092374138200565,<CONV>
detect,0.0091910432942417,<CONV>
detected,0.0144386406652293,<CONV>
detecting,0.0074751478279109,<CONV>
determinant,0.0055813963227578,<CONV>
determinant health,0.006268681582058,<CONV>
determination,0.0072718507743719,<CONV>
determine,0.0137962953552805,<CONV>
determined,0.0166451098457564,<CONV>
determining,0.0121706218628961,<CONV>
devastating,0.0154288540149427,<CONV>
developer,0.0070290795243111,<CONV>
developing country,0.0059043110895043,<CONV>
development,0.0006683448424971,<CONV>
developmental,0.0073259437129193,<CONV>
develops,0.0123739695565885,<CONV>
devotee,0.000188074297048,<CONV>
dhabi,0.0008915042676232,<CONV>
diabetic,0.0054919666670121,<CONV>
diagnose,0.0125209985104738,<CONV>
diagnosed,0.0127451085560388,<CONV>
diagnosis treatment,0.0092357897724011,<CONV>
dialogue,0.007325298199456,<CONV>
diarrhea,0.0133583298785505,<CONV>
diego,0.0065701268063021,<CONV>
diet quality,0.0017166157181938,<CONV>
differ,0.0112371003931041,<CONV>
different,0.0002264956563838,<CONV>
difficult,0.0156782221218184,<CONV>
difficulty,0.0117572273622449,<CONV>
digestive,0.0123929663713354,<CONV>
digital health,0.0024773177589819,<CONV>
dignity,0.0060472854571744,<CONV>
dijo,0.0019168704924626,<CONV>
dimension,0.00406889661917,<CONV>
dinner,0.0089720451528676,<CONV>
dip,0.0061564042582854,<CONV>
diphtheria,0.0064100662073318,<CONV>
directed,0.0113865901886508,<CONV>
direction,0.0118483218823722,<CONV>
director,0.0007325023975668,<CONV>
director general,0.0092171409993393,<CONV>
dis,0.0052717082269426,<CONV>
disability,0.0082208258801011,<CONV>
disaster,0.0093137466312223,<CONV>
discharge,0.009878782333405,<CONV>
discipline,0.0059074264121846,<CONV>
disclaimer,0.007099987245067,<CONV>
disclaimer ein,0.0073822751968176,<CONV>
disclosure,0.0080478351045693,<CONV>
discomfort,0.0066205697319818,<CONV>
discount,0.0082467157017917,<CONV>
discover,0.0109404221960226,<CONV>
discovered,0.0170995239983982,<CONV>
discovery,0.010138045524254,<CONV>
discrimination,0.0054984346817249,<CONV>
discus,0.0118994415615016,<CONV>
discussed,0.0078211894215667,<CONV>
discussing,0.009541947741046,<CONV>
disease,0.0001032234010128,<CONV>
disease control,0.0224720485012618,<CONV>
disease including,0.0114718825466568,<CONV>
disease like,0.0137934730974285,<CONV>
disease management,0.0055673213265709,<CONV>
disease outbreak,0.0112043289482051,<CONV>
disease prevention,0.0090547964206897,<CONV>
dish,0.0071401253227116,<CONV>
disinfectant,0.0030034881390824,<CONV>
displaced,0.0147288097097939,<CONV>
display,0.0095793520619575,<CONV>
displayed,0.0076263973605015,<CONV>
disposable,0.0094898010563731,<CONV>
disposal,0.0060121397126048,<CONV>
disproportionately,0.0141867361840778,<CONV>
disruption,0.0114084024689569,<CONV>
distance,0.012249054372949,<CONV>
distinct,0.009642422558408,<CONV>
distinguished,0.0068138710526743,<CONV>
distribute,0.0100349795723389,<CONV>
distributed,0.0117871821459274,<CONV>
dive,0.0093563889032336,<CONV>
diversity,0.0075196350566244,<CONV>
divided,0.0086773250712257,<CONV>
dna,0.0050409291466763,<CONV>
doctor,3.6149842614883794e-05,<CONV>
document,0.0109393193223016,<CONV>
documentation,0.0081006082540008,<CONV>
documented,0.0130264298723886,<CONV>
doh,0.0029129905195063,<CONV>
doi,0.0048869911777391,<CONV>
doi org,0.0061958983600535,<CONV>
domain,0.005507775841313,<CONV>
domestic,0.0087767320547691,<CONV>
dominant,0.009945231774853,<CONV>
dominated,0.0079233928827725,<CONV>
donald trump,0.0119446973536712,<CONV>
donate,0.0081061357343412,<CONV>
donation,0.0069178866366846,<CONV>
donde,0.0077025720325409,<CONV>
donor,0.0060811052964302,<CONV>
door,0.0117872555730962,<CONV>
dot,0.0158737490844234,<CONV>
double,0.0143376678405115,<CONV>
doubled,0.011005609994699,<CONV>
doubt,0.0144882594711985,<CONV>
douglas,0.0063067782843892,<CONV>
dowjones,0.002743035903943,<CONV>
download multimedia,0.017372852297587,<CONV>
downtown,0.0077161356579888,<CONV>
dozen,0.0177216301120835,<CONV>
dph,0.0044111405374292,<CONV>
draft,0.0066304802726662,<CONV>
dramatic,0.0146920816573804,<CONV>
dramatically,0.0115457922147076,<CONV>
draw,0.0104113222846845,<CONV>
drawing,0.0109458646047534,<CONV>
drawn,0.0141307066269156,<CONV>
drc,0.008738167644705,<CONV>
dream,0.0097202357397818,<CONV>
dried,0.0052723115336016,<CONV>
drinking,0.0042753013368539,<CONV>
drinking water,0.0074990017443938,<CONV>
drop,0.012151928562719,<CONV>
dropped,0.0144191875573568,<CONV>
drug,6.955362313004435e-05,<CONV>
drug administration,0.0150693065691155,<CONV>
dry,0.0122669765514851,<CONV>
dsndp,4.606787226258991e-06,<CONV>
dual,0.0075233214381118,<CONV>
dubai,0.0034706834060134,<CONV>
due,0.0331157193727861,<CONV>
durante,0.002936016831848,<CONV>
duration,0.0064199923326588,<CONV>
dust,0.0067620212448695,<CONV>
duty,0.0112635183545332,<CONV>
dye,0.0041817928296849,<CONV>
dying,0.0163498791213485,<CONV>
dynamic,0.0064357744433659,<CONV>
dysfunction,0.0096852983168248,<CONV>
ear,0.010880389703327,<CONV>
early,0.1343193192694174,<CONV>
early detection,0.0072642110027297,<CONV>
earn,0.0132421254937359,<CONV>
earned,0.0081146081427874,<CONV>
earth,0.0094957785924633,<CONV>
ease,0.0096374843061473,<CONV>
easier,0.0129634817342291,<CONV>
easily,0.0148095615140938,<CONV>
east africa,0.0057730546795048,<CONV>
eastern,0.0111910609333764,<CONV>
easy,0.012795648728554,<CONV>
eat,0.0113723025622759,<CONV>
ebc,7.478268770791544e-05,<CONV>
ebola,0.0068095391732605,<CONV>
eclips-print,0.0003682894483956,<CONV>
eco,0.0041449437004005,<CONV>
economics,0.0069650549047091,<CONV>
economy,0.0084314414824472,<CONV>
ecosystem,0.0070532562893866,<CONV>
edge,0.0100292363975362,<CONV>
editing,0.010819096879689,<CONV>
edition,0.0077173041109691,<CONV>
editor,0.0097259742678516,<CONV>
editorial,0.0105248353516795,<CONV>
edt,0.0088743276858894,<CONV>
edu,0.0070943649833661,<CONV>
educate,0.0111322432199824,<CONV>
educated,0.006864731590161,<CONV>
educating,0.0102897118781642,<CONV>
education,5.2198470016109296e-05,<CONV>
educator,0.006435223185867,<CONV>
edward,0.0112542367444006,<CONV>
eee,0.0021903646881494,<CONV>
effect,1.56209887647986e-05,<CONV>
effective,1.7313171027891426e-05,<CONV>
efficiency,0.0063947439102392,<CONV>
efficient,0.0082954932486834,<CONV>
efficiently,0.0074975039716331,<CONV>
effort,0.0008621822485142,<CONV>
egg,0.0090599092266415,<CONV>
egypt,0.0064647150700947,<CONV>
ehr,0.0022270934229053,<CONV>
eight,0.0131802878637207,<CONV>
ein presswire,0.0048557498873096,<CONV>
einpresswire com,0.0056177907215212,<CONV>
either,0.0148750963231294,<CONV>
elderly,0.010844367245484,<CONV>
elect,0.0123224543291158,<CONV>
elected,0.0096854215965009,<CONV>
election,0.0108548751421791,<CONV>
electric,0.0093664758337397,<CONV>
electronic,0.0080944902629725,<CONV>
element,0.0089128482574215,<CONV>
elementary,0.0099144353321967,<CONV>
elevate,0.0079186332334295,<CONV>
elevated,0.0108062041494953,<CONV>
eligibility,0.0066166571722382,<CONV>
eligible,0.0540828460282283,<CONV>
eliminate,0.010501197119579,<CONV>
eliminated,0.0155147055324938,<CONV>
eliminating,0.0103211444463984,<CONV>
elimination,0.0055514413549787,<CONV>
elisa,0.001620231514845,<CONV>
elizabeth,0.0105399887978261,<CONV>
else,0.0161806982364764,<CONV>
elsewhere,0.0161671195421022,<CONV>
ema,0.0026016278503925,<CONV>
email,0.00989153658885,<CONV>
email visit,0.005787040926894,<CONV>
embrace,0.0079120782479124,<CONV>
embracing,0.0060901399340231,<CONV>
emerge,0.013329207818071,<CONV>
emerged,0.0124820994053964,<CONV>
emergence,0.0098696805284301,<CONV>
emergency,0.0008396544464315,<CONV>
emergency department,0.0098017819691875,<CONV>
emergency preparedness,0.0036940711650588,<CONV>
emergency response,0.0086334752639121,<CONV>
emergent,0.0034294732809045,<CONV>
emily,0.007032652859541,<CONV>
emirate,0.003584977237864,<CONV>
emission,0.0060320413540638,<CONV>
emory,0.0029669670015041,<CONV>
emotional,0.0083966843398534,<CONV>
empathy,0.0115618023647757,<CONV>
emphasis,0.0076363214795313,<CONV>
emphasised,0.0041286624880591,<CONV>
emphasize,0.0112362349198411,<CONV>
emphasized,0.0088737746509591,<CONV>
emphasizes,0.0096964612956155,<CONV>
emphasizing,0.0086224851912931,<CONV>
employ,0.009827708364006,<CONV>
employed,0.0091583458078826,<CONV>
employer,0.0063863644894011,<CONV>
employment,0.0082944114175531,<CONV>
empower,0.0072417957788978,<CONV>
empowered,0.0065594277695858,<CONV>
empowering,0.0074614746184732,<CONV>
empowerment,0.0052257631697013,<CONV>
empowers,0.0099320521774327,<CONV>
enable,0.0086792592138579,<CONV>
enabled,0.0062362127864766,<CONV>
enables,0.0083524912515549,<CONV>
enabling,0.0079317171965113,<CONV>
encephalitis,0.0094907389743508,<CONV>
encompasses,0.0076886985896385,<CONV>
encounter,0.0087684041685115,<CONV>
encourage,0.0083420576261664,<CONV>
encouraged,0.011925437065853,<CONV>
encourages,0.0072742816088874,<CONV>
encouraging,0.0099661247073327,<CONV>
end,0.0001746944842781,<CONV>
end user,0.0045271925272129,<CONV>
endeavor,0.0116707218211062,<CONV>
ended,0.0133595490037355,<CONV>
endemic,0.0092170961696347,<CONV>
ending,0.0104265835485408,<CONV>
endometriosis,0.0010116796173189,<CONV>
endorsed,0.0114777822276065,<CONV>
enduring,0.009514606911348,<CONV>
enfermedad,0.0027800637666609,<CONV>
enfermedades,0.0024512180208003,<CONV>
enforcement,0.0136664343920499,<CONV>
engage,0.0086365708807108,<CONV>
engaged,0.0086488455650618,<CONV>
engaging,0.0086630680148656,<CONV>
engine,0.0084965318059388,<CONV>
engineering,0.0095864576434333,<CONV>
england,0.0096828333122018,<CONV>
english,0.0087027743483102,<CONV>
enhanced,0.0080604441481876,<CONV>
enhancement,0.0056459146579161,<CONV>
enhances,0.0076196252600654,<CONV>
enjoy,0.011908954727752,<CONV>
enormous,0.0121893630128673,<CONV>
enrolled,0.0085284281277444,<CONV>
enrollment,0.0073959683874457,<CONV>
ensure,0.0013920271276432,<CONV>
ensures,0.0065149546537735,<CONV>
enter,0.0123118594980189,<CONV>
entered,0.0122116735691902,<CONV>
entering,0.0120107138803417,<CONV>
enterprise,0.0075283187748797,<CONV>
entertainment,0.0097527305065291,<CONV>
entire,0.0141847178762166,<CONV>
entirely,0.0166259192778055,<CONV>
entity,0.0071435156523256,<CONV>
entre,0.0086493077790849,<CONV>
entrepreneur,0.0071264718480238,<CONV>
entry,0.0091097164341505,<CONV>
environmental,5.350360062974216e-05,<CONV>
environmental health,0.0097788151238991,<CONV>
environmental protection,0.0117818984699012,<CONV>
enzyme,0.0058278892271915,<CONV>
epidemiological,0.0078515988897739,<CONV>
epidemiologist,0.0117477591397178,<CONV>
epidemiology,0.0084801631884826,<CONV>
epilepsy,0.0026950311944239,<CONV>
episode,0.00783701512961,<CONV>
equal,0.1044207528738166,<CONV>
equally,0.0131648204519879,<CONV>
equation,0.0042970936252209,<CONV>
equipped,0.0095703578429321,<CONV>
equitable access,0.0055678543932269,<CONV>
equivalent,0.0091908863860775,<CONV>
era,0.0102936541697656,<CONV>
eradicate,0.0096877946201195,<CONV>
eradicated,0.0116832273533298,<CONV>
eradicating,0.0054963363507961,<CONV>
eradication,0.0056321998011001,<CONV>
eric,0.0100700324342603,<CONV>
error,0.0082194622503046,<CONV>
escalating,0.0114580977789551,<CONV>
especially,5.2220657852930426e-05,<CONV>
essentially,0.014389442792469,<CONV>
esta,0.003239547518063,<CONV>
establish,0.0086704367651005,<CONV>
establishing,0.0077999002859329,<CONV>
establishment,0.008633807240835,<CONV>
estado,0.0033823463283242,<CONV>
estados,0.0025888842099123,<CONV>
estate,0.0039539272752325,<CONV>
este,0.0062931767629803,<CONV>
estimation,0.004847225517048,<CONV>
estos,0.0083742440252297,<CONV>
etc,0.0080539087062894,<CONV>
ethic,0.0084972758440285,<CONV>
ethical,0.0062710589726896,<CONV>
ethiopia,0.0040062350045316,<CONV>
ethnic,0.0078963392050701,<CONV>
ethnicity,0.0084657920181285,<CONV>
evaluate,0.0081548258291451,<CONV>
evaluated,0.0085171811044974,<CONV>
evaluating,0.0084902761047336,<CONV>
even,8.676530249199243e-05,<CONV>
even though,0.0238363478848752,<CONV>
evening,0.0125974031253402,<CONV>
event,4.658471974303795e-05,<CONV>
eventually,0.0144482792767933,<CONV>
every,0.0614852738195258,<CONV>
every day,0.0130126257379989,<CONV>
every year,0.0185486836735454,<CONV>
everybody,0.020757440262331,<CONV>
everyday,0.0107580078446015,<CONV>
everything,0.0168847304417367,<CONV>
everywhere,0.0133244346883457,<CONV>
evidence,1.7403939419453525e-05,<CONV>
evidence based,0.008098356123795,<CONV>
evident,0.0081463962389514,<CONV>
evolution,0.0076360294375202,<CONV>
evolve,0.0107544577261138,<CONV>
evolved,0.0136535670116992,<CONV>
evolving,0.0088605828132877,<CONV>
exact,0.0154096971739158,<CONV>
exactly,0.0164251316461088,<CONV>
exam,0.0052279602175102,<CONV>
examination,0.0082933974765291,<CONV>
examine,0.0095572992002855,<CONV>
examined,0.0105345858113181,<CONV>
examining,0.0102922829760846,<CONV>
exceed,0.0092500820704507,<CONV>
exceeding,0.0085785457736297,<CONV>
excellence,0.0058805709230766,<CONV>
excellent,0.0099577042154677,<CONV>
except,0.0140531984581949,<CONV>
exceptional,0.0912094817780608,<CONV>
excess,0.0092058596867033,<CONV>
excessive,0.0103112436637932,<CONV>
exchange,0.0087936068506969,<CONV>
excited,0.0089662557493382,<CONV>
exciting,0.0094091721906152,<CONV>
excluded,0.0125155463615123,<CONV>
exclusive,0.0093732113133164,<CONV>
exclusively,0.008825499415894,<CONV>
executive director,0.0080760376680105,<CONV>
executive officer,0.0106662298776134,<CONV>
exemption,0.0102892777005523,<CONV>
exhibit,0.0103021322604409,<CONV>
exhibited,0.0070390362196594,<CONV>
exist,0.0123089659084553,<CONV>
exists,0.0119247217989743,<CONV>
expanded,0.0080684943040812,<CONV>
expands,0.0081367343298816,<CONV>
expect,0.0157099460539828,<CONV>
expectancy,0.0060873843626122,<CONV>
expectation,0.0106341000091593,<CONV>
expects,0.0117489132179412,<CONV>
expedite,0.0073751934493694,<CONV>
expenditure,0.0037554879545193,<CONV>
expense,0.0088172649816555,<CONV>
expensive,0.0137796864050063,<CONV>
experience,0.0001778076087643,<CONV>
experienced,0.0128486825822671,<CONV>
experiencing,0.0126092547378621,<CONV>
experiment,0.0102286559160282,<CONV>
experimental,0.0087370840641017,<CONV>
expert,0.0016373430935853,<CONV>
expert say,0.022264821081085,<CONV>
explain,0.014064409766941,<CONV>
explained,0.0119084681471195,<CONV>
explains,0.0122765235579128,<CONV>
explanation,0.0130421807220671,<CONV>
exploration,0.0079247771081347,<CONV>
explore,0.0099147485729356,<CONV>
explored,0.0076517910869023,<CONV>
explores,0.0084178997104461,<CONV>
exploring,0.009050833834239,<CONV>
exposure,0.0352501768402319,<CONV>
express,0.011014328038067,<CONV>
expressed,0.0093195197902991,<CONV>
expression,0.0120250700917643,<CONV>
extend,0.0096618485303131,<CONV>
extended,0.0101957201952831,<CONV>
extending,0.0085617246021485,<CONV>
extends,0.0101175451086447,<CONV>
extension,0.0073475143937653,<CONV>
extensive,0.0081944408230106,<CONV>
extent,0.0153144031520393,<CONV>
external,0.0087044238562211,<CONV>
extra,0.0126179312525478,<CONV>
extraction,0.0060966404933117,<CONV>
extraordinary,0.1301690910278877,<CONV>
extreme,0.0107132368014556,<CONV>
extremely,0.0148854938436391,<CONV>
facebook linkedin,0.0055096089098132,<CONV>
faced,0.0121435494829962,<CONV>
facilitate,0.0073087515865675,<CONV>
facilitating,0.0061602982676297,<CONV>
facilitator,0.0015654506661327,<CONV>
facility,0.0002979645005602,<CONV>
facing,0.0140712597537487,<CONV>
factor,0.0023008264289883,<CONV>
faculty,0.0068401906879742,<CONV>
failed,0.0170732506751352,<CONV>
failure,0.0116034146810068,<CONV>
fair,0.0081070504994749,<CONV>
faith,0.0068900615534246,<CONV>
falling,0.128468692570132,<CONV>
false,0.0135165739677691,<CONV>
familiar,0.0086302929704227,<CONV>
family,0.0001630065368094,<CONV>
family member,0.0113974608767328,<CONV>
fan,0.0170310277460847,<CONV>
far,0.0034523929336592,<CONV>
farmer,0.0053316158060277,<CONV>
farmer market,0.0015725866002699,<CONV>
fashion,0.0052361993725396,<CONV>
fast,0.0133473521492555,<CONV>
faster,0.0111248016805862,<CONV>
fastest,0.0063481739962103,<CONV>
fatal,0.0190820289958409,<CONV>
fatality,0.0168773381580534,<CONV>
father,0.0100023119494377,<CONV>
fatigue,0.0113171666581883,<CONV>
fatty,0.004720624094758,<CONV>
fauci,0.0053067801551898,<CONV>
favor,0.0118661477127738,<CONV>
favorable,0.009576093662688,<CONV>
favorite,0.0114042309666256,<CONV>
fda,0.0008899707684777,<CONV>
fear,0.0166469790938572,<CONV>
featured,0.007520665740053,<CONV>
featuring,0.0082370436064065,<CONV>
feb,0.0093049329899922,<CONV>
fed,0.0112021366653597,<CONV>
federal,0.0006441861171574,<CONV>
federal agency,0.01150857350667,<CONV>
federal government,0.0149520314458098,<CONV>
federal health,0.0118004498914415,<CONV>
federally,0.0074775912960201,<CONV>
federation,0.0072607571115565,<CONV>
fee,0.0083474706911198,<CONV>
feed,0.0140262345446304,<CONV>
feedback,0.006313842043714,<CONV>
feeding,0.0065103408141409,<CONV>
feel like,0.1122120790657934,<CONV>
feeling,0.0127864743209746,<CONV>
fell,0.0154463523322779,<CONV>
fellow,0.008967681040351,<CONV>
fellowship,0.0051072810631597,<CONV>
felt,0.0132266425951754,<CONV>
female,0.0075345153018734,<CONV>
fentanyl,0.0085446259143741,<CONV>
fertility,0.005472311521221,<CONV>
festival,0.0046405474505374,<CONV>
fetal,0.0072198474851944,<CONV>
fever,0.0013939276310952,<CONV>
fewer,0.0138299093253613,<CONV>
fiber,0.0048316695170709,<CONV>
fibrosis,0.002460715575307,<CONV>
fifth,0.0121268788348674,<CONV>
fig,0.0018718844508836,<CONV>
fighting,0.0128720975043032,<CONV>
file,0.0097764152204351,<CONV>
filed,0.0135469113666157,<CONV>
filing,0.0127680169829315,<CONV>
fill,0.0141394205770823,<CONV>
filled,0.016040595661622,<CONV>
filling,0.0078594016298973,<CONV>
film,0.0062122977400071,<CONV>
filter,0.0050325002533802,<CONV>
filtration,0.0034628603136351,<CONV>
finally,0.01270699443401,<CONV>
finance,0.0089276308613465,<CONV>
financing,0.0056973208461029,<CONV>
findatopdoc,0.0009873793526196,<CONV>
finding,0.0004586124164455,<CONV>
fine,0.0126233339772063,<CONV>
finish,0.009447471635852,<CONV>
fire,0.0132815221421317,<CONV>
firearm,0.0242659154515478,<CONV>
fired,0.0254117438019302,<CONV>
firm,0.0097118221632635,<CONV>
first,1.2816133942181415e-06,<CONV>
first time,0.017871791463529,<CONV>
fiscal,0.0069508419906345,<CONV>
fish,0.0064957978560324,<CONV>
fisher,0.007393370724458,<CONV>
fit,0.0083288232950138,<CONV>
fitness,0.0055467785199576,<CONV>
five,8.69999324477677e-05,<CONV>
five year,0.013073800829788,<CONV>
fix,0.0153477009265244,<CONV>
fixed,0.0097349476080739,<CONV>
flag,0.0140603081933266,<CONV>
flagship,0.00529060832429,<CONV>
flavor,0.0089192250063443,<CONV>
flexibility,0.0077917873172873,<CONV>
flexible,0.0074756976930497,<CONV>
flight,0.0132357561292684,<CONV>
flint,0.0029041138735849,<CONV>
flock,0.0115718596626901,<CONV>
flood,0.0106535076713229,<CONV>
floor,0.0095349097315091,<CONV>
flow,0.0099768485379433,<CONV>
flu,7.376878172735012e-05,<CONV>
flu vaccine,0.007036746048598,<CONV>
fluid,0.0118522443090748,<CONV>
fluoridated,0.0047579005516605,<CONV>
fluoride drinking,0.0080083374877438,<CONV>
fluoride water,0.0063943699371508,<CONV>
fly,0.0132790607762517,<CONV>
focus,0.0032084087504976,<CONV>
focusing,0.0089033781166477,<CONV>
fold,0.0095003070867233,<CONV>
folk,0.0114566241412749,<CONV>
followed,0.0125199897175321,<CONV>
following,0.0022352474652088,<CONV>
follows,0.0111483352126162,<CONV>
food,5.5752557580113805e-05,<CONV>
food drug,0.0103249287703015,<CONV>
food safety,0.0074796965216871,<CONV>
foodborne,0.0096449834244631,<CONV>
foot,0.0115980161694872,<CONV>
football,0.0085202910372207,<CONV>
footprint,0.006197285434752,<CONV>
forced,0.0231964519638826,<CONV>
forecast period,0.0054770786584517,<CONV>
forecasting,0.0051626499733655,<CONV>
forefront,0.0082017604266608,<CONV>
foreign,0.0108557153794389,<CONV>
forest,0.0069908773279967,<CONV>
forever,0.0105486646478809,<CONV>
forget,0.0167182661064051,<CONV>
formal,0.0104590028009855,<CONV>
formally,0.0085287843231249,<CONV>
format,0.00763159763458,<CONV>
formation,0.0078627481695736,<CONV>
formed,0.0104493939351457,<CONV>
formerly,0.012336243928451,<CONV>
formula,0.0064007176566913,<CONV>
formulation,0.0057467991064021,<CONV>
fort,0.0084014759999992,<CONV>
forth,0.0130008226202753,<CONV>
fortune,0.0054307341277288,<CONV>
forum,0.009053942138098,<CONV>
forward looking,0.0043503102918857,<CONV>
foster,0.0079991071743545,<CONV>
fostering,0.0069063483106564,<CONV>
found,0.0001934594473521,<CONV>
foundation,0.0041272413895737,<CONV>
foundational,0.0057527928066728,<CONV>
founded,0.0100236364365809,<CONV>
founding,0.0076058631239749,<CONV>
four,0.0005759066484677,<CONV>
four year,0.0121394083470204,<CONV>
fourth,0.0096594675300248,<CONV>
fox,0.0128340607219107,<CONV>
fox13now.com,0.000746515437393,<CONV>
fracture,0.0047848972717103,<CONV>
france,0.007183671472153,<CONV>
francisco,0.0093854227648033,<CONV>
free,2.015620536763016e-05,<CONV>
freedom,0.010481587252452,<CONV>
freeze,0.0107050310995686,<CONV>
french,0.0093491044412647,<CONV>
frequency,0.006597060763695,<CONV>
frequent,0.0109893096665659,<CONV>
frequently,0.0118336651204509,<CONV>
fresh,0.0084787051863673,<CONV>
friend,0.0108220293191887,<CONV>
friendly,0.0086928430923092,<CONV>
friendship,0.0051787922459091,<CONV>
front,0.0140440721012498,<CONV>
frontline,0.0077053838695444,<CONV>
frozen,0.0107608698148701,<CONV>
fruit,0.0061522779146732,<CONV>
fruit vegetable,0.006143393697647,<CONV>
fry,0.0038251380343191,<CONV>
fsis,0.0024583716606247,<CONV>
fue,0.0038413369263954,<CONV>
fuel,0.0114963441557567,<CONV>
fueled,0.0138898138068113,<CONV>
fueling,0.0076142135208881,<CONV>
full,0.0733923291826933,<CONV>
fun,0.0110027750175654,<CONV>
functional,0.0065407240387591,<CONV>
functioning,0.00904410680977,<CONV>
fundamental,0.0098544174563012,<CONV>
funding,0.0043092280231049,<CONV>
fungal,0.0038369575881398,<CONV>
furthermore,0.0083967241184891,<CONV>
future,0.0176605411428136,<CONV>
future pandemic,0.0066768917178282,<CONV>
gained,0.0100407547808886,<CONV>
gaining,0.00775777739569,<CONV>
garden,0.0158294813693977,<CONV>
gas,0.0136807626869958,<CONV>
gastrointestinal,0.0094054096581467,<CONV>
gate,0.0056714611963441,<CONV>
gather,0.0100787546158413,<CONV>
gathered,0.011475977943166,<CONV>
gathering,0.0078950905117793,<CONV>
gave,0.0133949457226568,<CONV>
gavi,0.0048626380169239,<CONV>
gay,0.0089069359065809,<CONV>
gaza,0.000596933557661,<CONV>
gdp,0.0049842368582444,<CONV>
gear,0.0142744397662098,<CONV>
gen,0.0060185086314651,<CONV>
gender,0.0072739866484106,<CONV>
general,0.0470877115793191,<CONV>
general public,0.01272822290844,<CONV>
generally,0.0136190367783517,<CONV>
generate,0.00962374552174,<CONV>
generated,0.0072385405127306,<CONV>
generating,0.0078360807881794,<CONV>
generic-blogs,8.743794652859468e-05,<CONV>
genetics,0.0068660123636955,<CONV>
genome,0.0045683261260926,<CONV>
genomic,0.0055464624986211,<CONV>
genomics,0.0036679755495327,<CONV>
geographic,0.0074609228919706,<CONV>
geographical,0.0062488411714572,<CONV>
geography,0.0051614389085385,<CONV>
george,0.0094035095328317,<CONV>
georgia,0.009283691065135,<CONV>
geovax,0.0003915619148627,<CONV>
germ,0.009648568971398,<CONV>
german,0.0073481963234486,<CONV>
germany,0.008915423434929,<CONV>
get,2.1003911706474647e-05,<CONV>
getty,0.0109907768440124,<CONV>
ghana,0.0050106253133425,<CONV>
ghebreyesus,0.0087151155723806,<CONV>
gift,0.0065901543821961,<CONV>
girl,0.0110346379707056,<CONV>
giving,0.014479894000203,<CONV>
glass,0.010611374843455,<CONV>
glaucoma,0.0013194211533078,<CONV>
global,0.0002364774110277,<CONV>
global health,0.0157176602211696,<CONV>
global leader,0.0068771269453452,<CONV>
global market,0.0019659344114407,<CONV>
global public,0.0113812213150533,<CONV>
globe,0.0143780520296304,<CONV>
globe newswire,0.0189585386518723,<CONV>
globenewswire,0.0131398303935642,<CONV>
glp,0.0038024108628752,<CONV>
glucose,0.0047475263669816,<CONV>
god,0.0094262194968364,<CONV>
going,0.0005893040633094,<CONV>
gold,0.0084972071297796,<CONV>
golden,0.0096360283149466,<CONV>
gone,0.0150891041513667,<CONV>
gonorrhea,0.0039188723577089,<CONV>
good,1.878030084083746e-05,<CONV>
google scholar,0.001020558981095,<CONV>
gotten,0.0177993707911405,<CONV>
governance,0.0046766313609599,<CONV>
government,0.0160033983566846,<CONV>
government agency,0.0124373540579755,<CONV>
governmental,0.0102981568322624,<CONV>
governor,0.0102572546876482,<CONV>
grade,0.0081418664995709,<CONV>
gradually,0.0098116386095125,<CONV>
graduate,0.0064867416556222,<CONV>
grain,0.0054882488081211,<CONV>
gram,0.0062073918503994,<CONV>
grand,0.0658431572322527,<CONV>
granted,0.0130992061018271,<CONV>
grassroots,0.0057599901526773,<CONV>
grateful,0.0080595849753699,<CONV>
gratitude,0.0046580381644314,<CONV>
gray,0.0136943532297453,<CONV>
greatest,0.0118298595397204,<CONV>
greatly,0.011113887097719,<CONV>
green,0.0076943765785023,<CONV>
greg,0.0085782937037632,<CONV>
grew,0.0138523838402337,<CONV>
grocery,0.0112890907222916,<CONV>
gross,0.0058017108976844,<CONV>
ground,0.0122001917823876,<CONV>
groundbreaking,0.0087958166531536,<CONV>
group,0.0001672643984891,<CONV>
grown,0.0109416249745299,<CONV>
growth,0.0349755642771376,<CONV>
growth rate,0.0043269207361055,<CONV>
gsk,0.0034991228734211,<CONV>
guarantee,0.0119365085424267,<CONV>
guard,0.0145147147248859,<CONV>
guardian,0.0100855639089098,<CONV>
guess,0.0157632561285452,<CONV>
guest,0.0091163849299603,<CONV>
guided,0.0063635767607004,<CONV>
guidehealth,0.0001345169252608,<CONV>
guiding,0.0072663232040811,<CONV>
guinea,0.0038110119149941,<CONV>
gujarat,0.0009474934983245,<CONV>
gum,0.0048282887483729,<CONV>
gun,0.0080443868655583,<CONV>
gut,0.0068388899245416,<CONV>
guy,0.0126166530193004,<CONV>
gvn,0.0008608411808849,<CONV>
habitat,0.0077118437097253,<CONV>
hair,0.0085351670047996,<CONV>
hall,0.0088456405714915,<CONV>
hamas,0.0096407214163749,<CONV>
hampshire,0.0076609737912788,<CONV>
han,0.0044197288614144,<CONV>
handle,0.0110146005094824,<CONV>
handling,0.0115706060002467,<CONV>
handwashing,0.0056050940003504,<CONV>
happen,0.0151400712443467,<CONV>
happened,0.0185815057255622,<CONV>
happening,0.0156021909464943,<CONV>
happens,0.0171167192798131,<CONV>
happy,0.011851331389025,<CONV>
harbor,0.0082188468910843,<CONV>
harder,0.0225462792583913,<CONV>
harm reduction,0.0128568494415611,<CONV>
harmful,0.0127667116869604,<CONV>
harris,0.0073876674626285,<CONV>
harvard,0.0077252992842216,<CONV>
hasta,0.0038697213275648,<CONV>
hay,0.0046998406752847,<CONV>
hazard,0.0107012120033797,<CONV>
hazardous,0.0103310810060592,<CONV>
hbv,0.0017059429186955,<CONV>
hcv,0.0007167110264101,<CONV>
headache,0.0155102216810279,<CONV>
heading,0.0148130904758825,<CONV>
headline,0.0139184085254254,<CONV>
headquartered,0.0091859085920275,<CONV>
headquarters,0.0088154307149098,<CONV>
heal,0.0075791578538261,<CONV>
healing,0.0048979475833738,<CONV>
health,3.777199569679709e-05,<CONV>
health agency,0.0124835807321786,<CONV>
health assembly,0.0027847192682201,<CONV>
health association,0.0074615382501863,<CONV>
health authority,0.0132152547148348,<CONV>
health benefit,0.0094349642436942,<CONV>
health campaign,0.0135565550238765,<CONV>
health care,0.0149236721598986,<CONV>
health center,0.0068077885794817,<CONV>
health challenge,0.0077854431758132,<CONV>
health coalition,0.0012383744598747,<CONV>
health community,0.0090590687676247,<CONV>
health concern,0.0133394163311276,<CONV>
health condition,0.014952294714568,<CONV>
health coverage,0.0056657717332464,<CONV>
health crisis,0.0223074707808209,<CONV>
health data,0.0074000357028702,<CONV>
health day,0.0022685922219689,<CONV>
health department,0.0127392129924353,<CONV>
health director,0.0064766658933097,<CONV>
health disparity,0.0071423440594473,<CONV>
health education,0.0063584982848515,<CONV>
health emergency,0.012174500680914,<CONV>
health environment,0.0102187499959916,<CONV>
health equity,0.0053761654564259,<CONV>
health expert,0.0162683224194052,<CONV>
health facility,0.0070621520486352,<CONV>
health family,0.0041148194496843,<CONV>
health health,0.0089809423297198,<CONV>
health human,0.0152064170602118,<CONV>
health impact,0.0112275792753254,<CONV>
health information,0.0075374393593001,<CONV>
health infrastructure,0.0087888315576982,<CONV>
health initiative,0.005821988949244,<CONV>
health insurance,0.0070252905051894,<CONV>
health intervention,0.0083450665332584,<CONV>
health issue,0.0106779616855783,<CONV>
health leader,0.011396727002198,<CONV>
health management,0.0022221190835391,<CONV>
health measure,0.0112681563152217,<CONV>
health minister,0.0082320800673525,<CONV>
health ministry,0.0117768714104668,<CONV>
health need,0.009960426895949,<CONV>
health news,0.0132025785851594,<CONV>
health nutrition,0.008528588164931,<CONV>
health officer,0.0080991365566413,<CONV>
health official,0.0181125421998302,<CONV>
health organisation,0.0084828789993613,<CONV>
health organization,0.0212544643145926,<CONV>
health outcome,0.0093495846218159,<CONV>
health plan,0.0054748071534966,<CONV>
health policy,0.0075268788941157,<CONV>
health priority,0.0085521695987315,<CONV>
health problem,0.0191545165130692,<CONV>
health professional,0.0077494380470651,<CONV>
health program,0.007990950614535,<CONV>
health promotion,0.0054779767540324,<CONV>
health related,0.0064640487038038,<CONV>
health research,0.009811525916407,<CONV>
health resource,0.0066576551281533,<CONV>
health risk,0.0147408704601499,<CONV>
health safety,0.0097053468221786,<CONV>
health said,0.0141536248987396,<CONV>
health science,0.0145357295124844,<CONV>
health screening,0.0045320098251329,<CONV>
health secretary,0.0115350930746983,<CONV>
health sector,0.0060357641066386,<CONV>
health security,0.0089162860825701,<CONV>
health service,0.0120584857305537,<CONV>
health social,0.006893635609108,<CONV>
health solution,0.0052610582951984,<CONV>
health strategy,0.0082702793055688,<CONV>
health system,0.0341252145257917,<CONV>
health threat,0.0130686113878218,<CONV>
health well,0.0068376924409948,<CONV>
health wellness,0.0074630943551109,<CONV>
health worker,0.0069802609655633,<CONV>
healthaffairs.org,0.000113018191142,<CONV>
healthcare,1.7162910929609155e-05,<CONV>
healthcare access,0.005435030928632,<CONV>
healthcare cost,0.0067905140966104,<CONV>
healthcare delivery,0.0056208210444408,<CONV>
healthcare infrastructure,0.0050068370697929,<CONV>
healthcare professional,0.0078274946537351,<CONV>
healthcare provider,0.0074504604089538,<CONV>
healthcare service,0.0054952909545441,<CONV>
healthcare system,0.0067747847999458,<CONV>
healthcare worker,0.0060518214074411,<CONV>
healthday,0.010849804327209,<CONV>
healthday.com,0.0007686221084768,<CONV>
healthiest,0.0049279358214072,<CONV>
healthy,1.8604329712835884e-05,<CONV>
healthy eating,0.0050379504604145,<CONV>
healthy food,0.0055399093317217,<CONV>
hear,0.0151908061986867,<CONV>
heard,0.0128323924602958,<CONV>
hearing,0.0125812068670967,<CONV>
heart,0.0003331673371681,<CONV>
heart association,0.0065783909525539,<CONV>
heart attack,0.0090303642834615,<CONV>
heart disease,0.0110911237548397,<CONV>
heavily,0.0099620357719386,<CONV>
heavy,0.0149524711082208,<CONV>
height,0.0080753327136464,<CONV>
heightened,0.0100377098012574,<CONV>
help,1.280387001096943e-06,<CONV>
help people,0.0202807001188744,<CONV>
help prevent,0.0105063282455745,<CONV>
helpful,0.0103098668997455,<CONV>
helping people,0.0086248223345359,<CONV>
herd,0.012203326893402,<CONV>
heritage,0.0055936994437465,<CONV>
hero,0.0078097205228974,<CONV>
herpes,0.0024521708873104,<CONV>
hesitancy,0.0078551667402713,<CONV>
hey,0.0185791526635019,<CONV>
hidden,0.0126715787834262,<CONV>
high,1.7164856589774447e-05,<CONV>
high blood,0.0105724569780926,<CONV>
high level,0.0115495421536261,<CONV>
high quality,0.0073448274463743,<CONV>
high risk,0.0087171304082168,<CONV>
high school,0.0113200319429664,<CONV>
higher,0.0116353196554759,<CONV>
higher risk,0.017237194029587,<CONV>
highlighting,0.009028870166366,<CONV>
highly contagious,0.0166961480767076,<CONV>
highway,0.0128593475460076,<CONV>
hill,0.0105013130520135,<CONV>
hispanic,0.0065907685797761,<CONV>
historic,0.0063640151466434,<CONV>
historical,0.0093428951916487,<CONV>
historically,0.0141130793612737,<CONV>
hit,0.0164878886844881,<CONV>
hiv,0.000866752207048,<CONV>
hiv aid,0.0032279560125646,<CONV>
hiv infection,0.0038025065787067,<CONV>
hiv prevention,0.0037030984434189,<CONV>
hmpv,0.001262221831278,<CONV>
holding,0.0102596527967259,<CONV>
hole,0.0099412772049954,<CONV>
holiday,0.0086958371150032,<CONV>
holistic,0.0061313653018272,<CONV>
holland,0.0028421685959892,<CONV>
holy,0.0053957336458143,<CONV>
home,0.0055925093757422,<CONV>
homeless,0.1388404749635037,<CONV>
homelessness,0.0066145105090239,<CONV>
homeowner,0.0063327670393259,<CONV>
hong,0.006755818204767,<CONV>
honor,0.0072114133564971,<CONV>
honored,0.0088366316118415,<CONV>
honourable,0.0019486201614889,<CONV>
hopeful,0.0109190780203403,<CONV>
hoping,0.0148172895783231,<CONV>
hopkins,0.0099510831307731,<CONV>
horizon,0.0052738860890222,<CONV>
hormonal,0.0043051279201319,<CONV>
hormone,0.006462422415517,<CONV>
horse,0.0110777062455922,<CONV>
hospital,0.0007075502997263,<CONV>
hospitalization,0.0108007231488941,<CONV>
hospitalized,0.0169049311130164,<CONV>
hosted,0.009307040898985,<CONV>
hosting,0.0077902580462505,<CONV>
hot,0.0167489182139118,<CONV>
hotel,0.009457239220207,<CONV>
hour,0.0093523919738349,<CONV>
house,0.0041986742217104,<CONV>
household,0.0091085051202347,<CONV>
houston,0.0055900252190987,<CONV>
howard,0.0161537819908189,<CONV>
however,0.0233522435522263,<CONV>
hpai,0.0059361332700968,<CONV>
hpv,0.0019875434560521,<CONV>
html source,0.0124086693325736,<CONV>
http,0.0012426815541882,<CONV>
http doi,0.0068140013386639,<CONV>
http www,0.0157187078262145,<CONV>
http://www.dothnews.com.br,5.927463249569307e-06,<CONV>
hub,0.0094793623242203,<CONV>
huge,0.0546759891702486,<CONV>
hughes,0.0160728185095082,<CONV>
human,3.562150715861573e-05,<CONV>
human animal,0.0101372627501573,<CONV>
human case,0.0119033002533268,<CONV>
human health,0.0112836411423046,<CONV>
human right,0.0069433350351459,<CONV>
human service,0.0150182062093131,<CONV>
humanitarian,0.0073057324064711,<CONV>
humanity,0.0109402833103792,<CONV>
hundred,0.0137084562020605,<CONV>
hunger,0.0082858240890576,<CONV>
hunter,0.0088137328697359,<CONV>
hurt,0.0170107584828171,<CONV>
husband,0.0138017894065138,<CONV>
hybrid,0.0053544667733096,<CONV>
hydration,0.0040578198345549,<CONV>
hypertension,0.0053166949394972,<CONV>
hypothesis,0.008152259386073,<CONV>
iHeartRadio,0.0001705001393201,<CONV>
iStock Getty,0.0004209240139449,<CONV>
iStock Unreleased Getty,8.959982996349011e-05,<CONV>
iavi,0.0003345379573688,<CONV>
ice,0.0101261197971279,<CONV>
icmr,0.0022536226359309,<CONV>
idaho,0.0058698421214893,<CONV>
ideal,0.0083056424372377,<CONV>
ideastream,0.0011275141081515,<CONV>
identification,0.0078889962128106,<CONV>
identifies,0.0073778267686446,<CONV>
identifying,0.0101070638090639,<CONV>
identity,0.0089641719155733,<CONV>
idph,0.0017514115213818,<CONV>
ihr,0.0021982604907718,<CONV>
iii,0.0071140542921165,<CONV>
ill,0.0152398512160693,<CONV>
illegal,0.0121124825186913,<CONV>
illicit,0.010097845643607,<CONV>
illinois,0.0070745369513991,<CONV>
illness,0.1772044520972138,<CONV>
image video,0.0077345563963929,<CONV>
imagine,0.0167835227427932,<CONV>
imaging,0.0061254725558162,<CONV>
immediate,0.0129939461368426,<CONV>
immediately,0.0150547764047075,<CONV>
immense,0.0080755482181177,<CONV>
immigrant,0.0080667540898073,<CONV>
immigration,0.0090311270711082,<CONV>
immune response,0.0065040809675818,<CONV>
immune system,0.0117488816183635,<CONV>
immunisation,0.0025989843979134,<CONV>
immunity,0.0109903636952753,<CONV>
immunization program,0.0050743553392979,<CONV>
immunoassay,0.0014641859315581,<CONV>
immunology,0.0075168012173597,<CONV>
impact,0.0002494020407811,<CONV>
impact601.com,0.0002499933807093,<CONV>
impacted,0.0124411841328463,<CONV>
impactful,0.0102539722254969,<CONV>
impacting,0.010897686127533,<CONV>
impairment,0.0067616500939878,<CONV>
imperative,0.0111711704997966,<CONV>
imperial,0.0030922617774241,<CONV>
implant,0.0030890609665113,<CONV>
implement,0.0094698109305512,<CONV>
implemented,0.0092448437301364,<CONV>
implementing,0.0079490894677488,<CONV>
implication,0.0117311839825481,<CONV>
import,0.0082242050748867,<CONV>
important,1.7475710123989096e-05,<CONV>
importante,0.0044392422039786,<CONV>
importantly,0.0133930459890948,<CONV>
imported,0.013533615848151,<CONV>
importer,0.000292763924338,<CONV>
impossible,0.0109636069235533,<CONV>
impressive,0.0095287558718935,<CONV>
improve,0.0001564166395813,<CONV>
improve health,0.0088114795866231,<CONV>
improve patient,0.0069023483102726,<CONV>
improves,0.0079892335520744,<CONV>
improving health,0.0086551848666789,<CONV>
inForney.com,0.0004155077316269,<CONV>
inactivated,0.0047608771154735,<CONV>
inadequate,0.0107223604356074,<CONV>
inaugural,0.0091220837062314,<CONV>
inbox,0.011812582198654,<CONV>
incentive,0.0077161767962052,<CONV>
inception,0.0066373985107559,<CONV>
inch,0.0095247371730252,<CONV>
incidence,0.0075079839424757,<CONV>
incident,0.0134366005232044,<CONV>
include,1.731148998775294e-05,<CONV>
including,1.7178657990945164e-05,<CONV>
inclusion,0.0080842849379833,<CONV>
inclusive,0.0058193783216071,<CONV>
income country,0.00858871521701,<CONV>
incorporate,0.0081434728581622,<CONV>
incorporated,0.0097729485734666,<CONV>
incorporating,0.0069139940975898,<CONV>
increase,0.0005728860087222,<CONV>
increased,1.743874931495331e-05,<CONV>
increased risk,0.0169711402195212,<CONV>
increasingly,0.0123498682927653,<CONV>
incredible,0.0088695883508281,<CONV>
incredibly,0.0115962985775166,<CONV>
indeed,0.0140949097131764,<CONV>
independence,0.0088714453320463,<CONV>
independently,0.0100972771702355,<CONV>
india,0.008800572739346,<CONV>
indian,0.0066651672112161,<CONV>
indiana,0.0060177047694176,<CONV>
indianapolis,0.0027204820302044,<CONV>
indicate,0.0126000858381775,<CONV>
indicated,0.0105184813932253,<CONV>
indicates,0.0115406922305055,<CONV>
indicating,0.0095240466451556,<CONV>
indication,0.01142888255705,<CONV>
indicator,0.0060667916474353,<CONV>
indigenous,0.0037246114163929,<CONV>
individual,0.0001612427602786,<CONV>
indonesia,0.0052027778208711,<CONV>
indoor,0.006827604770442,<CONV>
indoors,0.0098302033134758,<CONV>
induced,0.0093910073535994,<CONV>
industrial,0.0116399500607265,<CONV>
industry,1.7787826428124696e-05,<CONV>
inequality,0.0072361598397515,<CONV>
inequity,0.0067872172507404,<CONV>
infect,0.0125076718916134,<CONV>
infected,0.0032638752043918,<CONV>
infection,8.747649183546751e-05,<CONV>
infectious,0.0001047334720092,<CONV>
infectious disease,0.0146266198923564,<CONV>
inflammation,0.0107344576300456,<CONV>
inflammatory,0.0087924707716974,<CONV>
inflation,0.0120153644496153,<CONV>
influenced,0.0086069491451111,<CONV>
influencers,0.0081623048688224,<CONV>
influencing,0.0082230327627121,<CONV>
influential,0.0081355325319314,<CONV>
influenza,0.000766530935037,<CONV>
influenza vaccine,0.0029534755643517,<CONV>
influenza virus,0.0079650595413009,<CONV>
info,0.0064747491807425,<CONV>
inform,0.0097794020547608,<CONV>
informatics,0.0029445047803017,<CONV>
information,9.258593875872808e-05,<CONV>
information contained,0.0079167640670597,<CONV>
information please,0.0110155422889797,<CONV>
information visit,0.0123107116687762,<CONV>
informed decision,0.0078224022359251,<CONV>
ingredient,0.0091220333635999,<CONV>
inhibitor,0.0047366665058906,<CONV>
ini,0.0008142020769401,<CONV>
initial,0.009570681591585,<CONV>
initially,0.014695542017373,<CONV>
initiated,0.0096517704732297,<CONV>
initiation,0.0074154722396536,<CONV>
initiative,3.632058437679059e-05,<CONV>
injection,0.0075958209664014,<CONV>
injury,0.0105542226368692,<CONV>
innovator,0.0064621646723529,<CONV>
inpatient,0.0059060225350962,<CONV>
input,0.0077183068322305,<CONV>
inquirer.com,2.226419253359475e-06,<CONV>
inquiry,0.0089759768786732,<CONV>
insect,0.0089252728471701,<CONV>
insecticide,0.0058511872706365,<CONV>
insecurity,0.0073540105590819,<CONV>
inside,0.0155817358325331,<CONV>
inspection,0.0078653998618246,<CONV>
inspector,0.0071114876053251,<CONV>
inspiration,0.0062158739473812,<CONV>
inspire,0.0069055429076666,<CONV>
inspired,0.0978151020584603,<CONV>
inspiring,0.0049798052006734,<CONV>
instagram,0.007660167808911,<CONV>
instance,0.0112270961909805,<CONV>
instead,0.0148391349273598,<CONV>
institute,3.743406864920144e-05,<CONV>
institute health,0.0125203839759325,<CONV>
institutional,0.0088242866475574,<CONV>
instruction,0.0093349757980262,<CONV>
instrument,0.0061866361025893,<CONV>
instrumental,0.0087596672870023,<CONV>
insufficient,0.0099285736473041,<CONV>
insulin,0.0052421977404021,<CONV>
insurer,0.0072499746532968,<CONV>
int,0.0066618634623088,<CONV>
integral,0.005940313688474,<CONV>
integrate,0.0060036745157265,<CONV>
integrating,0.0075511844456963,<CONV>
integration,0.0043513575647992,<CONV>
integrative,0.0034516367400205,<CONV>
integrity,0.00863136936105,<CONV>
intellectual,0.0100152542072506,<CONV>
intended,0.0111961910249968,<CONV>
intends,0.0110698069891072,<CONV>
intense,0.0148001958641946,<CONV>
intensity,0.0074665107520905,<CONV>
intensive,0.0096083032170451,<CONV>
intention,0.0082975412908658,<CONV>
inter,0.0056921703356819,<CONV>
interact,0.0149064783803841,<CONV>
interaction,0.0081044985882288,<CONV>
interactive,0.0064108358451569,<CONV>
interdisciplinary,0.0039589134668951,<CONV>
interested,0.0100112187136615,<CONV>
interesting,0.0111293274223455,<CONV>
interim,0.0088378228722402,<CONV>
interior,0.0081218643072805,<CONV>
intermountain health,0.0010552065524473,<CONV>
internal,0.0107586703255864,<CONV>
international,0.0100264970197801,<CONV>
international health,0.0076511193212564,<CONV>
internationally,0.0102991739254954,<CONV>
internet,0.0079327504939057,<CONV>
interoperability,0.0019466560390131,<CONV>
interpretation,0.00780660348168,<CONV>
intersection,0.0103178219143189,<CONV>
interval,0.0072892987364616,<CONV>
intervention,0.0010515080182155,<CONV>
introduce,0.0090407154726917,<CONV>
introduced,0.0106949139208641,<CONV>
introducing,0.0091921604708804,<CONV>
introduction,0.0089564135019496,<CONV>
invaluable,0.0067270197366963,<CONV>
invasive,0.0072409318725201,<CONV>
inventory,0.0071569773905656,<CONV>
invest,0.0085407811234764,<CONV>
invested,0.0086163976648285,<CONV>
investigate,0.0156013613651212,<CONV>
investigated,0.0172932335043115,<CONV>
investigating,0.0174074481940681,<CONV>
investigation,0.0158558201664377,<CONV>
investigational,0.0104335598882748,<CONV>
investigator,0.0114369347284361,<CONV>
investing,0.0087899958773202,<CONV>
investor,0.0074981678548086,<CONV>
invite,0.0068508504125117,<CONV>
invited,0.0096759017771698,<CONV>
involve,0.0125516576677041,<CONV>
involvement,0.0095266634072471,<CONV>
involves,0.0110038149462507,<CONV>
involving,0.0146071131461852,<CONV>
iowa,0.0076004103250439,<CONV>
iran,0.0082539325104824,<CONV>
ireland,0.005689768558579,<CONV>
iron,0.0051351432447651,<CONV>
island,0.0096102778868446,<CONV>
isolated,0.0146119871238853,<CONV>
isolates,0.0037412068417974,<CONV>
isolation,0.0105750771806467,<CONV>
israel,0.0082031081012573,<CONV>
israeli,0.0084100827269786,<CONV>
issue,0.0003355383412942,<CONV>
issue related,0.0070659698751823,<CONV>
issued,0.0158940782217157,<CONV>
issuewire,0.0019701967938685,<CONV>
ist,0.00168603331917,<CONV>
italy,0.0063287702911404,<CONV>
ixchiq,0.0012351456547004,<CONV>
jackson,0.0094804085259183,<CONV>
jail,0.0103053304454505,<CONV>
jama,0.0102552045746761,<CONV>
james,0.0098594457950257,<CONV>
japan,0.0082384424710859,<CONV>
japanese,0.0071909926841782,<CONV>
jason,0.0102952058401204,<CONV>
jay,0.0096087493535896,<CONV>
jean,0.014111277866253,<CONV>
jeff,0.0098298619868924,<CONV>
jennifer,0.0124194976188397,<CONV>
jersey,0.0079342360238584,<CONV>
jessica,0.0073516090399265,<CONV>
jim,0.0095681352736622,<CONV>
jimmy,0.008040622147025,<CONV>
joe,0.0120013926868475,<CONV>
joe biden,0.0122800744035085,<CONV>
john hopkins,0.0116478486561185,<CONV>
johnson,0.0116035633632961,<CONV>
joined,0.0099127492970684,<CONV>
joining,0.0119419697585022,<CONV>
jonathan,0.0116557615926663,<CONV>
jones,0.0088790263057228,<CONV>
jordan,0.0066352366874863,<CONV>
joseph,0.0088424316517068,<CONV>
journalism,0.0080155816208083,<CONV>
journalist,0.0106988548345015,<CONV>
joy,0.010295044703118,<CONV>
juan,0.0060498588158054,<CONV>
judge,0.0101991616384492,<CONV>
juga,0.0111401854520717,<CONV>
juice,0.0061774277376395,<CONV>
jul,0.0058348456529075,<CONV>
jump,0.0146161922514677,<CONV>
jun,0.0072290798881178,<CONV>
junior,0.0144166541480503,<CONV>
junk,0.0050880879632416,<CONV>
jurisdiction,0.00774309244364,<CONV>
justice,0.0080422450387519,<CONV>
jynneos,0.0035097471739687,<CONV>
kaiser,0.0035445173303852,<CONV>
kansa,0.0074557811189654,<CONV>
kansa city,0.0059236833907446,<CONV>
karen,0.0055028550021385,<CONV>
keeping,0.0131541908807774,<CONV>
kelly,0.010363220200642,<CONV>
kennedy,0.0006791955571765,<CONV>
kentucky,0.009036883688424,<CONV>
kenya,0.0064071114936479,<CONV>
kept,0.021408420228833,<CONV>
kesehatan,0.0088242739635642,<CONV>
kevin,0.0094782121096759,<CONV>
key,1.2982722130239918e-06,<CONV>
key player,0.0064210047296163,<CONV>
keynote,0.003088804686787,<CONV>
keywords,0.0085823529071283,<CONV>
kff,0.009018496440117,<CONV>
kfor,0.00018128132059712636,<CONV>
khan,0.0078475545503564,<CONV>
kick,0.0110354153082451,<CONV>
kidney,0.0070960558898008,<CONV>
kill,0.0178967104618487,<CONV>
killed,0.0177699296018226,<CONV>
killing,0.0177116996569075,<CONV>
kim,0.007708444919026,<CONV>
kind accept,0.0075699193642272,<CONV>
kindly,0.006349846336136,<CONV>
kindly contact,0.0075544804831579,<CONV>
king,0.0093529827581209,<CONV>
kingdom,0.0077535416616663,<CONV>
kit,0.0059038975446738,<CONV>
kitchen,0.007509427787277,<CONV>
kjrh.com,0.0003989634340847,<CONV>
knba,0.00042548891636619995,<CONV>
knew,0.0120568328108982,<CONV>
know,3.469446822419807e-05,<CONV>
knowing,0.0123568837291163,<CONV>
known,0.0001219445906591,<CONV>
knoxville Times,0.0006740458231846999,<CONV>
kong,0.0072956660090019,<CONV>
korea,0.0066787067887275,<CONV>
kumar,0.0035474908714892,<CONV>
kzyx,0.00017335748805159863,<CONV>
label,0.0085251826972336,<CONV>
labeling,0.008715996401736,<CONV>
labor,0.0092976495476651,<CONV>
lacking,0.0101443931754226,<CONV>
lady,0.0073015766912533,<CONV>
laid,0.0111347255483029,<CONV>
lake,0.0087721508230301,<CONV>
lakh,0.001703054360786,<CONV>
lancet,0.0137323090490857,<CONV>
land,0.0114603486012149,<CONV>
landmark,0.0071524944560635,<CONV>
lane,0.0109152485030267,<CONV>
language,0.0087619077095106,<CONV>
lar,0.0010979659231165,<CONV>
large scale,0.0110711247517908,<CONV>
largely,0.0148977565200421,<CONV>
larger,0.0125121063220518,<CONV>
last,5.583159961532593e-05,<CONV>
last month,0.0206866430011311,<CONV>
last week,0.01929099301067,<CONV>
last year,0.0164238808124507,<CONV>
lasting,0.0087364876583624,<CONV>
latent,0.0035906530416034,<CONV>
latin,0.007928577248006,<CONV>
latin america,0.007155602923019,<CONV>
latino,0.0054222269956693,<CONV>
launching,0.0094432652119363,<CONV>
laura,0.0105489147904579,<CONV>
law,0.0014962752012675,<CONV>
lawmaker,0.0150045097237285,<CONV>
lawsuit,0.0153288715210108,<CONV>
lawyer,0.0161921563165576,<CONV>
lay,0.0098329177629172,<CONV>
layer,0.0101499602285535,<CONV>
layoff,0.0094088548814389,<CONV>
lead,0.0003309433585802,<CONV>
leader,0.0002504673742686,<CONV>
leading,0.0001243513457956,<CONV>
leading cause,0.0929477140147561,<CONV>
leaf,0.0117910774377719,<CONV>
league,0.0088968842098751,<CONV>
lean,0.0082549019333034,<CONV>
learned,0.0126342807578837,<CONV>
least,0.0003478334803703,<CONV>
least one,0.0141154447662115,<CONV>
leave,0.0145850760516694,<CONV>
leaving,0.0149099130687892,<CONV>
lebih,0.0013854170244519,<CONV>
lee,0.0074713980016104,<CONV>
leg,0.0114243224841903,<CONV>
legacy,0.007719504768838,<CONV>
legal disclaimer,0.0073901195348403,<CONV>
legality,0.0064851863298129,<CONV>
legality reliability,0.007567441616533,<CONV>
legally,0.0094189061329295,<CONV>
legislation,0.009608133172973,<CONV>
legislative,0.0090970419251591,<CONV>
legislature,0.0114829349084202,<CONV>
length,0.0075143499437919,<CONV>
lens,0.0074130842330354,<CONV>
leone,0.0043864393324734,<CONV>
leprosy,0.0014822685109227,<CONV>
lesion,0.0126095275668318,<CONV>
less,0.0001391464479206,<CONV>
lesson,0.0089571086973879,<CONV>
letter,0.0102704359650072,<CONV>
level,2.2284286089687177e-05,<CONV>
level fluoride,0.0048408903611872,<CONV>
leverage,0.0082820381534381,<CONV>
leveraging,0.0069000858193389,<CONV>
lgbtq,0.0051393361416334,<CONV>
liability,0.0071806859855004,<CONV>
liability accuracy,0.007567441616533,<CONV>
library,0.0078518736105712,<CONV>
license completeness,0.007567441616533,<CONV>
licensed,0.010779578551788,<CONV>
licensing,0.0074653118827587,<CONV>
lie,0.0115099583140854,<CONV>
life,8.965526621177105e-05,<CONV>
life expectancy,0.0072339305964722,<CONV>
life saving,0.0108607465652636,<CONV>
life science,0.0078559203578597,<CONV>
lifelong,0.0161180723337243,<CONV>
lifesaving,0.0102660329179295,<CONV>
lifespan,0.0075981549477337,<CONV>
lifestyle medicine,0.0008074196543521,<CONV>
lifetime,0.0105427318604488,<CONV>
like,1.846154313083607e-05,<CONV>
likelihood,0.0098129622855339,<CONV>
likely,1.8698916594346307e-05,<CONV>
limitation,0.0082846885988434,<CONV>
limiting,0.0119971079719621,<CONV>
lineage,0.0038950222032674,<CONV>
linear,0.0071092217291814,<CONV>
linkedin instagram,0.0049420688916626,<CONV>
linking,0.0109007304093964,<CONV>
lipid,0.0031767974022876,<CONV>
liquid,0.0077346784436772,<CONV>
lisa,0.0102087833886225,<CONV>
listed,0.0124015676638053,<CONV>
listen,0.0151965201105865,<CONV>
listening,0.0126087738770474,<CONV>
listeria,0.0072038256493471,<CONV>
liter,0.0074337869214912,<CONV>
literacy,0.003428341727454,<CONV>
literature,0.0068666915642249,<CONV>
litigation,0.0117991543753061,<CONV>
little bit,0.0141986973190124,<CONV>
liu,0.0058382408836274,<CONV>
live,0.0049290793877951,<CONV>
lived,0.0114113555086296,<CONV>
liver disease,0.0083642345600854,<CONV>
livestock,0.0082511645521927,<CONV>
living hiv,0.0041693730349141,<CONV>
livlyme,4.0633323314372706e-05,<CONV>
llc,0.0089632164482696,<CONV>
lmics,0.0017865527016882,<CONV>
load,0.0078138592353576,<CONV>
loading,0.0060765607176516,<CONV>
loan,0.0080061574871323,<CONV>
local,0.0007659660988579,<CONV>
local community,0.0085463621450679,<CONV>
local health,0.011741336177678,<CONV>
local news,0.0204726308992284,<CONV>
local public,0.0097924203729231,<CONV>
locally,0.0094946654957347,<CONV>
located,0.0119745959328518,<CONV>
lockdown,0.0091175247219869,<CONV>
log,0.0086535644675046,<CONV>
logistic,0.0050881825114538,<CONV>
logistics,0.0057179461870292,<CONV>
logo,0.0070432377724488,<CONV>
london,0.0083460897899787,<CONV>
loneliness,0.0071487606285199,<CONV>
long,0.0002235932509523,<CONV>
long term,0.0145607640284943,<CONV>
longevity,0.0040453267312957,<CONV>
longitudinal,0.0065199886933149,<CONV>
look,0.0027532840541726,<CONV>
look forward,0.0132852758624493,<CONV>
look like,0.0149057491533961,<CONV>
looked,0.0185227845637221,<CONV>
looking statement,0.004015562864327,<CONV>
los,0.0070082335041402,<CONV>
los angeles,0.0071529485968953,<CONV>
lose,0.0134153092996106,<CONV>
losing,0.0147067676820178,<CONV>
lost,0.0128510547639338,<CONV>
lot,0.0002259135694089,<CONV>
louis,0.0093200313567957,<CONV>
louisiana,0.0097934575611951,<CONV>
loved,0.0144243335894575,<CONV>
loved one,0.0160732989141605,<CONV>
low,0.0007338145827519,<CONV>
low income,0.0091710061593938,<CONV>
low middle,0.0085040844332445,<CONV>
lower,0.0001928158311931,<CONV>
lower risk,0.0086380883545923,<CONV>
lowering,0.0077144141338199,<CONV>
lowest,0.0107575620754558,<CONV>
ltd,0.0056149111316526,<CONV>
lunch,0.0085643371316961,<CONV>
lung,0.0096562861400371,<CONV>
lyme,0.003347795870326,<CONV>
lyme disease,0.0043001237182674,<CONV>
machine,0.0075308795754088,<CONV>
made,0.0561672732189182,<CONV>
madison,0.0065905132689995,<CONV>
magazine,0.0095789167604171,<CONV>
maha,0.0032368795022209,<CONV>
mail,0.0113715660968884,<CONV>
mailboxfeed,0.0049249235672932,<CONV>
maine,0.0083983118350178,<CONV>
mainly,0.0150429660355873,<CONV>
maintained,0.0112059905002792,<CONV>
maintaining,0.0086743493035662,<CONV>
maintenance,0.0066458290600561,<CONV>
mais,0.0021156307394368,<CONV>
major,0.0008119440185914,<CONV>
majority,0.0145893583976239,<CONV>
make,9.069400793452204e-05,<CONV>
make informed,0.0075702895201134,<CONV>
make sure,0.0099690722833052,<CONV>
maker,0.0122462379850282,<CONV>
making,0.0002623162928358,<CONV>
malawi,0.004042734627763,<CONV>
malaysia,0.0041607900288684,<CONV>
male,0.0070231909990697,<CONV>
malnutrition,0.0068222426874856,<CONV>
mammal,0.0176151786075227,<CONV>
man,0.0141668407389032,<CONV>
managed,0.0110159919356661,<CONV>
management,3.8326348106201873e-07,<CONV>
management market,0.0010648905428357,<CONV>
management solution,0.0017723352080388,<CONV>
managing,0.0095114456715733,<CONV>
mandate,0.010122338259938,<CONV>
mandatory,0.0081245550322736,<CONV>
manner,0.008904646764984,<CONV>
manual,0.0099986620810759,<CONV>
manufacture,0.0094627739339298,<CONV>
manufacturer,0.010630519461565,<CONV>
manuscript,0.0060271298111498,<CONV>
many,3.560581010026153e-05,<CONV>
many people,0.0798514978458725,<CONV>
map,0.0084833559963294,<CONV>
mar,0.0077024382070519,<CONV>
marburg,0.0056955752862628,<CONV>
march,0.0020459076577815,<CONV>
margin,0.005222190254355,<CONV>
marginalized,0.0076414196168812,<CONV>
maria,0.0112643220149333,<CONV>
marijuana,0.005968140130279,<CONV>
marked,0.0117936724034335,<CONV>
marker,0.0098341437991781,<CONV>
market,3.816371838860093e-05,<CONV>
market growth,0.0039660697268488,<CONV>
market report,0.0019567271564535,<CONV>
market research,0.0032318182582685,<CONV>
market share,0.0043557729022318,<CONV>
market size,0.0037880741250618,<CONV>
marketed,0.01031601010223,<CONV>
marketing,0.0089343681650915,<CONV>
marketplace,0.007105317983721,<CONV>
marking,0.0094098612198804,<CONV>
martin,0.0103643346078484,<CONV>
mary,0.0091766488846934,<CONV>
maryland,0.0087962784639228,<CONV>
massachusetts,0.0083417192789055,<CONV>
massive,0.0139426215930169,<CONV>
master,0.0064472943418243,<CONV>
match,0.0081852782195789,<CONV>
materially,0.0104479958483707,<CONV>
maternal health,0.0056421683360956,<CONV>
matrix,0.0042042752210345,<CONV>
matt,0.014482455240433,<CONV>
matthew,0.1412762452104983,<CONV>
maximize,0.0064989462065864,<CONV>
maximum,0.0097922087985073,<CONV>
may,4.077047378760736e-05,<CONV>
may also,0.0148628875997329,<CONV>
maybe,0.0152783689396881,<CONV>
mayo,0.0119765712744515,<CONV>
mayor,0.0087573386897479,<CONV>
mba,0.0045069968968505,<CONV>
mcdonald,0.0054820014680564,<CONV>
meal,0.0065596630088097,<CONV>
meaning,0.0169276219327336,<CONV>
meaningful,0.0083124960895999,<CONV>
meant,0.0153091697486836,<CONV>
meanwhile,0.0153996963306496,<CONV>
measles,1.7167505616472153e-05,<CONV>
measles case,0.0104794933016398,<CONV>
measles outbreak,0.0194185639839317,<CONV>
measles vaccine,0.0115544220726067,<CONV>
measurable,0.006534421025085,<CONV>
measure,1.873566243506048e-05,<CONV>
measured,0.0092625141044266,<CONV>
measurement,0.0061812685534558,<CONV>
measuring,0.0086466021906498,<CONV>
meat,0.0084547687809093,<CONV>
mechanism,0.009084923879754,<CONV>
med,0.0058647397771093,<CONV>
medal,0.0041372476683713,<CONV>
median,0.0090459850768829,<CONV>
medical,3.728122356279381e-05,<CONV>
medical care,0.0138511057297934,<CONV>
medical center,0.0124696924260016,<CONV>
medical device,0.0094874334987805,<CONV>
medical officer,0.0150358202425837,<CONV>
medical professional,0.0082448954022582,<CONV>
medical research,0.0092945229777678,<CONV>
medical school,0.0107314505464735,<CONV>
medically,0.0105516345076014,<CONV>
medicare,0.00745861804093,<CONV>
medicine,0.000540766596361,<CONV>
mediterranean,0.0063159633851713,<CONV>
medium,0.0034514528842492,<CONV>
medium contact,0.0097981996711434,<CONV>
medium facebook,0.0055324470634842,<CONV>
member,0.0015412343325991,<CONV>
member state,0.0042139677611325,<CONV>
membership,0.0064322201694101,<CONV>
memorial,0.0058846822708195,<CONV>
memory,0.0102661973587669,<CONV>
meningitis,0.0052466126536764,<CONV>
meningococcal,0.0018775460344787,<CONV>
menopause,0.0012863354849026,<CONV>
mental,0.0010003982393812,<CONV>
mental health,0.013929129340209,<CONV>
mention,0.0152605496988767,<CONV>
mentioned,0.0100108655759816,<CONV>
mentor,0.0046914995971002,<CONV>
menu,0.0067228006606304,<CONV>
merck,0.0039984525513919,<CONV>
merely,0.0067429475933306,<CONV>
messaging,0.0102409721839986,<CONV>
met,0.0097378965200945,<CONV>
meta,0.0063555087089063,<CONV>
metabolic,0.0053478366584605,<CONV>
metabolism,0.0068152518069878,<CONV>
metal,0.0075224716113309,<CONV>
meter,0.0095612626753654,<CONV>
methodology,0.0070599962136936,<CONV>
metric,0.0066313003889351,<CONV>
metro,0.0088971182780722,<CONV>
mexico,0.0120759433199498,<CONV>
miami,0.007257215764998,<CONV>
michael,0.0132266415195927,<CONV>
michelle,0.0094969237529097,<CONV>
michigan,0.0092876730558212,<CONV>
microbe,0.0066031949391921,<CONV>
microbial,0.0062827281889567,<CONV>
microbiology,0.0070228952685039,<CONV>
microbiome,0.0039224565975676,<CONV>
microsoft,0.0057999497132703,<CONV>
mid,0.0151122237773615,<CONV>
middle east,0.0103983200239071,<CONV>
middle income,0.0091031704219447,<CONV>
midwife,0.0032329996332666,<CONV>
might,0.002193691409556,<CONV>
migrant,0.0071134664252988,<CONV>
migration,0.0068245717977761,<CONV>
mike,0.0138824881080884,<CONV>
mild,0.014295566679196,<CONV>
mile,0.0144949312787139,<CONV>
milestone,0.008185442735575,<CONV>
military,0.01185332216939,<CONV>
milk,0.0094260174801061,<CONV>
miller,0.0061507286594906,<CONV>
milligram,0.004793869127771,<CONV>
million,0.000140269929807,<CONV>
million american,0.0168593911767962,<CONV>
million child,0.0087176240315379,<CONV>
million life,0.0106721738419044,<CONV>
million people,0.0126791685950804,<CONV>
millones,0.002690344283062,<CONV>
milwaukee,0.0072018099652712,<CONV>
min,0.0101919840071959,<CONV>
mind,0.0116741821262204,<CONV>
mineral,0.0082506924236434,<CONV>
minimal,0.0112917972036495,<CONV>
minimize,0.009659088859315,<CONV>
minimizing,0.0090539702776085,<CONV>
minimum,0.0098352995993771,<CONV>
minister health,0.0053172912844027,<CONV>
ministry health,0.0049152950880483,<CONV>
minneapolis,0.0043343155244475,<CONV>
minnesota,0.0103851862891552,<CONV>
minor,0.0104758895166634,<CONV>
minority,0.0088530944645748,<CONV>
misinformation,0.0104751773887783,<CONV>
miss,0.0107041703583457,<CONV>
missed,0.0117512650114483,<CONV>
missing,0.0133979205685547,<CONV>
mississippi,0.0079681307334968,<CONV>
missouri,0.0082323965247783,<CONV>
mistake,0.0147239521012206,<CONV>
mit,0.0044318934374925,<CONV>
mitigate,0.0102879441292287,<CONV>
mitigating,0.0079866286386542,<CONV>
mitigation,0.0096258220301703,<CONV>
mix,0.0117930054780624,<CONV>
mixed,0.0101387830246701,<CONV>
mmr,0.0085560011572812,<CONV>
mmr vaccine,0.0105447178598319,<CONV>
mobility,0.0046130021673423,<CONV>
mode,0.0074482842906483,<CONV>
model,2.987375729393667e-05,<CONV>
modeling,0.0062121409303278,<CONV>
moderate,0.0099208642583956,<CONV>
modern,0.0095217187653721,<CONV>
modernization,0.0036655106358007,<CONV>
modi,0.0009899295852394,<CONV>
modification,0.0087968317893725,<CONV>
modified,0.0115239704650473,<CONV>
module,0.0037887281513351,<CONV>
mold,0.0057405452475558,<CONV>
molecular,0.0057453417597621,<CONV>
molecule,0.008418784104632,<CONV>
mom,0.0092061294186879,<CONV>
moment,0.0117568892942653,<CONV>
momentum,0.0085362902604548,<CONV>
monarez,0.0011254394696784,<CONV>
monitor,0.0115755582571131,<CONV>
monkey,0.0060202393413132,<CONV>
monkeypox,0.0074513407251121,<CONV>
montana,0.008139567808922,<CONV>
month,0.0001426652264557,<CONV>
monthly,0.0075308383684317,<CONV>
montreal,0.0032877271711288,<CONV>
mood,0.0066080917634867,<CONV>
morbidity,0.0116109138766986,<CONV>
moreover,0.0102154877744218,<CONV>
moreover-social,0.0389270434365443,<CONV>
moreover_social,0.0044461876903851,<CONV>
mortality rate,0.0111061484460004,<CONV>
mosquito,3.4762118108967177e-05,<CONV>
mosquito borne,0.0103400401406528,<CONV>
mostly,0.0185324754159775,<CONV>
motivation,0.008038965768399,<CONV>
motor,0.1709183151544298,<CONV>
mount,0.0080011168905304,<CONV>
mountain,0.0111821978962963,<CONV>
mouse,0.0070400163813833,<CONV>
mouth,0.0122729640924677,<CONV>
moved,0.0129568875067034,<CONV>
movie,0.0105652425008637,<CONV>
moving,0.013226964941443,<CONV>
mozambique,0.0024004729356307,<CONV>
mph,0.0062201897209565,<CONV>
mpox,0.0010005691289595,<CONV>
mrna,0.0037019226001275,<CONV>
msc,0.0022501936069772,<CONV>
much,0.0001618642217212,<CONV>
multi,0.0097202581150967,<CONV>
multidisciplinary,0.0068307185543739,<CONV>
multifaceted,0.0085658841337208,<CONV>
multimedia,0.0148527155414415,<CONV>
multimedia http,0.0171415060524456,<CONV>
mumps,0.0121190310831035,<CONV>
mundial,0.0056850550272079,<CONV>
municipal,0.0070824112564707,<CONV>
municipality,0.0063504607494463,<CONV>
mural,0.001204872291391,<CONV>
muscle,0.0106663237630079,<CONV>
museum,0.0061861740577569,<CONV>
music,0.0091230076007983,<CONV>
musk,0.0101005922694666,<CONV>
must,0.0016045015776975,<CONV>
mutation,0.0076845522229545,<CONV>
myopia,0.0008111723826407,<CONV>
naci,0.0009969286688708,<CONV>
nacional,0.0067403123374927,<CONV>
nadda,0.000946255740083,<CONV>
naloxone,0.0063520993981764,<CONV>
named,0.0102417215155695,<CONV>
narendra,0.0016671467113217,<CONV>
narendra modi,0.0081043587704431,<CONV>
narrative,0.0098171541657647,<CONV>
nasal,0.0064766153758711,<CONV>
nasdaq,0.0094517492217501,<CONV>
nation,0.0001459774473668,<CONV>
national,0.0001239888175058,<CONV>
national health,0.00886251477671,<CONV>
national institute,0.0099501664867881,<CONV>
nationally,0.0102075872514029,<CONV>
nationalpost,5.807161522679569e-05,<CONV>
nationals-print,0.0002540386696939,<CONV>
nationals-web,0.0243810292491554,<CONV>
native,0.0085974869182674,<CONV>
naturally,0.0116347062054516,<CONV>
nature,0.0100480218154571,<CONV>
nausea,0.0182220874036149,<CONV>
navigate,0.0077289530781247,<CONV>
navigating,0.0067507579049852,<CONV>
nbc,0.0100499377850022,<CONV>
ncds,0.0026180996770108,<CONV>
ncpdp,0.0001798017476534,<CONV>
nda,0.001979618005058,<CONV>
nearby,0.0139292346261072,<CONV>
nearly,0.0006088919014548,<CONV>
nebraska,0.0062834694071602,<CONV>
necessarily,0.0119677476084451,<CONV>
necessity,0.0119533189094321,<CONV>
needle,0.0086702253073571,<CONV>
negative,0.0097943995354853,<CONV>
negatively,0.0084512737623028,<CONV>
neglected,0.0073303527472889,<CONV>
negotiating,0.0057191785131114,<CONV>
negotiation,0.007104420287674,<CONV>
neighbor,0.0132806105067211,<CONV>
neighborhood,0.0105825438512521,<CONV>
neighboring,0.017284775491843,<CONV>
neither,0.1431808830340925,<CONV>
neonatal,0.0045716795918095,<CONV>
nepal,0.0032946772654774,<CONV>
nerve,0.007453176141967,<CONV>
nervous,0.0112327347156979,<CONV>
net,0.0061138556814691,<CONV>
netherlands,0.0074183193353632,<CONV>
neurological,0.010014640495461,<CONV>
nevada,0.0060715752720124,<CONV>
new,2.104675136577082e-05,<CONV>
new case,0.0126907454540145,<CONV>
new delhi,0.0046348465814492,<CONV>
new jersey,0.0109464086779896,<CONV>
new mexico,0.014332803309321,<CONV>
new report,0.0111799522231955,<CONV>
new study,0.0170336655973771,<CONV>
new york,0.0171917680232067,<CONV>
newborn,0.0048406316574527,<CONV>
newly,0.0092807541177037,<CONV>
news,0.0005983604706628,<CONV>
news content,0.0077516403814856,<CONV>
news provided,0.0069729032713045,<CONV>
news release,0.015337370911314,<CONV>
newsletter,0.0093493878010531,<CONV>
newspaper,0.0091494042337313,<CONV>
newsroom,0.0135386622295072,<CONV>
newswire today,0.0153590433169255,<CONV>
newswireeditor,7.960783258933635e-05,<CONV>
next,0.0001757137851721,<CONV>
next generation,0.0093499976687426,<CONV>
next year,0.0116479956199675,<CONV>
nfl,0.0045829687768495,<CONV>
ngo,0.0046325767299666,<CONV>
nhanes,0.0046596575922132,<CONV>
nhi,0.0013650730901631,<CONV>
nice,0.0129421570459201,<CONV>
nigeria,0.0042869729066153,<CONV>
nile,0.0050835367982267,<CONV>
nile virus,0.0050754663324909,<CONV>
nine,0.0123699626022403,<CONV>
nmac,0.0002120295921019,<CONV>
nobody,0.0181205333778994,<CONV>
noise,0.0082439345464082,<CONV>
nominated,0.0129913233892001,<CONV>
nomination,0.0077903489935484,<CONV>
nominee,0.0087805801501494,<CONV>
non,0.0005829926968931,<CONV>
non communicable,0.0047516525570045,<CONV>
non profit,0.0101891208727069,<CONV>
noncommunicable,0.0025738865870721,<CONV>
none,0.0214054640653581,<CONV>
noon,0.010213613446268,<CONV>
nordic,0.0038270798471731,<CONV>
norm,0.0094422205423338,<CONV>
normal,0.0126058340186201,<CONV>
normally,0.0168254120413715,<CONV>
norovirus,0.0038699651447678,<CONV>
north america,0.0055384124814097,<CONV>
north carolina,0.0091144905015142,<CONV>
northeast,0.0111499620867252,<CONV>
northern,0.0104089374670701,<CONV>
northwest,0.0104279815753818,<CONV>
nose,0.015995626061177,<CONV>
notable,0.009453003373466,<CONV>
notably,0.0094554163000341,<CONV>
nothing,0.0709145600457561,<CONV>
notice,0.0100420722382497,<CONV>
notification,0.0089296111241837,<CONV>
noting,0.0139331307994502,<CONV>
nous,0.0033806983541304,<CONV>
nov,0.0078611584100276,<CONV>
nova,0.0040028673222435,<CONV>
novartis,0.0027532554654088,<CONV>
novel,0.0086722078121561,<CONV>
nsf,0.0010555270203609,<CONV>
nuclear,0.0078036707377651,<CONV>
nucleic,0.0025898228452498,<CONV>
number,3.4703491714651814e-05,<CONV>
numerous,0.0123640640574571,<CONV>
nut,0.0076560581945199,<CONV>
nutrient,0.0050379292969781,<CONV>
nutritional,0.005879868860219,<CONV>
nutritious,0.0065625021411336,<CONV>
nuzyra,0.0006614243964197,<CONV>
nwi.com,0.00028854958036,<CONV>
nyse,0.0071126982805727,<CONV>
obese,0.0075781395156407,<CONV>
objective,0.0075954406618206,<CONV>
obligation,0.0118320767815173,<CONV>
observation,0.0091361000069499,<CONV>
observational,0.007780504306496,<CONV>
observe,0.005874784484813,<CONV>
obstacle,0.0079937050648588,<CONV>
obtain,0.0117302931660937,<CONV>
obtained,0.0091691786301677,<CONV>
obviously,0.0135435614062666,<CONV>
occasion,0.004455307069289,<CONV>
occupational,0.0080650266114699,<CONV>
occur,0.0139321796176376,<CONV>
occurred,0.0141601816774393,<CONV>
occurrence,0.0117531844775552,<CONV>
occurring,0.0126403232843761,<CONV>
occurs,0.0139475916119949,<CONV>
ocean,0.0091649568833811,<CONV>
oct,0.0087645935848879,<CONV>
odds,0.0983124052008132,<CONV>
offer,0.0007693111880263,<CONV>
offered,0.0108405577149797,<CONV>
office,0.000216290348537,<CONV>
official,1.844538051573838e-05,<CONV>
official said,0.0182285618305136,<CONV>
official say,0.0197860298746134,<CONV>
officially,0.012231114383242,<CONV>
ohio,0.0143345081649379,<CONV>
oil,0.0074777262665977,<CONV>
okay,0.0153022510999304,<CONV>
oklahoma,0.0103613528515607,<CONV>
old,0.0010454893991172,<CONV>
older adult,0.0082247553294094,<CONV>
omega,0.0037327528975806,<CONV>
oms,0.002286335286538,<CONV>
oncology,0.0058296772956908,<CONV>
one,1.282964420232189e-06,<CONV>
one health,0.0054018285198442,<CONV>
one thing,0.012207735571916,<CONV>
one year,0.0123567572043543,<CONV>
onset,0.010216618466838,<CONV>
ont,0.0033020997574422,<CONV>
ontario,0.009557692882272,<CONV>
onto,0.0148180433065431,<CONV>
opened,0.0095967453519877,<CONV>
opening,0.0096520459615255,<CONV>
operate,0.0108216402532466,<CONV>
operated,0.00930275676854,<CONV>
operates,0.0084875944674796,<CONV>
operating,0.008551862555289,<CONV>
operational,0.0073279646040159,<CONV>
operator,0.0076426361027313,<CONV>
opinion,0.0101276113717407,<CONV>
opioids,0.010919476318486,<CONV>
opoint,0.4131468693332658,<CONV>
opponent,0.0088159723569076,<CONV>
opposed,0.0143097931276093,<CONV>
opposition,0.0159818922565326,<CONV>
optimal,0.0071930391080671,<CONV>
optimization,0.0039445603994621,<CONV>
optimize,0.007830433533191,<CONV>
optimizing,0.0064203826261148,<CONV>
oral health,0.0032448332608652,<CONV>
orange,0.0078093287502937,<CONV>
order,0.0026063138445632,<CONV>
ordered,0.0137794571999543,<CONV>
oregon,0.0084550452988641,<CONV>
org,0.0032895161952216,<CONV>
organ,0.0116598525230537,<CONV>
organic,0.0074963738114205,<CONV>
organisation,0.0071054156894117,<CONV>
organised,0.0022351585774302,<CONV>
organization,0.0002416698492011,<CONV>
organizational,0.0050349234340666,<CONV>
organized,0.0094533594143343,<CONV>
oriented,0.0066982772131738,<CONV>
origin,0.0097717731422639,<CONV>
original content,0.012606439974241,<CONV>
originally,0.0135112340800898,<CONV>
originally published,0.0128793860845477,<CONV>
orlando,0.0043295011727386,<CONV>
orleans,0.0049243255908554,<CONV>
ost,0.0003562435503997,<CONV>
osteoporosis,0.0024675429842989,<CONV>
other-lexis,0.0005448847727717,<CONV>
other-print,0.0012664841809258,<CONV>
other-wires,1.765352680573284e-05,<CONV>
otherwise,0.0135958226288164,<CONV>
otros,0.0167514993423853,<CONV>
ottawa,0.0041922198414127,<CONV>
outdoor,0.0061208400178092,<CONV>
outdoors,0.0121831527326818,<CONV>
outlet,0.011766194891156,<CONV>
outline,0.0075932243446539,<CONV>
outlined,0.0083809820683021,<CONV>
outlook,0.0064947275447935,<CONV>
outpatient,0.0062953898199105,<CONV>
outreach,0.0074498194976707,<CONV>
outstanding,0.0059482152224376,<CONV>
overall health,0.0088277456862534,<CONV>
overcome,0.0108894953111625,<CONV>
overdose,0.006786262054594,<CONV>
overdoses,0.0180981297360879,<CONV>
overlooked,0.0085297390539885,<CONV>
overnight,0.0172136213853091,<CONV>
oversees,0.011953630040146,<CONV>
oversight,0.0136832016030114,<CONV>
overview,0.007837683965913,<CONV>
overweight,0.006061618168581,<CONV>
overwhelming,0.013256812867704,<CONV>
owned,0.0124477423295366,<CONV>
owned-media,0.0209334194503918,<CONV>
owner,0.0113281241251115,<CONV>
ownership,0.0082554051063409,<CONV>
oxford,0.0066331052647826,<CONV>
oxygen,0.0107749946775622,<CONV>
pace,0.0102545614016288,<CONV>
pack,0.0090277743231946,<CONV>
package,0.0078348308163011,<CONV>
packaging,0.0108006130840704,<CONV>
pada,0.0116333305599692,<CONV>
page,0.0114412022397939,<CONV>
pah,0.0006494311232164,<CONV>
paho,0.0034055913940379,<CONV>
paid,0.0114783122805647,<CONV>
painful,0.0123151668557846,<CONV>
paint,0.0097792999789593,<CONV>
pair,0.0102351378541685,<CONV>
pakistan,0.0046008145333984,<CONV>
palestinian,0.0078929017398242,<CONV>
palliative,0.0026163395300105,<CONV>
palm,0.0115608097507697,<CONV>
pan,0.0102381700743215,<CONV>
pandemic,0.0004805538106415,<CONV>
pandemic agreement,0.0026677358177793,<CONV>
pandemic preparedness,0.0071392966351597,<CONV>
paper,0.0101992381652306,<CONV>
par,0.003846764286004,<CONV>
paradigm,0.0059913532007449,<CONV>
parallel,0.0078910638187878,<CONV>
paralysis,0.0088128753037779,<CONV>
parameter,0.0038066213094345,<CONV>
paramount,0.0075127489641713,<CONV>
parasite,0.0054689693042688,<CONV>
parental,0.0063593842122262,<CONV>
paris,0.0076455429712491,<CONV>
parking,0.0069105896508096,<CONV>
parliament,0.0073579643921313,<CONV>
part,0.0006795229460424,<CONV>
parte,0.0069005537945045,<CONV>
participant,0.0010827902386485,<CONV>
participate,0.0083943443935487,<CONV>
participated,0.0059869034417844,<CONV>
participating,0.0085669288480972,<CONV>
participation,0.0050899705547978,<CONV>
particle,0.0082824600977272,<CONV>
particular,0.0136328168697338,<CONV>
particularly,0.000592457082579,<CONV>
partly,0.0151178000825358,<CONV>
partner,0.0047852018791583,<CONV>
partnered,0.0103796254647282,<CONV>
partnering,0.0078341564062341,<CONV>
pas,0.0138222250023649,<CONV>
passage,0.010557375645483,<CONV>
passed,0.0133004406077451,<CONV>
passenger,0.0088181617591786,<CONV>
passing,0.0116653924413744,<CONV>
passion,0.0069964782404081,<CONV>
passionate,0.0090283237728865,<CONV>
past,0.0040024871514567,<CONV>
past year,0.0162052766144928,<CONV>
patel,0.0032172851501515,<CONV>
patent,0.0073941473904798,<CONV>
path,0.0103528223500551,<CONV>
pathogenic,0.0126796894169034,<CONV>
pathway,0.0079435413704761,<CONV>
patient,1.281655984213911e-06,<CONV>
patient care,0.0091194937812805,<CONV>
patient centered,0.0044665626098799,<CONV>
patient outcome,0.0069126374719519,<CONV>
patrick,0.0085797936117076,<CONV>
paul,0.0113523886269336,<CONV>
pause,0.0078648830904731,<CONV>
payer,0.003139703330767,<CONV>
paying,0.0133670049930326,<CONV>
payment,0.0100816953319975,<CONV>
pcr,0.0047400920412286,<CONV>
pdf,0.0066331256743364,<CONV>
peace,0.0124972484471472,<CONV>
peak,0.0113242343689194,<CONV>
pediatric,0.0063480789725758,<CONV>
pediatrician,0.0079350771398583,<CONV>
pediatrics,0.0100326547873226,<CONV>
peer,0.0091643480569959,<CONV>
pending,0.0138626730908662,<CONV>
pennsylvania,0.0108240827901485,<CONV>
people get,0.0208592358547583,<CONV>
people live,0.0109514993059816,<CONV>
people living,0.0104050550516737,<CONV>
pepfar,0.0032913654844251,<CONV>
per,0.0060329783082088,<CONV>
per cent,0.0027647605358412,<CONV>
per day,0.0077524110893176,<CONV>
perceived,0.007679575830909,<CONV>
percentage,0.009199933553673,<CONV>
perception,0.0058250477910989,<CONV>
perfect,0.0098110090957487,<CONV>
perform,0.0101640862279894,<CONV>
performed,0.0075279852496428,<CONV>
performing,0.0093384422027098,<CONV>
perhaps,0.0136370040918281,<CONV>
period,0.0016536657307752,<CONV>
permanent,0.0107933886511427,<CONV>
permanente,0.0027147688615589,<CONV>
permission,0.0131315656140342,<CONV>
permit,0.0084431878931716,<CONV>
pero,0.0029512052930802,<CONV>
persist,0.0107652900545096,<CONV>
persistence,0.0040300785042711,<CONV>
persistent,0.0103845506165718,<CONV>
person,0.0009826112225885,<CONV>
persona,0.0022354969696679,<CONV>
personnel,0.0098550665305804,<CONV>
perspective,0.0080972892268669,<CONV>
pertussis,0.0044246961722625,<CONV>
peru,0.005064150210555,<CONV>
pest,0.0026532686042922,<CONV>
pest control,0.0023133860022889,<CONV>
pesticide,0.0081891582469922,<CONV>
peter,0.0121094622987249,<CONV>
pfas,0.0027220656214299,<CONV>
pfizer,0.0063783920086823,<CONV>
pha,0.000243020572021,<CONV>
pharma,0.0069819024712815,<CONV>
pharmaceutical company,0.0119552465619588,<CONV>
pharmacist,0.0027234394624012,<CONV>
phd,0.0076868935930674,<CONV>
phenomenon,0.0104010287980086,<CONV>
philadelphia,0.0095867716320107,<CONV>
philanthropic,0.010240091476306,<CONV>
philanthropy,0.0077187821116719,<CONV>
philip,0.0068094933244092,<CONV>
philippine,0.0063548996827783,<CONV>
philosophy,0.005977528175352,<CONV>
phm,0.0005093457436306,<CONV>
phoenix,0.0066483583010671,<CONV>
photo,0.0088166218778096,<CONV>
physical activity,0.0042267842102134,<CONV>
physically,0.0096513191388835,<CONV>
pick,0.0145983344082388,<CONV>
picture,0.0132949656529716,<CONV>
piece,0.0150305745176304,<CONV>
pig,0.0081199226873086,<CONV>
pill,0.0077565294933149,<CONV>
pillar,0.0048288218125408,<CONV>
pilot,0.0066307832191589,<CONV>
ping,0.0019780808057271,<CONV>
pioneer,0.0068130762401733,<CONV>
pioneering,0.0133262207815188,<CONV>
pipe,0.0081513689610122,<CONV>
pipeline,0.0160106785665129,<CONV>
pivotal,0.0088192797389142,<CONV>
pivotal role,0.0071920626282426,<CONV>
place,0.0001782618941971,<CONV>
placebo,0.0067041593378542,<CONV>
placed,0.012564056410589,<CONV>
plain,0.0107837538118265,<CONV>
plan,0.0167848576305959,<CONV>
planet,0.0081671341324812,<CONV>
planned,0.0096871330331513,<CONV>
plant based,0.0034477981171568,<CONV>
plasma,0.0052464159854182,<CONV>
plastic,0.0093741653927086,<CONV>
plate,0.0078735283797918,<CONV>
play crucial,0.0077170148114449,<CONV>
played,0.0090272703341293,<CONV>
playing,0.0124793711108298,<CONV>
plaza,0.004151632461495,<CONV>
plc,0.0039853442657556,<CONV>
please contact,0.0105053671649412,<CONV>
please visit,0.0070798800583341,<CONV>
pleased,0.0081399123495338,<CONV>
pledge,0.0066413159257133,<CONV>
pledged,0.0084855715545086,<CONV>
plenty,0.0150728420748917,<CONV>
plumbing,0.0027983546890313,<CONV>
pneumococcal,0.0022923159862013,<CONV>
pneumonia,0.0121873448897753,<CONV>
poblaci,0.002921280367629,<CONV>
pocket,0.0120056407545315,<CONV>
podcast,0.0064704455068074,<CONV>
podcasts,0.0138858543251405,<CONV>
podr,0.0140948963726563,<CONV>
point,0.00040800230977,<CONV>
point care,0.0048081233426469,<CONV>
pointed,0.0136638849991662,<CONV>
poised,0.0069247920956656,<CONV>
poisoning,0.0135635293902601,<CONV>
pol,0.0035413133411322,<CONV>
police,0.012399001975491,<CONV>
policy,0.0007659241306976,<CONV>
policymakers,0.0064808502502614,<CONV>
polio,0.0021542135666579,<CONV>
polio vaccination,0.0034192269091147,<CONV>
poliovirus,0.003584104090887,<CONV>
politics,0.012339809473525,<CONV>
poll,0.0102495033713399,<CONV>
pollution,0.0102501685052988,<CONV>
pool,0.0068431276580357,<CONV>
poor,0.010736372720224,<CONV>
poorer,0.0093812498801842,<CONV>
pop,0.008071584491202,<CONV>
popular,0.0124369403590687,<CONV>
popularity,0.0081574479186658,<CONV>
population,0.0001561081368551,<CONV>
population health,0.0075400706718715,<CONV>
port,0.0121727911052719,<CONV>
portal,0.0056098013798426,<CONV>
portfolio,0.0077640204140669,<CONV>
portion,0.0118556379988775,<CONV>
portland,0.0074652410406757,<CONV>
pose,0.0143578834234481,<CONV>
posed,0.0108194734005882,<CONV>
positioned,0.0083717515877989,<CONV>
positioning,0.0070960343125363,<CONV>
positive,0.0002490138285994,<CONV>
positively,0.0066814252817436,<CONV>
possibility,0.0141722829387908,<CONV>
possible,0.0305030581410753,<CONV>
possibly,0.0147566530039712,<CONV>
post,0.0031901336365062,<CONV>
posted,0.0123063798237353,<CONV>
poster,0.0054190171835428,<CONV>
postpartum,0.0051040219419054,<CONV>
potassium,0.0052292988230565,<CONV>
potential,0.0023801933397208,<CONV>
pouch,0.0030791001038842,<CONV>
poultry,0.0090195189837277,<CONV>
pound,0.0130635764440123,<CONV>
pour,0.0021027374054036,<CONV>
poverty,0.0093386888633994,<CONV>
powered,0.0092981781323187,<CONV>
powerful,0.0114507369180815,<CONV>
ppe,0.0029681510811034,<CONV>
practical,0.0068807274373439,<CONV>
practice,0.0002099888475949,<CONV>
practicing,0.0099612659185851,<CONV>
practitioner,0.0054885802594015,<CONV>
pradesh,0.0009507052458501,<CONV>
praised,0.0135956770930426,<CONV>
precaution,0.0137590361503861,<CONV>
precise,0.0087757153905083,<CONV>
precision,0.0061456268856428,<CONV>
preclinical,0.0072203367426901,<CONV>
predict,0.0090105948347215,<CONV>
predicted,0.0099746960596784,<CONV>
predicting,0.0073520120827482,<CONV>
prediction,0.0064908181592929,<CONV>
predictive,0.0042014890452635,<CONV>
predictor,0.0058997259583352,<CONV>
predominantly,0.0161319175423292,<CONV>
preference,0.0095028607693726,<CONV>
preferred,0.0076176471663526,<CONV>
pregnant woman,0.0106162051506848,<CONV>
preliminary,0.0110518540515147,<CONV>
premature,0.019565324356165,<CONV>
premier,0.0071520196276709,<CONV>
premise,0.0062616823332548,<CONV>
premium,0.0070125849354812,<CONV>
prenatal,0.0059519631216568,<CONV>
prep,0.0036063734973474,<CONV>
preparation,0.0089696342645936,<CONV>
prepare,0.0104316598022163,<CONV>
prepared,0.0111411613978883,<CONV>
preparedness response,0.008591797840582,<CONV>
preparing,0.0101431473010914,<CONV>
prescribed,0.0100860403557212,<CONV>
prescribing,0.0078972936379653,<CONV>
prescription,0.0070377767531531,<CONV>
presence,0.0096691445105218,<CONV>
presentation,0.0073038220792968,<CONV>
presenting,0.0081208503602947,<CONV>
preserve,0.0103564397997165,<CONV>
president,0.0007940733179058,<CONV>
president ceo,0.0090485893863069,<CONV>
president donald,0.0172017257001464,<CONV>
president elect,0.0111788537508557,<CONV>
president trump,0.0171944150589554,<CONV>
presidential,0.014315117499272,<CONV>
press,5.646472366612842e-05,<CONV>
press release,0.0098058645764836,<CONV>
pressing,0.0091467850444894,<CONV>
presswire provides,0.0076082556874526,<CONV>
prestigious,0.0076797832604065,<CONV>
pretty,0.0165252784744592,<CONV>
prevalent,0.0107582662571033,<CONV>
prevenci,0.0038593479297023,<CONV>
prevent,1.7280513091750233e-05,<CONV>
prevent spread,0.0135900232117529,<CONV>
preventable disease,0.010263905778805,<CONV>
preventative,0.0077677334708095,<CONV>
prevented,0.0114752775267761,<CONV>
prevention,0.0001265349749898,<CONV>
prevention cdc,0.0155156848430957,<CONV>
prevention control,0.0090326028026028,<CONV>
prevention treatment,0.0088306816390764,<CONV>
preventive care,0.0059471260098739,<CONV>
preventive measure,0.009508068297054,<CONV>
prevents,0.0109075772703961,<CONV>
pricing,0.0066151051980223,<CONV>
pride,0.0059597216818713,<CONV>
primarily,0.0124415169534992,<CONV>
primary care,0.0055903804154605,<CONV>
prime minister,0.003858604799648,<CONV>
primer,0.0047678223252998,<CONV>
principal,0.0085159745756054,<CONV>
principle,0.0070169949307868,<CONV>
print,0.0090484701777886,<CONV>
prior,0.0116406832560671,<CONV>
prioritize,0.009298541195973,<CONV>
prioritized,0.0092764715201824,<CONV>
prioritizing,0.009905887269152,<CONV>
prison,0.0156757634669657,<CONV>
privacy,0.0089408064495685,<CONV>
private sector,0.0077760060847705,<CONV>
prize,0.0055038681976043,<CONV>
prnewswire com,0.0191380305620393,<CONV>
pro,0.0102614095937855,<CONV>
proactive,0.0073499375459903,<CONV>
probability,0.0083573672383218,<CONV>
probably,0.0155473132195393,<CONV>
problem,5.499276849363946e-05,<CONV>
procedure,0.0092510300094491,<CONV>
process,0.0002610144736481,<CONV>
processed,0.0075859037397359,<CONV>
processed food,0.0064511011199335,<CONV>
processing,0.0092223814621922,<CONV>
procurement,0.0063987697111807,<CONV>
produced,0.0113028569206151,<CONV>
producer,0.0131072560701731,<CONV>
producing,0.0098094427091875,<CONV>
product,9.209509293553048e-05,<CONV>
productivity,0.0073919164803647,<CONV>
prof,0.005344277366448,<CONV>
profession,0.0050024410926995,<CONV>
professional,0.0012719742624488,<CONV>
profile,0.0094577230282192,<CONV>
profit,0.008947695925662,<CONV>
profound,0.0121226161751874,<CONV>
program,0.0006715781572493,<CONV>
programa,0.0020824608189616,<CONV>
programming,0.0091852578244057,<CONV>
progression,0.0093101725438787,<CONV>
progressive,0.0090813514073992,<CONV>
project,0.0113292844379505,<CONV>
projected,0.0078453353356343,<CONV>
projection,0.0065566927059837,<CONV>
prolonged,0.0120262515313856,<CONV>
prominent,0.0108321874865298,<CONV>
promise,0.0106746580864368,<CONV>
promised,0.0150304906182161,<CONV>
promising,0.0104044432342447,<CONV>
promoted,0.0111920016689722,<CONV>
promotes,0.0079246169010866,<CONV>
promotion,0.0067685700156125,<CONV>
prompt,0.0104160357506043,<CONV>
prompted,0.0150079903622105,<CONV>
promptly,0.0088798460925362,<CONV>
proof,0.0085383927245804,<CONV>
proper,0.0100418812477168,<CONV>
properly,0.0124112633795405,<CONV>
prophylaxis,0.0052071154706683,<CONV>
proportion,0.0082463844967968,<CONV>
proposal,0.0092013482142705,<CONV>
proprietary,0.0111358571562848,<CONV>
prospect,0.0103833093577723,<CONV>
prospective,0.0083619480348912,<CONV>
prostate,0.0030892741633395,<CONV>
protect,0.0004534040635949,<CONV>
protect public,0.0104343259724756,<CONV>
protected,0.0118724758600576,<CONV>
protection agency,0.0126472607811235,<CONV>
protective,0.0105230903814948,<CONV>
protects,0.0122380632239231,<CONV>
protocol,0.0083450139488265,<CONV>
proudly,0.0076928524076564,<CONV>
prove,0.0147974550211628,<CONV>
proven,0.0121391178765271,<CONV>
provide,1.7323527406474735e-05,<CONV>
provided ein,0.0036203323595255,<CONV>
provider,8.69959795249124e-05,<CONV>
provides news,0.0079056294909921,<CONV>
province,0.0087680726971534,<CONV>
provincial,0.0072815254479799,<CONV>
provision,0.0083252664300687,<CONV>
prunderground,0.003672134866425,<CONV>
prweb,0.003132104327555,<CONV>
psychological,0.0084548833113541,<CONV>
public,5.45759798721158e-05,<CONV>
public health,0.0288785683715048,<CONV>
public private,0.0080457012250041,<CONV>
public water,0.0086504327647714,<CONV>
publication,0.0080176053227134,<CONV>
publicly,0.0141411224653335,<CONV>
publique,0.0046815035891267,<CONV>
publish,0.0094896008786387,<CONV>
published,0.0003500573781599,<CONV>
publishing,0.0100834932116222,<CONV>
pubmed,0.0026117060474688,<CONV>
puede,0.0030400708357224,<CONV>
pueden,0.0065308860239158,<CONV>
puerto,0.0104195198388122,<CONV>
pull,0.0157960828533349,<CONV>
pulled,0.0151507438796242,<CONV>
pulmonary,0.0082638211686552,<CONV>
pulse,0.0037597829067014,<CONV>
purchase,0.0100536633295255,<CONV>
purchased,0.0123958474173505,<CONV>
purchasing,0.006523573771763,<CONV>
purpose,0.0107064361521759,<CONV>
pursue,0.0107256061734263,<CONV>
pursuing,0.0113332304936147,<CONV>
pursuit,0.0059440553331,<CONV>
push,0.0129086469986644,<CONV>
pushed,0.0188247319991964,<CONV>
pushing,0.0167934986045392,<CONV>
putting,0.0147369646355422,<CONV>
qatar,0.0035907658443427,<CONV>
qualification,0.0052191789266973,<CONV>
qualified,0.0102954836101409,<CONV>
qualify,0.0109050360784578,<CONV>
qualitative,0.0046145102773673,<CONV>
quality,1.293105930205754e-06,<CONV>
quality care,0.0071189978286908,<CONV>
quality life,0.0082239752137555,<CONV>
quantitative,0.0065846065077678,<CONV>
quantity,0.0093348053429421,<CONV>
quarantine,0.015754893659067,<CONV>
quarter,0.0104150207479097,<CONV>
que,0.0021680765063381,<CONV>
quebec,0.0034203667258972,<CONV>
queen,0.0090479387997508,<CONV>
quest,0.006319767155625,<CONV>
question,0.0118708612821295,<CONV>
questionnaire,0.0048023841377871,<CONV>
qui,0.0021595854489743,<CONV>
quick,0.0117936864586705,<CONV>
quilt,0.0006445223643954,<CONV>
quit,0.0061180060928096,<CONV>
quite,0.0164139981330583,<CONV>
quitting,0.004967391850607,<CONV>
quote,0.0100213651194281,<CONV>
rabies,0.002747242763574,<CONV>
race,0.0107390162743932,<CONV>
rachel,0.0104088556456276,<CONV>
racial,0.0088385510309489,<CONV>
radiation,0.0064931309564544,<CONV>
radio,0.0149173923473652,<CONV>
rain,0.0137730546084348,<CONV>
raise awareness,0.0113784948228861,<CONV>
raised,0.0155280547436741,<CONV>
raising,0.0124106443900665,<CONV>
rally,0.0091845738780447,<CONV>
ram,0.001871192794598,<CONV>
ran,0.0190160083552912,<CONV>
random,0.0114900209718233,<CONV>
randomized,0.0086392516060297,<CONV>
ranging,0.0130926436245465,<CONV>
rank,0.0098485849887175,<CONV>
ranked,0.0083035006648364,<CONV>
ranking,0.0079448838216434,<CONV>
rapidly,0.0132803998054454,<CONV>
rare disease,0.004721600744769,<CONV>
rarely,0.0118719382849685,<CONV>
rash,0.0153204134701399,<CONV>
rate,0.0001226880219118,<CONV>
rate cagr,0.0041125413401352,<CONV>
rated,0.0053900270941966,<CONV>
rather,0.014948643053309,<CONV>
rating,0.0062605944355626,<CONV>
ratio,0.0063202217820896,<CONV>
raw,0.0077753605370821,<CONV>
raw milk,0.0064196972300497,<CONV>
ray,0.0090663819938102,<CONV>
reached,0.013174131297127,<CONV>
reaching,0.0112101422310222,<CONV>
reaction,0.0125389905219839,<CONV>
read full,0.0067106809473102,<CONV>
reader,0.0078648583305101,<CONV>
readily,0.0110167498460964,<CONV>
readiness,0.0056722152807372,<CONV>
reading,0.0088816412290734,<CONV>
real estate,0.0032863236644904,<CONV>
real time,0.0078067394880677,<CONV>
real world,0.0086357874387448,<CONV>
reality,0.0124942827021145,<CONV>
realize,0.0153111213477674,<CONV>
realized,0.0157990003045868,<CONV>
really,3.4870366161204855e-05,<CONV>
reasonable,0.0129934899235676,<CONV>
recall,0.0099987799790164,<CONV>
recalled,0.0106482682593565,<CONV>
receives,0.0138746130802593,<CONV>
receiving,0.0097213460317839,<CONV>
recent,0.0930938517364933,<CONV>
recent year,0.0238356536861165,<CONV>
receptor,0.0058225765705484,<CONV>
recipe,0.0098129799414137,<CONV>
recipient,0.0082968352736172,<CONV>
recognition,0.0075707208741414,<CONV>
recognize,0.0110706493469326,<CONV>
recognizes,0.0071100011177121,<CONV>
recognizing,0.00888203566755,<CONV>
recombinant,0.0048827199459289,<CONV>
recommend,0.0137393131475149,<CONV>
recommending,0.009779700343025,<CONV>
recommends,0.0126310638219595,<CONV>
recorded,0.0139349803069569,<CONV>
recording,0.0078017913950368,<CONV>
recover,0.013889141337828,<CONV>
recovered,0.0140163844517243,<CONV>
recreation,0.0070709870459919,<CONV>
recreational,0.0081931359220271,<CONV>
recruitment,0.0058232462264397,<CONV>
reduce,0.0005941205333886,<CONV>
reduce risk,0.0131222699721099,<CONV>
reduces,0.0099295658386902,<CONV>
refer,0.0080924935670462,<CONV>
reference,0.0087928958855421,<CONV>
referral,0.0070849272460396,<CONV>
referred,0.0102278152379968,<CONV>
referring,0.0130156982568444,<CONV>
refers,0.0092014654245959,<CONV>
reflect,0.0094888201265057,<CONV>
reflected,0.0066339567312881,<CONV>
reflecting,0.0068815498112912,<CONV>
reflection,0.0069688856852975,<CONV>
reflects,0.0080826525578794,<CONV>
reform,0.0108412772823134,<CONV>
refugee,0.0085295010500896,<CONV>
regard,0.0125525863437274,<CONV>
regardless,0.0107317697121469,<CONV>
regimen,0.0058131860276655,<CONV>
region,0.002639307911264,<CONV>
regionals-web,0.2167654353980746,<CONV>
register,0.0079975596457517,<CONV>
registered,0.0094371938208924,<CONV>
registering,0.0080704721006982,<CONV>
registration,0.0074031301444729,<CONV>
registry,0.0041929662973587,<CONV>
regression,0.0042304924503555,<CONV>
regularly,0.0124984943160634,<CONV>
regulate,0.0127782734102838,<CONV>
regulated,0.0097014534903741,<CONV>
regulating,0.0112366543811057,<CONV>
regulator,0.0096324037599324,<CONV>
rehabilitation,0.0052883138818721,<CONV>
reimbursement,0.0059696638257551,<CONV>
reinforcing,0.0060194462330905,<CONV>
related,0.0002654540331755,<CONV>
related article,0.0078846305512531,<CONV>
related death,0.0160545291500173,<CONV>
relation,0.010975379608942,<CONV>
relative,0.010126717485279,<CONV>
relatively,0.0116768551615016,<CONV>
relevant,0.0085134210036443,<CONV>
reliability,0.0066147003852962,<CONV>
reliability information,0.0075771208085368,<CONV>
reliable,0.0093668280160797,<CONV>
reliance,0.0093378454088744,<CONV>
relief,0.0090208387142801,<CONV>
religious,0.0078390602760064,<CONV>
rely,0.0732264833620275,<CONV>
remained,0.0124422802940333,<CONV>
remaining,0.0136037227959998,<CONV>
remark,0.0095160600792376,<CONV>
remarkable,0.0083381819072951,<CONV>
remember,0.0138133769628413,<CONV>
reminder,0.0120452392212393,<CONV>
remote,0.0081466765521041,<CONV>
removal,0.0073819490761817,<CONV>
remove,0.011449856119017,<CONV>
removed,0.0144183022007442,<CONV>
removing,0.0124038309557547,<CONV>
renewed,0.0105594756154954,<CONV>
renowned,0.0078356217792229,<CONV>
rep,0.0108785654044315,<CONV>
repair,0.009404850541741,<CONV>
repeat,0.0083062742876176,<CONV>
repeated,0.0138857918024389,<CONV>
repeatedly,0.0148034320311976,<CONV>
repellent,0.0082787700524253,<CONV>
replace,0.0098491179022137,<CONV>
replaced,0.0107580666797142,<CONV>
replacement,0.0076035233299077,<CONV>
replacing,0.1296362831335436,<CONV>
report,9.265854096751986e-05,<CONV>
report http,0.0033710169455188,<CONV>
reported,1.7162447735154808e-05,<CONV>
reported case,0.017352380095788,<CONV>
reportedly,0.0185064258106507,<CONV>
represent,0.0105645690895844,<CONV>
representation,0.0086661991997504,<CONV>
represented,0.0096719564630679,<CONV>
representing,0.0104575403766047,<CONV>
represents,0.0114302999123146,<CONV>
reproductive,0.0076743068748282,<CONV>
republic,0.012541734913308,<CONV>
republican,0.0105532985969638,<CONV>
reputation,0.0087738649532626,<CONV>
requested,0.0134620082341162,<CONV>
requires,0.0105789596144498,<CONV>
requiring,0.0116997921431277,<CONV>
rescue,0.0123767494915052,<CONV>
research,1.8463987640286963e-05,<CONV>
research company,0.0010855862486211,<CONV>
research development,0.0087657166207626,<CONV>
research institute,0.0079489232400248,<CONV>
research report,0.0044199887035917,<CONV>
researcher,0.0056122069073891,<CONV>
reserve,0.0086302722630407,<CONV>
reserved,0.0137847295408862,<CONV>
residence,0.0062711080490482,<CONV>
residency,0.0069907978456598,<CONV>
resident,0.0002286684676761,<CONV>
residential,0.0076819030107884,<CONV>
resilience,0.0065092556086519,<CONV>
resilient,0.0078349020816234,<CONV>
resistant,0.0079367350652587,<CONV>
resolution,0.0054841179367695,<CONV>
resolve,0.0089339365626849,<CONV>
resort,0.0079046099613243,<CONV>
resource,5.282874860021507e-05,<CONV>
respect,0.0087624109177402,<CONV>
respected,0.0083030280737696,<CONV>
respective,0.0097507119635552,<CONV>
respectively,0.0066608142381201,<CONV>
respiratory illness,0.0088049200956831,<CONV>
responded,0.013525472012558,<CONV>
respondent,0.0043511346622904,<CONV>
responder,0.0080631357795233,<CONV>
responding,0.0094862380899822,<CONV>
response,8.674992436625878e-05,<CONV>
responsibility liability,0.0075555421239413,<CONV>
responsive,0.005697503675955,<CONV>
rest,0.0125783381496892,<CONV>
restaurant,0.0083221666936495,<CONV>
restoration,0.0037073038272493,<CONV>
restore,0.0132280636525849,<CONV>
restricted,0.0103411715686525,<CONV>
restriction,0.0124974803443765,<CONV>
result,0.0001122458800215,<CONV>
resulted,0.0132547363170224,<CONV>
resulting,0.0112307370851267,<CONV>
resurgence,0.0098754792989199,<CONV>
retail,0.0095422017595221,<CONV>
retailer,0.0099012210971057,<CONV>
retired,0.0102422250402873,<CONV>
retirement,0.0108394842662275,<CONV>
return,0.0121051431936655,<CONV>
returned,0.0172987355277864,<CONV>
returning,0.0130009867186865,<CONV>
reuters,0.010697785053971,<CONV>
reveal,0.0121153164884719,<CONV>
revealed,0.0125129790602288,<CONV>
reveals,0.0109180126217842,<CONV>
revenue,0.0060102894543123,<CONV>
reverse,0.0163307104397511,<CONV>
review,0.0114801968759219,<CONV>
reviewed,0.0110967943809406,<CONV>
reviewing,0.0097854392528009,<CONV>
revised,0.009823717799607,<CONV>
reward,0.0091312250535007,<CONV>
rfk,0.0100181360018047,<CONV>
rhode,0.0112819560861956,<CONV>
rice,0.0065519121963973,<CONV>
rich,0.0128111042718628,<CONV>
richard,0.0102151306166471,<CONV>
rico,0.0087732116418694,<CONV>
rid,0.0156716212166336,<CONV>
ride,0.0104288552605015,<CONV>
riesgo,0.0025797955151162,<CONV>
right,0.0002918783411144,<CONV>
right reserved,0.0152633620227849,<CONV>
rigorous,0.01106364023574,<CONV>
ring,0.0072176594971861,<CONV>
rio,0.0045946631906093,<CONV>
risk,1.2828497924998617e-06,<CONV>
risk factor,0.0082747114169843,<CONV>
risk uncertainty,0.0105356906459538,<CONV>
river,0.0089784174320763,<CONV>
rna,0.0047122784075677,<CONV>
road,0.0435472048811791,<CONV>
roadmap,0.0053033827897528,<CONV>
robert kennedy,0.0120853258879811,<CONV>
rock,0.009940649059877,<CONV>
rodent,0.0083090247413375,<CONV>
rogue,0.0011512747564021,<CONV>
role,1.7403622137036775e-05,<CONV>
roll,0.1143832840614479,<CONV>
rolling,0.0150994864169734,<CONV>
rollout,0.0090474761280708,<CONV>
root,0.0101940385458633,<CONV>
rooted,0.0077338668766162,<CONV>
rose,0.0110962583968826,<CONV>
roughly,0.0154195076083463,<CONV>
round,0.0096562183315675,<CONV>
roundup,0.0103282750048666,<CONV>
route,0.0092934426519034,<CONV>
row,0.0092302063976974,<CONV>
royal,0.006906249361059,<CONV>
rubella,0.0123493349001992,<CONV>
ruling,0.0100110207797554,<CONV>
running,0.0151549326112483,<CONV>
runny,0.0136792611053707,<CONV>
rural area,0.009613943206346,<CONV>
russia,0.0098910597585537,<CONV>
rwanda,0.0080295771990887,<CONV>
ryan,0.0101484982067884,<CONV>
safe,0.0001043694121694,<CONV>
safe effective,0.0122371641143705,<CONV>
safeguard,0.0098037927417416,<CONV>
safeguarding,0.0062592873205204,<CONV>
safely,0.0128987599205058,<CONV>
safer,0.0104025393264071,<CONV>
safety,0.004787541084945,<CONV>
saharan,0.0060120432208687,<CONV>
said,1.8497149685042704e-05,<CONV>
said statement,0.0134242357560578,<CONV>
saint,0.0088952979965217,<CONV>
salary,0.0078494699226066,<CONV>
salmonella,0.0092742039085643,<CONV>
salt,0.0059459390526453,<CONV>
salud blica,0.003959342665117,<CONV>
sampling,0.0057856061848752,<CONV>
san diego,0.0058815349883469,<CONV>
san francisco,0.011667757455487,<CONV>
sanitation,0.0067827077494618,<CONV>
sanofi,0.0016328961695286,<CONV>
sant,0.0030754198207039,<CONV>
santa,0.0170442767669886,<CONV>
sarah,0.0070938540898366,<CONV>
sarampi,0.0012023204769927,<CONV>
sars,0.0072419450244602,<CONV>
sars cov,0.0056481689499631,<CONV>
satisfaction,0.0049923413927873,<CONV>
saturday,0.0094546664299991,<CONV>
saudi,0.0041419940664991,<CONV>
save life,0.0097695943980858,<CONV>
saved,0.0099472597818088,<CONV>
saw,0.0127025000250469,<CONV>
say,1.409975402480333e-05,<CONV>
scalable,0.0056822164646594,<CONV>
scaling,0.0061455559277258,<CONV>
scan,0.0071570099235622,<CONV>
scenario,0.0098764438426868,<CONV>
scene,0.0192526186464999,<CONV>
schedule,0.0099453841960365,<CONV>
scheduled,0.0102668107813724,<CONV>
scheme,0.0052242339610203,<CONV>
scholar crossref,0.0011007670499275,<CONV>
scholarship,0.0033950727998387,<CONV>
school,0.0002198699909878,<CONV>
school medicine,0.0108419269958066,<CONV>
school public,0.0085078452905053,<CONV>
science,0.0006287733707194,<CONV>
scientific research,0.0097331826397823,<CONV>
scientology,0.0004801477931037,<CONV>
scope,0.0097134261854182,<CONV>
scott,0.0124270045486844,<CONV>
screen,0.008937881550997,<CONV>
screened,0.0077187937186975,<CONV>
sdoh,0.0012653622890989,<CONV>
sea,0.0088660651404579,<CONV>
seal,0.0070713774671177,<CONV>
seamless,0.0059654210837314,<CONV>
search,0.0085680547671481,<CONV>
seasonal,0.0077442960635004,<CONV>
seat,0.0083845837265817,<CONV>
seattle,0.0061742977858831,<CONV>
sec,0.0073279664098091,<CONV>
second,0.0009422262990584,<CONV>
secondary,0.0080096349794969,<CONV>
secret,0.0126932249373057,<CONV>
secretary health,0.0119887890174753,<CONV>
secretary robert,0.016812861581599,<CONV>
section,0.0092073548523738,<CONV>
sectional,0.0062719512340058,<CONV>
secure,0.0101062139519957,<CONV>
secured,0.0098332941473787,<CONV>
securing,0.0094067619671656,<CONV>
sedentary,0.0050416055070239,<CONV>
see,0.0013199205259069,<CONV>
seed,0.006918215558339,<CONV>
seeing,0.0167967456217761,<CONV>
seeking,0.011661729490706,<CONV>
seem,0.0159272938956585,<CONV>
seems,0.0156157304929768,<CONV>
seg,0.0129807442988657,<CONV>
segmentation,0.0037825718775613,<CONV>
segmented,0.0038670266937449,<CONV>
select,0.0066917496218012,<CONV>
select health,0.0032739149007359,<CONV>
selected,0.007351644956279,<CONV>
selection,0.0101527993069123,<CONV>
self care,0.0024617998799613,<CONV>
sell,0.0127699450552437,<CONV>
selling,0.0111525922060484,<CONV>
semi,0.0085734554498203,<CONV>
sen,0.0104155931639969,<CONV>
senate,0.0088983056954305,<CONV>
senator,0.009594085493572,<CONV>
send,0.0128944698237663,<CONV>
sending,0.0131812247823389,<CONV>
sense,0.0130444196836784,<CONV>
sensitive,0.0111685319181565,<CONV>
sensitivity,0.0075308236966167,<CONV>
sensor,0.0049248895003662,<CONV>
sent,0.0158842637311591,<CONV>
separate,0.0138958205902243,<CONV>
separately,0.0114067478629558,<CONV>
sept,0.0083955000111654,<CONV>
septic,0.0018186702209585,<CONV>
sequence,0.0051289876353317,<CONV>
sequencing,0.0063917230072895,<CONV>
ser,0.0082210749171799,<CONV>
seriously,0.0192765398929791,<CONV>
serum,0.0038452495510352,<CONV>
service,4.2048182397291845e-05,<CONV>
service line,0.0025407652842742,<CONV>
set,0.0032208606457724,<CONV>
settlement,0.0090237662978595,<CONV>
seven,0.0125235544632824,<CONV>
several,3.4831214060155336e-05,<CONV>
severe,6.959412538206919e-05,<CONV>
severely,0.0166103521402434,<CONV>
severity,0.0109407981292383,<CONV>
sewage,0.0078442304783857,<CONV>
sexual,0.0068946710443643,<CONV>
sexually,0.0075966107153481,<CONV>
sexually transmitted,0.0071713500458885,<CONV>
shah,0.0062152894729564,<CONV>
shall,0.005023351157238,<CONV>
shape,0.009386905864211,<CONV>
shaped,0.0068547043436585,<CONV>
shaping,0.007855340911091,<CONV>
share,0.0109815837250365,<CONV>
sharon,0.0032273256314872,<CONV>
sharp,0.0097512793374416,<CONV>
shed,0.0140185739539687,<CONV>
sheet,0.0148438920249408,<CONV>
shelf,0.0107953935298878,<CONV>
shelter,0.0095999994036535,<CONV>
shield,0.0072764209013228,<CONV>
shifting,0.0102105057523044,<CONV>
ship,0.0084316678136584,<CONV>
shop,0.0097598873196763,<CONV>
shopping,0.0110529158551572,<CONV>
shortage,0.0108055738757566,<CONV>
shortly,0.0147190117504441,<CONV>
show,5.754105290750517e-05,<CONV>
showcase,0.0067581051890347,<CONV>
shower,0.0105124226582162,<CONV>
showing,0.0145195092641452,<CONV>
shut,0.0229314596626189,<CONV>
sickle,0.0025780026542921,<CONV>
side effect,0.0116047424093443,<CONV>
sierra,0.0050059815227586,<CONV>
siga,0.0014177244446326,<CONV>
sight,0.0103150156673132,<CONV>
signal,0.0108227129583926,<CONV>
signature,0.009751590929753,<CONV>
signed,0.0119951262073069,<CONV>
significance,0.0071379577689974,<CONV>
significant,0.0004019829259405,<CONV>
signing,0.0102367292560479,<CONV>
silent,0.0160314737021858,<CONV>
silver,0.0083588473462969,<CONV>
similarly,0.0105227406258935,<CONV>
simple,0.0098729750819944,<CONV>
simply,0.0151261500742489,<CONV>
simultaneously,0.0083520370187448,<CONV>
sin,0.0048061887234064,<CONV>
sinai,0.0045680341305897,<CONV>
since,0.0004364425593505,<CONV>
singapore,0.0076308982325741,<CONV>
singh,0.002533061838984,<CONV>
sistema,0.0028579914210755,<CONV>
sister,0.031507081090526,<CONV>
sit,0.0112091594100598,<CONV>
sitting,0.0113402790087143,<CONV>
six month,0.0131111100491659,<CONV>
skepticism,0.0184514571027701,<CONV>
skilled,0.0060048892136882,<CONV>
sky,0.0148519962221485,<CONV>
slide,0.0055635702555259,<CONV>
slightly,0.0125131257095644,<CONV>
slow,0.0138433084650546,<CONV>
smaller,0.0107341353004244,<CONV>
smallpox,0.0064606885766477,<CONV>
smart,0.0090449995715818,<CONV>
smile,0.0052958633243559,<CONV>
smith,0.0060560550141534,<CONV>
smoke,0.0076889162116121,<CONV>
smoke free,0.0033646322294828,<CONV>
smoker,0.0057495643349038,<CONV>
snack,0.0061960803196747,<CONV>
snake,0.0022560536271472,<CONV>
snakebite,0.0006286057284311,<CONV>
snap,0.0041385236140773,<CONV>
snow,0.0113079684423741,<CONV>
soap,0.0089005357211785,<CONV>
sobre,0.0047028442220243,<CONV>
soccer,0.0038869777589702,<CONV>
social,0.000968152937923,<CONV>
social determinant,0.0084443633830111,<CONV>
social medium,0.0122148081607564,<CONV>
social-blog,0.034945466757064,<CONV>
social-forum,0.0001097410068008,<CONV>
social-misc,0.0134983377487286,<CONV>
social-twitter,0.0031708977063008,<CONV>
social-video,0.0033654066049711,<CONV>
societal,0.0092683321182747,<CONV>
socio,0.0047344176213624,<CONV>
socioeconomic,0.0068758185186019,<CONV>
soda,0.0056350414156329,<CONV>
sodium,0.0027607704855194,<CONV>
soft,0.007943905749365,<CONV>
software,0.0045485174128095,<CONV>
sogotradedev.websol.barchart.com,0.0005610638861154,<CONV>
soil,0.0099046903247489,<CONV>
sol,0.0045748990855286,<CONV>
sold,0.0130501333234478,<CONV>
solely,0.0162339123446099,<CONV>
solid,0.0091691288514256,<CONV>
solidarity,0.0056745420566739,<CONV>
solo,0.0047985391171439,<CONV>
solution,8.711840704849584e-05,<CONV>
solve,0.0101825412918946,<CONV>
solving,0.009794647041142,<CONV>
somebody,0.0151678144174092,<CONV>
sometimes,0.0146256042880173,<CONV>
song,0.0080551980212587,<CONV>
sont,0.0032058725581231,<CONV>
soon,0.0154065348594467,<CONV>
sore,0.0136255153579441,<CONV>
sort,0.0122867453000273,<CONV>
sought,0.0103239525122322,<CONV>
sound,0.0127998570938803,<CONV>
source,0.0076944028025473,<CONV>
south,0.000157888607797,<CONV>
south africa,0.007940608317755,<CONV>
south america,0.0078670635317119,<CONV>
south korea,0.0077859929907503,<CONV>
southeast,0.0087540066566928,<CONV>
southern,0.0108224127466386,<CONV>
southwest,0.013097563144321,<CONV>
sovereignty,0.0060948863576227,<CONV>
spa,0.0034462648414079,<CONV>
spain,0.0067623670291733,<CONV>
span,0.0084211289396963,<CONV>
spanish,0.0087211322754211,<CONV>
spanning,0.0077528921353109,<CONV>
spatial,0.0023121063712899,<CONV>
speak,0.0132481361877579,<CONV>
speaker,0.0086489757154442,<CONV>
speaking,0.012841039399906,<CONV>
speaks,0.0121380685976332,<CONV>
specialized,0.0069667847636592,<CONV>
specializes,0.0074230369833377,<CONV>
specializing,0.0072164709922253,<CONV>
specialty,0.0068162774769703,<CONV>
specie,0.0088739651543315,<CONV>
specifically,0.0120752074569448,<CONV>
specificity,0.0101657834327382,<CONV>
specimen,0.0056441237805958,<CONV>
spectrum,0.0100038705464845,<CONV>
speech,0.011064191892875,<CONV>
speed,0.0135577304777498,<CONV>
spend,0.0163016073842236,<CONV>
spending,0.0441626898684268,<CONV>
spent,0.0130715596956839,<CONV>
spike,0.0170023346542306,<CONV>
spirit,0.0074622178290681,<CONV>
spiritual,0.0046328242371772,<CONV>
spoke,0.0133821302442787,<CONV>
spokesman,0.010950195841205,<CONV>
spokesperson,0.0142969251570502,<CONV>
sponsor,0.0090256061440436,<CONV>
sponsored,0.0122591444097119,<CONV>
spot,0.0124421854199122,<CONV>
spotlight,0.0088804257099339,<CONV>
spray,0.0089751792149028,<CONV>
spread,0.0002613424992229,<CONV>
spreading,0.0172864205990199,<CONV>
spring,0.0109285553130223,<CONV>
springbuk,0.0015639040070437,<CONV>
sqs-feed,7.110455209460882e-05,<CONV>
square,0.0084038986904628,<CONV>
sri,0.0035497971028777,<CONV>
stability,0.0073386368522765,<CONV>
stable,0.0103867734866946,<CONV>
staffer,0.0123675167896426,<CONV>
staffing,0.0079756301142893,<CONV>
stake,0.0116373437175902,<CONV>
stance,0.0100103382824265,<CONV>
standard,0.030702195326427,<CONV>
standardized,0.0069698697762711,<CONV>
standing,0.0097846689465986,<CONV>
stanford,0.0098788162394354,<CONV>
star,0.0094202588279325,<CONV>
start,0.0284744934020225,<CONV>
starting,0.0152902152912119,<CONV>
state,3.772545873241094e-07,<CONV>
state art,0.0068797190218906,<CONV>
state department,0.0126399837210999,<CONV>
state health,0.0139217148891211,<CONV>
state local,0.0112117694580952,<CONV>
statement,0.0043267991640979,<CONV>
statewide,0.010953966857379,<CONV>
stating,0.0105466302097618,<CONV>
station,0.0129387268387418,<CONV>
statistic,0.0108106361214592,<CONV>
statistical,0.0063049929664157,<CONV>
statistically,0.007556509450186,<CONV>
staying,0.011187069930889,<CONV>
std,0.0027449545221736,<CONV>
std.stheadline.com,5.492071281634002e-05,<CONV>
steady,0.0112132735151556,<CONV>
stem,0.0095750683672557,<CONV>
step,0.003290332304166,<CONV>
stephen,0.009525884775674,<CONV>
steve,0.0106703887728168,<CONV>
stewardship,0.0046255598420962,<CONV>
sti,0.0039091885785324,<CONV>
stick,0.010625026161807,<CONV>
stigma,0.0064275983074631,<CONV>
still,0.0014345615984507,<CONV>
stis,0.0034392553462983,<CONV>
stock,0.0082164663625436,<CONV>
stomach,0.0132714374594108,<CONV>
stone,0.0075940838984733,<CONV>
stood,0.0093281246092791,<CONV>
stopped,0.0133651351425911,<CONV>
stopping,0.0098291879637456,<CONV>
storage,0.0085659463174881,<CONV>
stored,0.0075633159736421,<CONV>
storm,0.0148672807892167,<CONV>
story,0.002608031156444,<CONV>
straight,0.0158477754066413,<CONV>
strain,0.0078358562034565,<CONV>
strategy,3.490065204756607e-05,<CONV>
stream,0.0160496866451167,<CONV>
streamline,0.0079536308486152,<CONV>
strength,0.0088019674990472,<CONV>
strengthened,0.0065401532594345,<CONV>
strengthens,0.0080859525480354,<CONV>
stressed,0.0088445639890258,<CONV>
strict,0.0127538143328414,<CONV>
stride,0.0064030473152818,<CONV>
strike,0.0139559021035211,<CONV>
stringent,0.0071599552555169,<CONV>
strip,0.00948692973137,<CONV>
stronger,0.0102260951987817,<CONV>
strongly,0.010883057778041,<CONV>
structural,0.0099056681925124,<CONV>
structure,0.008530593143515,<CONV>
structured,0.0052122308952592,<CONV>
struggle,0.0148301033539437,<CONV>
struggling,0.0128390367406012,<CONV>
studied,0.0127469019577425,<CONV>
studio,0.0211746755842254,<CONV>
study conducted,0.0081773522530483,<CONV>
study found,0.014194265035272,<CONV>
study published,0.016273636341268,<CONV>
studying,0.0105589656839552,<CONV>
stuff,0.0144444520470325,<CONV>
style,0.0109481027640354,<CONV>
sub,0.0070777297084124,<CONV>
subgroup,0.0058482164379591,<CONV>
subject,0.0114933665999588,<CONV>
submission,0.0090268804496352,<CONV>
submit,0.0096363129381996,<CONV>
submitted,0.0122218190752434,<CONV>
submitting,0.0073285970481364,<CONV>
subscribe,0.0090946874335093,<CONV>
subscriber,0.0085930930869864,<CONV>
subscription,0.0075776581747164,<CONV>
subsequent,0.0108619888952847,<CONV>
subsequently,0.0196538636776587,<CONV>
subsidiary,0.0081127424861452,<CONV>
substance use,0.0595209943879939,<CONV>
substantial,0.0107887099260985,<CONV>
substantially,0.0097923864100527,<CONV>
substitution,0.0018436145736993,<CONV>
successful,0.0083071709660256,<CONV>
successfully,0.0094755130500773,<CONV>
sudan,0.0051981360264415,<CONV>
sudden,0.0145299975159723,<CONV>
suffer,0.0136328292953479,<CONV>
suffering,0.0128751258775336,<CONV>
sufficient,0.0103790221365161,<CONV>
sugary,0.0068657886954283,<CONV>
suggest,0.0140332136563756,<CONV>
suggested,0.0140582148237667,<CONV>
suggesting,0.0122273415821348,<CONV>
suggests,0.0143815447654221,<CONV>
suicide,0.0076706749091988,<CONV>
suit,0.0104246557348222,<CONV>
suitable,0.0071673957141897,<CONV>
suite,0.0071780945155786,<CONV>
summary,0.0093201689817195,<CONV>
summit,0.0040549089142962,<CONV>
sun,0.0100286971042165,<CONV>
sunday,0.0100528689735477,<CONV>
sunshine,0.0142391418608646,<CONV>
super,0.0093530872160996,<CONV>
superior,0.0073948475693092,<CONV>
supervision,0.0078173323661704,<CONV>
supervisor,0.0075352876658017,<CONV>
supplement,0.0072564202832272,<CONV>
supplemental,0.0074351800484982,<CONV>
supplementary,0.003606284793233,<CONV>
supplier,0.0067261712488844,<CONV>
supply,0.0240356470477297,<CONV>
supply chain,0.0082007627872224,<CONV>
support,3.854295824666682e-05,<CONV>
supporter,0.0112538926115521,<CONV>
supportive,0.0089208509427329,<CONV>
supposed,0.0211447054806771,<CONV>
supreme,0.0116879976323728,<CONV>
supreme court,0.0095877304804995,<CONV>
sur,0.0027962821240164,<CONV>
surface,0.0105704873185245,<CONV>
surge,0.0107812542301961,<CONV>
surgeon,0.0091236894601134,<CONV>
surgeon general,0.0096464948868494,<CONV>
surgery,0.0056410272333444,<CONV>
surgical,0.0058215419059749,<CONV>
surprise,0.0144539176163779,<CONV>
surprising,0.0121449854334786,<CONV>
surrounding,0.0123972478124878,<CONV>
surveillance system,0.0095884191314661,<CONV>
survival,0.0091228458229034,<CONV>
survive,0.0211197022851148,<CONV>
survivor,0.0078438708589103,<CONV>
sus,0.0030208376393836,<CONV>
susan,0.0089358078834597,<CONV>
susceptibility,0.0128750139765025,<CONV>
susceptible,0.0164849958069484,<CONV>
suspect,0.0205462032098045,<CONV>
suspected,0.0147779309093809,<CONV>
sustain,0.0083130698071406,<CONV>
sustainability,0.0052945952268769,<CONV>
sustained,0.0086780343083838,<CONV>
swab,0.004869497643764,<CONV>
swachh,0.000267411994555,<CONV>
sweden,0.0083400998211213,<CONV>
sweet,0.0094426313199781,<CONV>
swift,0.0066368002315781,<CONV>
swimming,0.0089597133400418,<CONV>
switch,0.0099538924572643,<CONV>
switzerland,0.0065814390857506,<CONV>
symbol,0.0055005223631498,<CONV>
symptom,6.940106700119961e-05,<CONV>
syncytial,0.0046374329089766,<CONV>
syndrome,0.0093025407956225,<CONV>
synthesis,0.0056494025934783,<CONV>
synthetic,0.0873004706069905,<CONV>
system,7.1243167072896e-05,<CONV>
systematic,0.0069341125252333,<CONV>
systematic review,0.0057520294965537,<CONV>
systemic,0.0088584726927328,<CONV>
tablet,0.0062279641690561,<CONV>
tackle,0.0110834254548763,<CONV>
tackling,0.0088426363831876,<CONV>
tag,0.0131457232732198,<CONV>
tailored,0.0069721042074827,<CONV>
taiwan,0.0024027948377406,<CONV>
take,0.0005109151669921,<CONV>
take place,0.0091038224753928,<CONV>
takeaway,0.0164964872199615,<CONV>
talent,0.0091850586263029,<CONV>
talked,0.0141174134321745,<CONV>
talking,0.0150027953611617,<CONV>
tambi,0.003059542310761,<CONV>
tampa,0.0054303035936965,<CONV>
tank,0.0075342484837124,<CONV>
tanzania,0.0060545717772843,<CONV>
tap,0.008915474828237,<CONV>
targeting,0.0100223788001532,<CONV>
tariff,0.0112806104378047,<CONV>
task,0.0083336483920542,<CONV>
task force,0.0082769353661243,<CONV>
taste,0.0092682668547349,<CONV>
taught,0.1617024229397846,<CONV>
tax,0.0088228723510464,<CONV>
taxpayer,0.0135922073058851,<CONV>
taylor,0.0083910932784898,<CONV>
tbrc,0.0024630050329015,<CONV>
tea,0.006336904981617,<CONV>
teach,0.0084098518278957,<CONV>
teacher,0.0088579155669951,<CONV>
teaching,0.0081868908959468,<CONV>
team,2.012445057002174e-05,<CONV>
tear,0.0112059043639983,<CONV>
tech,0.0791799046641842,<CONV>
technavio,0.0006017682634139,<CONV>
technical,0.006992785109162,<CONV>
technician,0.0073759484052475,<CONV>
technique,0.0074504380836362,<CONV>
technological,0.0071433623743321,<CONV>
technology,0.0002111488075006,<CONV>
tedros,0.0074787783021275,<CONV>
tedros adhanom,0.0121580982369219,<CONV>
teen,0.0120503938127762,<CONV>
teenager,0.0144275354413749,<CONV>
teeth,0.0051525417967769,<CONV>
tel,0.005955593296922,<CONV>
telehealth,0.0045719904174836,<CONV>
telemedicine,0.003450897877098,<CONV>
television,0.0099135810095553,<CONV>
telling,0.0169095432899732,<CONV>
temple,0.0022850046451225,<CONV>
temporary,0.0131721965081597,<CONV>
ten,0.0135539554140122,<CONV>
tend,0.0140097814922836,<CONV>
tennessee,0.0108374485717149,<CONV>
tenure,0.0061039452522199,<CONV>
termination,0.0071975267392536,<CONV>
territorial,0.0045996866883333,<CONV>
territory,0.0097836861729709,<CONV>
test,0.0022409731686412,<CONV>
testament,0.006793647786845,<CONV>
tested positive,0.0147929029434102,<CONV>
testing,0.0089490546285235,<CONV>
testing treatment,0.0046128857694353,<CONV>
tetanus,0.0054213594636954,<CONV>
texas,0.0002100364493922,<CONV>
text,0.0084300000898572,<CONV>
thailand,0.0042448232247784,<CONV>
thanks,0.013456575110758,<CONV>
thc,0.0042496186915004,<CONV>
the Guardian,0.0005888844042686,<CONV>
thebusinessresearchcompany,0.0009881860358938,<CONV>
thebusinessresearchcompany com,0.0012211058748432,<CONV>
theme,0.005427680185531,<CONV>
theory,0.0112387600740713,<CONV>
therapist,0.0077258384659995,<CONV>
thereby,0.0086748661975676,<CONV>
therefore,0.0098120296570862,<CONV>
thing like,0.0164869881904769,<CONV>
think,0.0130132251569099,<CONV>
thinking,0.0120415612680836,<CONV>
thomas,0.0074409666074255,<CONV>
thompson,0.0043187360726354,<CONV>
thorough,0.010122496341724,<CONV>
thoroughly,0.0110556451509886,<CONV>
threat,0.0003484065725731,<CONV>
threatening,0.0147923485105958,<CONV>
three,0.0003959276149828,<CONV>
three year,0.0105358929754378,<CONV>
threshold,0.009594753791601,<CONV>
thrilled,0.0141538100764856,<CONV>
thrive,0.0105336485494156,<CONV>
thriving,0.0067485178335498,<CONV>
throat,0.0116404982302264,<CONV>
thus,0.0095427776097286,<CONV>
tica,0.0041864913886554,<CONV>
tick borne,0.0027806804553218,<CONV>
ticket,0.0108878089772275,<CONV>
tie,0.0116764626734345,<CONV>
tied,0.150415045677549,<CONV>
tiene,0.0079551171253386,<CONV>
tier,0.0051813782231007,<CONV>
tiktok,0.007228252187603,<CONV>
tim,0.0121242289891827,<CONV>
time,1.154441843472865e-05,<CONV>
timeline,0.0095493424170844,<CONV>
timely,0.0073986297624951,<CONV>
timing,0.0114402589774368,<CONV>
tiny,0.0173148192873729,<CONV>
tip,0.0105128068489444,<CONV>
tissue,0.0088874017169795,<CONV>
title,0.0079662488866058,<CONV>
titled,0.0178573868303618,<CONV>
tnx,0.0007577102816404,<CONV>
tobacco,0.0013028517204981,<CONV>
tobacco product,0.008412574882467,<CONV>
tobacco use,0.0079980947097831,<CONV>
tobaccoreporter.com,0.0005393053541284,<CONV>
toda,0.0037076826366985,<CONV>
today,0.0019989900006744,<CONV>
today announced,0.0158053892676396,<CONV>
today gmt,0.0152064158073141,<CONV>
toddler,0.0079252513228095,<CONV>
todo,0.0036903629782204,<CONV>
todos,0.0036089094710166,<CONV>
toilet,0.0031398349585444,<CONV>
told,1.744985687782463e-05,<CONV>
toll,0.1161797843347442,<CONV>
tom,0.0122906057376171,<CONV>
tomorrow,0.0127169042650552,<CONV>
ton,0.0127746673431333,<CONV>
tonight,0.0751838970949366,<CONV>
tonix,0.0007765845852478,<CONV>
tooth,0.0056310690271559,<CONV>
tooth decay,0.0063606014129817,<CONV>
toothpaste,0.0050915379678839,<CONV>
top,0.0843053857672422,<CONV>
toronto,0.0060944091127441,<CONV>
total,0.0129096778706658,<CONV>
touch,0.0114234886676591,<CONV>
tough,0.0151437332813424,<CONV>
tour,0.00813876123013,<CONV>
tourism,0.0036160970148949,<CONV>
town,0.0112404629556749,<CONV>
toxic,0.0163036019426977,<CONV>
toxicology,0.012173813425059,<CONV>
toxin,0.0113452602103433,<CONV>
trace,0.0133089932619481,<CONV>
trachoma,0.0013733852546808,<CONV>
tracing,0.0107672227535799,<CONV>
tracking,0.0112198939890514,<CONV>
tract,0.0092534173966673,<CONV>
trade,0.0116441824717916,<CONV>
trade-web,0.0824425039551012,<CONV>
tradition,0.0070854485495108,<CONV>
traffic,0.0111435642026305,<CONV>
trail,0.0094468357529321,<CONV>
train,0.0105841840065809,<CONV>
trained,0.009246730021072,<CONV>
trajectory,0.0096135480344982,<CONV>
trans,0.0046372959094921,<CONV>
transaction,0.0052014116038836,<CONV>
transfer,0.0079368855009387,<CONV>
transform,0.0080466332814118,<CONV>
transformation,0.0074445935677826,<CONV>
transformative,0.0066012936061082,<CONV>
transformed,0.008698569565373,<CONV>
transforming,0.0072474569706615,<CONV>
transgender,0.0067259990096631,<CONV>
transition,0.0085197668349616,<CONV>
transmission,0.0055651202767074,<CONV>
transmitted,0.0113681617032675,<CONV>
transparency,0.0085551102442175,<CONV>
transparent,0.0066724292196151,<CONV>
transplant,0.0079322981863729,<CONV>
transport,0.0076005339754397,<CONV>
transportation,0.0081946969347551,<CONV>
trauma,0.0084437978217501,<CONV>
traveled,0.0171905673715382,<CONV>
traveler,0.0092104031960967,<CONV>
traveling,0.0111896024043531,<CONV>
tre,0.0040325309760434,<CONV>
treatable,0.0063688511756739,<CONV>
treated,0.0137265378774797,<CONV>
treating,0.0118351737657233,<CONV>
treatment,3.4325441723766554e-05,<CONV>
treatment option,0.0118725398139891,<CONV>
treaty,0.0042776621559509,<CONV>
tree,0.0087016316247038,<CONV>
tremendous,0.0103713690318619,<CONV>
trend,0.0651174563488799,<CONV>
tribal,0.0039317379928588,<CONV>
tribe,0.0050911242971652,<CONV>
tribune,0.0122162061425562,<CONV>
tribute,0.0113706195275174,<CONV>
tried,0.0198932449184607,<CONV>
trigger,0.0147740343627614,<CONV>
trillion,0.0089277484626159,<CONV>
trip,0.0102319288925729,<CONV>
triple,0.0098021658485467,<CONV>
tropical,0.0094168999291156,<CONV>
truck,0.0112206272949578,<CONV>
true,0.0134011020669172,<CONV>
truly,0.0118184393662491,<CONV>
trump,0.0001373499967206,<CONV>
trump administration,0.0108951260649639,<CONV>
trusted,0.0093451479184811,<CONV>
truth,0.0087695624134648,<CONV>
try,0.016932996385766,<CONV>
turkey,0.0092185135907214,<CONV>
turn,0.0131298360042566,<CONV>
turned,0.0139088099936814,<CONV>
turning,0.0131056895188063,<CONV>
tveyes,0.3946696245397487,<CONV>
tveyes-podcast,0.003678644698968,<CONV>
twenty,0.0141483209058312,<CONV>
twice,0.0131590577213955,<CONV>
twin,0.0064765269857251,<CONV>
twitter,0.0217373441621641,<CONV>
two,5.2785215787819054e-05,<CONV>
two decade,0.012174196555886,<CONV>
two year,0.0138256386591853,<CONV>
type,0.0002972826248372,<CONV>
type diabetes,0.007210932171765,<CONV>
typical,0.0129071654873977,<CONV>
typically,0.0120971003571658,<CONV>
uae,0.001601336018345,<CONV>
uganda,0.0058731286427416,<CONV>
ukraine,0.0117323046681945,<CONV>
ultimate,0.0090312683278911,<CONV>
ultimately,0.049344587338758,<CONV>
ultra,0.0080782456772638,<CONV>
uma,0.0021111001938715,<CONV>
unable,0.0159252346100045,<CONV>
unaids,0.0016489284041745,<CONV>
uncertainty,0.0106499096230816,<CONV>
unclear,0.0174799514016747,<CONV>
uncredited,0.6486986303079014,<CONV>
und,0.0005188555405511,<CONV>
underlying,0.0145597663687554,<CONV>
underscored,0.0068642090827894,<CONV>
underscoring,0.0085196388404471,<CONV>
underserved,0.0063728724401704,<CONV>
understands,0.0081987713054145,<CONV>
understood,0.0136395617016417,<CONV>
undertake,0.0086587878840996,<CONV>
underway,0.0119043411447331,<CONV>
une,0.0015716915615933,<CONV>
unexpected,0.0111909487954202,<CONV>
unfortunately,0.0168717888468591,<CONV>
unhealthy,0.0084394275348798,<CONV>
unicef,0.0062650514248831,<CONV>
unidos,0.003345754889848,<CONV>
unified,0.0072967737774717,<CONV>
uninsured,0.005420319905857,<CONV>
uniquely,0.0092287506535706,<CONV>
unite,0.0064020691394442,<CONV>
united,0.000233397889158,<CONV>
united kingdom,0.0092346412745734,<CONV>
united nation,0.009163866474273,<CONV>
united state,0.0189492705964354,<CONV>
unity,0.0050296658800141,<CONV>
universal,0.0053476640785652,<CONV>
universal health,0.0045207847406184,<CONV>
university,0.0005096215188173,<CONV>
unknown,0.0157238539922048,<CONV>
unless,0.0142727886009905,<CONV>
unlike,0.0176365514776284,<CONV>
unmet,0.0091003413248317,<CONV>
unnecessary,0.0115349072962401,<CONV>
unprecedented,0.0136962761401874,<CONV>
untreated,0.010323239924866,<CONV>
untuk,0.0057524359995385,<CONV>
unusual,0.017648734297194,<CONV>
unvaccinated,0.0129982917152745,<CONV>
unveiled,0.0066801946948481,<CONV>
unwavering,0.0072850557448988,<CONV>
upcoming,0.0089847060163723,<CONV>
upgrade,0.0073058556847491,<CONV>
upon,0.0107965006717665,<CONV>
upper,0.0121210297377832,<CONV>
ups,0.007615644349664,<CONV>
uptake,0.0067280201810193,<CONV>
urge,0.0094057295671951,<CONV>
urged,0.0122268758816432,<CONV>
urgency,0.0108236707581957,<CONV>
urgent need,0.0103803497304176,<CONV>
urgently,0.0100533137060259,<CONV>
urging,0.0138512056177177,<CONV>
urinary,0.0060821999032661,<CONV>
urine,0.0081969411271154,<CONV>
usage,0.0071778873549117,<CONV>
usaid,0.0048496194245062,<CONV>
usd,0.0032281075038425,<CONV>
usd billion,0.0033274040617251,<CONV>
usda,0.0071713289898985,<CONV>
use,3.560585750275338e-05,<CONV>
use disorder,0.0908626693362051,<CONV>
used,0.0004176824465774,<CONV>
useful,0.0125881005115328,<CONV>
using,0.0015601997880929,<CONV>
usual,0.0142969596902567,<CONV>
usually,0.0160320224156594,<CONV>
utility,0.0095171806169738,<CONV>
utilization,0.0045503332239731,<CONV>
utilize,0.0078653390249117,<CONV>
utilized,0.0071743801398809,<CONV>
utilizing,0.0095404556587352,<CONV>
vaccinate,0.0095812989946723,<CONV>
vaccination,0.0016283358602542,<CONV>
vaccination campaign,0.0040299981885961,<CONV>
vaccination program,0.0082190027117608,<CONV>
vaccination rate,0.0114834733675073,<CONV>
vaccine,1.847644156281849e-05,<CONV>
vaccine candidate,0.0044102758592127,<CONV>
vaccine development,0.0045261082974764,<CONV>
vaccine market,0.0010401842066378,<CONV>
vacuna,0.0024284429160876,<CONV>
vacunaci,0.0017456568970552,<CONV>
vacunas,0.0020070949455011,<CONV>
validated,0.0068079880787095,<CONV>
validation,0.0057594885979885,<CONV>
valley,0.0102106225237784,<CONV>
valneva,0.0008813565011161,<CONV>
valuable,0.0100818682056044,<CONV>
value based,0.0034681600887478,<CONV>
valued,0.0063118908654945,<CONV>
van,0.0090763447218929,<CONV>
vaping,0.0042509226053005,<CONV>
variability,0.0065794385589227,<CONV>
variant,0.0073229583401999,<CONV>
variation,0.0071839086363954,<CONV>
varied,0.0082160009451569,<CONV>
variety,0.010699303219759,<CONV>
vary,0.0149908148604455,<CONV>
varying,0.0090062272451112,<CONV>
vascular,0.0048466629334828,<CONV>
vast,0.0125300856335547,<CONV>
vega,0.006762450968047,<CONV>
vegetable,0.0086775613326808,<CONV>
vehicle,0.013292454747297,<CONV>
vendor,0.0056785718261997,<CONV>
venture,0.0067114751102436,<CONV>
venue,0.0076734382982983,<CONV>
verify,0.0101274176568815,<CONV>
versus,0.0094613891027488,<CONV>
vertical,0.005815825255137,<CONV>
vessel,0.0113542108964195,<CONV>
veteran,0.0085735887776398,<CONV>
veterinarian,0.0086802391511462,<CONV>
veterinary,0.0067579815356374,<CONV>
vibrant,0.0066459175675731,<CONV>
vice president,0.0077852292261777,<CONV>
victim,0.0185127119488436,<CONV>
victory,0.0093772536598038,<CONV>
vida,0.0032067231067598,<CONV>
video license,0.007567441616533,<CONV>
vietnam,0.0053590491719377,<CONV>
view original,0.0136712428489158,<CONV>
vigilant,0.01526336063895,<CONV>
village,0.0066898177337052,<CONV>
violation,0.0070516414635207,<CONV>
violence,0.0075792932522174,<CONV>
virginia,0.0091516310719221,<CONV>
virology,0.0065678848161953,<CONV>
virtual,0.0071971812025274,<CONV>
virtually,0.0149328912606759,<CONV>
virus,0.0003874341366736,<CONV>
visible,0.0107483513525046,<CONV>
visionary,0.0052847399505131,<CONV>
visit,5.2836885877814505e-05,<CONV>
visit http,0.0110612445439949,<CONV>
visit social,0.0040533986663164,<CONV>
visit www,0.0079915672019781,<CONV>
visited,0.0121717140696738,<CONV>
visiting,0.0124863309821053,<CONV>
visitor,0.0080889570948586,<CONV>
visual,0.0055828665710367,<CONV>
vital role,0.00776797478329,<CONV>
vitamin,0.0053963617388356,<CONV>
vitro,0.0117469137579173,<CONV>
vlp,0.0009177820409782,<CONV>
voice,0.0106879543413539,<CONV>
volume,0.0083070206813675,<CONV>
voluntary,0.0073574825660245,<CONV>
volunteer,0.0067817411371412,<CONV>
vomiting,0.0173577770983327,<CONV>
von,0.0023778496559596,<CONV>
vote,0.0081102974398287,<CONV>
voted,0.0101247385261535,<CONV>
voter,0.0111835982645229,<CONV>
vous,0.0026429902649054,<CONV>
vulnerability,0.0118350675471197,<CONV>
vulnerable population,0.0119133707334091,<CONV>
wait,0.0125459933941873,<CONV>
waiting,0.0122182170418421,<CONV>
wake,0.0117465781353289,<CONV>
walk,0.0082210545805988,<CONV>
walking,0.0081702596727892,<CONV>
wall,0.012449335136359,<CONV>
wam,0.0017740399292276,<CONV>
wang,0.0063065150504143,<CONV>
wanted,0.0114735947813855,<CONV>
wapo,0.0010953889471042,<CONV>
war,0.011060751212621,<CONV>
ward,0.0097794157563934,<CONV>
warm,0.0134374104967634,<CONV>
warmer,0.012610608097619,<CONV>
warn,0.0208007456023691,<CONV>
warned,0.0187721754774829,<CONV>
warning,0.0175694529835729,<CONV>
warns,0.016303006148744,<CONV>
warranty,0.0067688990737435,<CONV>
warranty kind,0.0075680864202277,<CONV>
wash,0.0096285029686203,<CONV>
washing,0.0120028617592613,<CONV>
washington,0.0675036548740087,<CONV>
wastewater,0.0051970572940601,<CONV>
watch,0.012745620714825,<CONV>
watching,0.0174141960306082,<CONV>
water,0.0001240398124138,<CONV>
water fluoridation,0.0038702526298651,<CONV>
water supply,0.0081840233796134,<CONV>
water system,0.0059717460386467,<CONV>
wave,0.0109115209002524,<CONV>
way,0.000420664819186,<CONV>
wazed,0.0014366964278873,<CONV>
weak,0.0123584790223959,<CONV>
weakened,0.015050697718796,<CONV>
wealth,0.0068398922144714,<CONV>
wear,0.012795331525563,<CONV>
wearing,0.0132655787502464,<CONV>
web,0.0992470654623444,<CONV>
web-rss,0.043053028176911895,<CONV>
web-rss-scraped,0.1110195947319171,<CONV>
webinar,0.0031353766107087,<CONV>
website http,0.0124764917307318,<CONV>
week,0.0003146210805736,<CONV>
weekend,0.0128746099211157,<CONV>
weekly,0.0100894490982069,<CONV>
weight loss,0.0056761797339181,<CONV>
welcome,0.0114513001565226,<CONV>
welcomed,0.0075059315270374,<CONV>
welfare,0.0053532174721202,<CONV>
well,5.2768572264926215e-05,<CONV>
wellbeing,0.0055122521981173,<CONV>
went,0.0158327824129033,<CONV>
west nile,0.0052327450930734,<CONV>
western,0.0122004438873181,<CONV>
wha,0.0028283156223266,<CONV>
whatever,0.0892037965696204,<CONV>
whereas,0.0085113565590722,<CONV>
wherever,0.0177452547274921,<CONV>
whether,0.0132964830025882,<CONV>
whi,0.0002570307471826,<CONV>
white house,0.0079137846325939,<CONV>
who13.com,0.0001569251601387036,<CONV>
whooping,0.0058513568588545,<CONV>
whooping cough,0.0078221047598173,<CONV>
whose,0.0147196420595992,<CONV>
wic,0.0015545393883281,<CONV>
wichro,0.000701435692078,<CONV>
wide range,0.0110158145080096,<CONV>
widely,0.0106947127902472,<CONV>
wider,0.0103160083772976,<CONV>
widespread,0.0136233029199236,<CONV>
wife,0.0119463889835077,<CONV>
wild,0.0129677531487446,<CONV>
wildfire,0.0083411008463573,<CONV>
wildlife,0.0088155524852311,<CONV>
william,0.0084176339627234,<CONV>
williams,0.0096798587590314,<CONV>
willing,0.0113468372890626,<CONV>
wilson,0.007588236995643,<CONV>
win,0.0116121619271806,<CONV>
wind,0.0831846276832063,<CONV>
window,0.0569457341342251,<CONV>
wine,0.0059123709447444,<CONV>
wing,0.0119962711945174,<CONV>
winner,0.0056490528034173,<CONV>
winning,0.0115055110256205,<CONV>
winnipegsun,0.0001831675287456622,<CONV>
winter,0.0094025037367831,<CONV>
wire,0.0103123890311311,<CONV>
wires,0.0245061435051283,<CONV>
wisconsin,0.0100368617714881,<CONV>
wish,0.0092522208968958,<CONV>
withdrawal,0.0112623452541865,<CONV>
within,1.7507770338088386e-05,<CONV>
without,0.0078986202308354,<CONV>
without warranty,0.0075675749284598,<CONV>
witness,0.0138607217614997,<CONV>
witnessed,0.0108819600220276,<CONV>
witnessing,0.0068475706454471,<CONV>
wnycdigital@gmail.com (WNYC),1.061437767857818e-05,<CONV>
woman,0.0001812614315344,<CONV>
woman health,0.0075704659119666,<CONV>
wonder,0.0176507230472735,<CONV>
wood,0.012475329232924,<CONV>
word,0.0134627085081118,<CONV>
work,5.1488168964505926e-05,<CONV>
work together,0.0088938795857357,<CONV>
worker,0.0007309483664839,<CONV>
workflow,0.0045604432424884,<CONV>
working together,0.0091709376634486,<CONV>
workplace,0.0086115020630999,<CONV>
workshop,0.0042896178372417,<CONV>
world,5.5432748340717655e-05,<CONV>
world aid,0.0049053144608411,<CONV>
world health,0.0214951064219853,<CONV>
worm,0.002367012302252,<CONV>
worried,0.0193050612726625,<CONV>
worry,0.0206589642212973,<CONV>
worse,0.0193172499192382,<CONV>
worst,0.0182954919432109,<CONV>
worth,0.0125739998549348,<CONV>
would like,0.0121068430489992,<CONV>
wound,0.009758610135622,<CONV>
write,0.0124190085690365,<CONV>
writer,0.0165993096813849,<CONV>
writing,0.0107815270943032,<CONV>
written,0.013264042667786,<CONV>
wrong,0.015545172304723,<CONV>
wrote,0.0106054582043291,<CONV>
www,7.273749068582279e-05,<CONV>
www prnewswire,0.0185657753221212,<CONV>
www thebusinessresearchcompany,0.0012211058748432,<CONV>
wyandotte,0.000639294416321,<CONV>
xinhua,0.0038087984691443,<CONV>
xtalks,0.0001795321348873,<CONV>
yale,0.0084154823347518,<CONV>
yard,0.0097998351220791,<CONV>
year,1.7203116624821014e-05,<CONV>
year age,0.0099391354245103,<CONV>
year ago,0.0160989166964416,<CONV>
year old,0.0149950818765889,<CONV>
year year,0.0140890664813011,<CONV>
yellow,0.0096913263283421,<CONV>
yes,0.0131288723022096,<CONV>
yesterday,0.0155793728587546,<CONV>
yield,0.0105922807646957,<CONV>
yoga,0.0017784782022678,<CONV>
york,0.0007477854408302,<CONV>
york city,0.0110407712878322,<CONV>
young,0.0225513703093287,<CONV>
young adult,0.0103864762056166,<CONV>
young child,0.0152246024405309,<CONV>
young people,0.0121226259983408,<CONV>
younger,0.0109235192767467,<CONV>
youtube,0.0070062560945215,<CONV>
zealand,0.0055550407280198,<CONV>
zero,0.0070107748420182,<CONV>
zhang,0.0039964088061032,<CONV>
zika,0.0089201230161852,<CONV>
zone,0.0063973424243285,<CONV>
zoo,0.0059621558421097,<CONV>
zoonotic,0.0071846071679431,<CONV>
zyn,0.0008310300502615,<CONV>
"Óscar Contreras, Oscar-Contreras",9.49240428395056e-05,<CONV>
أخبارنا,0.0007461483562998001,<CONV>
المركز الفلسطيني للإعلام (بيان صحفي),7.758707374034869e-06,<CONV>
بوابة الدولة الاخبارية,0.0005420855008955,<CONV>
نافذة على العالم,0.0001284833554557646,<CONV>
加西网 (温哥华门户),7.828453904057015e-05,<CONV>
星島日報,2.644816622325338e-05,<CONV>
联合早报,9.003108101278581e-05,<CONV>
