word,count,doc_freq,weighted_count
health,1441714,179811,959278906.0
public,474400,142521,303032411.0
said,323263,98844,213349874.0
disease,357180,110390,206965743.0
community,289242,81509,189789388.0
care,295422,70223,181338796.0
year,316000,115981,179295619.0
people,312361,102435,168755774.0
vaccine,278583,45773,166820785.0
new,291096,110135,157153743.0
state,251669,92208,155587964.0
also,255797,115854,148163464.0
world,210118,83962,132791297.0
one,245649,106395,129466521.0
service,206112,76537,128189249.0
research,209520,64530,121163622.0
healthcare,181168,46572,121116120.0
patient,218648,52045,118190533.0
study,212296,48312,117335805.0
market,188392,25744,116067590.0
global,185752,53255,115806243.0
child,191095,52589,113311852.0
program,187292,63869,110127165.0
time,201415,91668,107684155.0
data,170859,52277,104324974.0
system,163317,65056,102908313.0
country,156982,66873,101540320.0
need,174312,85603,101185760.0
case,167107,53408,100555450.0
risk,183650,64626,98805541.0
medical,176061,67726,94728231.0
food,170548,41907,94207030.0
like,188839,81704,93332121.0
com,179584,74864,91771108.0
report,149984,51918,91474526.0
day,162454,67327,90309309.0
support,154514,71655,90000802.0
including,158285,85873,89991486.0
organization,146035,73756,89051515.0
may,157200,69904,87494347.0
news,187028,90952,86716368.0
life,162960,72616,86373674.0
first,154183,78029,84970340.0
water,135916,28331,84211819.0
center,143643,62211,83701205.0
well,154425,80944,83690815.0
national,141040,63720,83674046.0
information,148275,74361,82540913.0
help,147729,75151,82338218.0
work,137453,69780,80384655.0
say,164402,59928,75796787.0
treatment,142449,48793,75591337.0
based,128363,59533,74713487.0
population,115572,48359,74273079.0
million,132067,60078,73653447.0
high,134559,66329,73547306.0
company,145843,46353,71306990.0
access,112218,52936,71302823.0
across,119370,70224,70383270.0
use,126387,58636,70175813.0
pandemic,95730,36326,69599664.0
department,111096,53025,69423077.0
virus,116387,32373,66700605.0
two,118502,65158,65402295.0
get,136021,62153,64960130.0
development,113420,46775,64639834.0
group,105994,48387,64055641.0
level,104016,47330,63756703.0
government,100706,47217,63271312.0
make,119311,71792,62488513.0
covid,95905,36663,62228632.0
prevention,96034,51391,62113669.0
control,101621,53522,61684555.0
human,111277,50762,61587150.0
http,112980,54206,60240468.0
product,120616,38590,59979210.0
could,114719,59076,59632042.0
would,107644,50987,58526957.0
county,93969,26394,57934265.0
agency,95189,44543,57403723.0
impact,99177,55611,57094659.0
individual,94819,45784,56946109.0
vaccination,85439,26470,56719092.0
know,131155,48408,56583891.0
many,101631,61038,56487021.0
effort,87602,51459,55834660.0
hospital,101580,35563,54494756.0
hiv,76735,11808,54481782.0
area,94122,50557,54233918.0
among,87287,47137,54152454.0
family,95393,45690,53844425.0
according,83892,50081,53822516.0
medicine,98839,36795,53813523.0
infection,94570,30832,53206777.0
american,101985,45504,53202369.0
initiative,79505,38790,52721090.0
director,82046,48264,52708474.0
cdc,89916,29474,52275800.0
school,89199,35674,51727332.0
member,81190,40991,51609921.0
local,86972,48110,51442896.0
www,106293,52682,51396798.0
right,108135,52025,50772744.0
united,80008,49238,50658003.0
rate,84788,37635,50586231.0
social,77221,38867,49973681.0
today,113042,69498,49719003.0
change,86131,45616,49582328.0
president,93908,47432,49277113.0
challenge,75526,41992,48915029.0
city,89155,35104,48742842.0
part,86376,57396,48603491.0
way,90471,56085,47951500.0
issue,80741,49789,47848182.0
contact,88734,56367,47693969.0
outbreak,77814,27114,47675955.0
future,83514,46241,47644724.0
quality,75799,38082,47617484.0
visit,85074,55074,47358489.0
result,88758,41081,47320874.0
drug,99105,34814,47156195.0
long,85042,52537,47122745.0
significant,77109,44220,47059382.0
solution,82801,35690,46952648.0
management,73690,28717,46926375.0
response,72779,37462,46904045.0
university,81252,35211,46340028.0
related,73869,43293,45927364.0
take,86501,55356,45919806.0
que,83618,6078,45909775.0
policy,70039,34325,45735643.0
week,86339,45799,45441554.0
medium,81863,50437,44766818.0
measles,77783,11874,44612395.0
healthy,75056,33818,44471213.0
clinical,92899,33091,44368032.0
woman,76577,25869,44365613.0
month,79966,44343,43963082.0
number,79041,45596,43938875.0
plan,76361,42733,43174519.0
key,71797,43227,42895858.0
role,67240,40357,42881288.0
official,68678,38356,42623281.0
technology,79213,30976,42068710.0
science,76560,35882,42002429.0
provide,70308,45873,41650980.0
age,70434,32187,41582150.0
free,71380,38193,40930311.0
resource,68249,38986,40799847.0
team,71381,40511,40740250.0
safety,77494,35312,40692516.0
analysis,66786,24211,40651586.0
last,75226,47287,40588272.0
improve,67163,40873,40351601.0
event,72017,34994,40180811.0
cost,68231,33852,39893771.0
trump,74881,22084,39797929.0
source,75172,56292,39777997.0
even,77879,48479,39763881.0
around,77347,51420,39752037.0
region,60914,29525,39696404.0
death,73798,34035,39428844.0
international,65723,33384,39426033.0
since,68344,47421,39173745.0
outcome,61119,32016,39034452.0
better,67486,44456,38878449.0
reported,61594,30907,38871227.0
strategy,61614,33622,38859031.0
expert,68604,41845,38830619.0
approach,60707,34907,38804216.0
used,65616,35871,38764795.0
adult,68667,30895,38644439.0
lead,73119,40543,38621887.0
statement,86566,24544,38122009.0
business,67894,30734,37957728.0
aid,55270,17477,37956665.0
address,62011,40777,37838993.0
education,62363,30613,37790873.0
emergency,57662,27540,37543528.0
important,68519,46195,37528076.0
see,79211,46444,37371001.0
effective,61553,39557,37282995.0
home,74020,37375,37271968.0
using,63575,33942,37183151.0
funding,56052,26275,37111438.0
every,68582,45779,37074811.0
potential,70702,39214,36893481.0
condition,68717,37865,36878665.0
association,62564,26166,36869017.0
increase,61730,35961,36733472.0
release,77806,50015,36724755.0
testing,59227,22316,36514362.0
going,88092,38015,36333929.0
factor,64925,29671,36251721.0
three,59489,37827,36132492.0
provider,59541,30678,35919407.0
worker,52904,21700,35849362.0
within,61300,40194,35846179.0
growth,57406,18469,35837773.0
available,67090,42613,35768281.0
practice,57750,31634,35688298.0
come,70857,46838,35638378.0
per,54775,25299,35550350.0
leader,61892,37486,35364402.0
model,51500,20747,35331443.0
include,61015,43342,35304905.0
campaign,55354,22870,35269459.0
action,61746,32393,35240743.0
activity,56812,25256,35219575.0
federal,57623,28299,35155206.0
content,66441,46462,34960263.0
experience,59391,36188,34893205.0
term,61685,38367,34887000.0
made,60874,42861,34789150.0
nation,58355,36196,34728382.0
benefit,58757,33552,34565670.0
professional,56824,30951,34561497.0
los,57384,10925,34536865.0
industry,61136,29927,34419867.0
low,60109,33785,34416776.0
early,60676,35330,34342874.0
flu,55779,13277,34286338.0
cause,66141,42819,34263968.0
critical,58349,39245,34188711.0
canada,47391,11997,33978253.0
found,61894,36561,33769105.0
think,73158,31746,33486763.0
india,41420,12635,33341107.0
working,57158,39588,33307649.0
offer,55786,36902,33274510.0
good,70221,40951,33257534.0
test,59822,21608,33002853.0
leading,60663,40738,32974898.0
administration,60816,33969,32969315.0
without,53825,37996,32952084.0
fluoride,49049,4919,32610181.0
spread,52794,28444,32203249.0
researcher,54732,25145,32010361.0
partner,56265,30898,31901907.0
prevent,52752,34744,31780565.0
org,60686,29726,31667580.0
next,59685,39983,31655284.0
america,57558,28984,31654643.0
associated,52218,29100,31446052.0
foundation,60254,21936,31349415.0
focus,52762,36556,31302648.0
general,50926,31205,31179791.0
commitment,46892,31264,31058721.0
article,43916,21614,31039918.0
project,52007,24518,30809757.0
want,63881,36838,30750460.0
making,54583,40726,30697717.0
show,59561,37680,30610450.0
institute,54422,26180,30604275.0
person,53366,31739,30559482.0
ensure,47351,31999,30556845.0
press,52036,28190,30344410.0
non,53344,29182,30085116.0
back,67233,39640,30079817.0
decision,47024,28824,30058237.0
chronic,51196,24479,29918444.0
opportunity,49435,32106,29880390.0
thing,65930,33530,29733923.0
collaboration,44059,25107,29416863.0
much,58944,38041,29103464.0
kennedy,50817,12631,29001879.0
higher,49062,25882,28913814.0
mean,57700,33440,28814391.0
concern,50048,32972,28786529.0
infectious,52810,26807,28785274.0
symptom,49653,22290,28759680.0
measure,46531,25908,28694736.0
still,57201,37242,28648129.0
tool,48299,27542,28618601.0
forward,71737,27767,28566241.0
however,44447,28174,28290271.0
really,63217,28975,28212082.0
heart,52252,22063,28182608.0
effect,51991,27196,28072982.0
recent,46534,34948,28051236.0
best,52785,36143,27975672.0
safe,50550,31324,27964687.0
mental,42320,19195,27932331.0
process,45138,28086,27744333.0
body,50084,26511,27718467.0
billion,46089,21157,27656074.0
different,48646,29315,27556979.0
place,51300,36368,27392107.0
due,47767,30504,27251028.0
clinic,43302,20064,27147992.0
africa,43002,15422,27143181.0
sample,43211,15513,26968715.0
end,49280,31338,26956407.0
partnership,42508,23409,26768503.0
intervention,40233,19609,26644762.0
essential,41642,27090,26611053.0
south,45302,22605,26605559.0
common,40861,24455,26589474.0
often,45144,30125,26579748.0
continue,48456,37018,26562701.0
provides,43923,32260,26541936.0
reduce,44529,30305,26479703.0
protect,47200,30928,26473855.0
network,47809,22844,26392631.0
looking,71251,27740,26187945.0
providing,45937,34025,26178095.0
increased,43361,26352,26080304.0
point,47274,29133,26008638.0
together,44986,30735,26003977.0
animal,45235,15824,25999624.0
participant,40797,13832,25988125.0
awareness,40664,22014,25873466.0
five,41982,29008,25833881.0
comprehensive,40796,26170,25828462.0
minister,31615,11184,25821480.0
evidence,44599,27308,25763732.0
goal,41915,29916,25722660.0
type,45257,23451,25683265.0
blood,52733,18164,25652729.0
environmental,42463,20204,25569153.0
step,44098,29920,25374892.0
several,42965,32286,25345618.0
share,42621,26357,25339614.0
platform,45545,22022,25320307.0
value,39816,20090,25239407.0
standard,42976,23451,25230887.0
doctor,47523,25601,25164595.0
email,37264,25180,24855171.0
view,53909,43238,24539798.0
trend,39135,18609,24524017.0
cancer,41518,18866,24482003.0
call,48858,32075,24452053.0
facility,39071,19504,24435984.0
dental,40884,6831,24427125.0
current,43951,30614,24404880.0
lower,40938,23018,24366323.0
inc,50519,18281,24348920.0
author,36459,19982,24331420.0
illness,41400,24099,24299264.0
primary,40811,21008,24255662.0
especially,42689,31898,24195768.0
innovation,43122,23793,24165359.0
finding,41163,23855,24045676.0
award,42362,12997,23968462.0
improving,36673,25899,23870824.0
agreement,30539,12086,23858879.0
nutrition,40262,14025,23792426.0
set,40842,30446,23762099.0
full,40323,30615,23747303.0
insight,42560,20971,23740076.0
look,54380,35832,23728769.0
fda,60953,16484,23570945.0
particularly,37386,26324,23556844.0
resident,36693,19493,23345603.0
published,37998,28669,23328443.0
mission,41881,27576,23262949.0
problem,43434,27914,23213460.0
environment,38399,22935,23164757.0
live,47404,30267,23133117.0
office,42472,27456,23104512.0
mosquito,44201,6338,23092613.0
major,40376,29310,22949741.0
physical,34984,15826,22944010.0
post,38054,23098,22942382.0
story,42035,27121,22814451.0
top,42681,28053,22778300.0
growing,41016,27116,22770565.0
positive,36987,21004,22674987.0
lot,50979,27172,22650311.0
chief,39569,26038,22606029.0
building,36570,23232,22590219.0
influenza,38524,9399,22586225.0
york,43146,22976,22533889.0
diabetes,38778,14152,22450847.0
added,33636,24789,22400210.0
tobacco,38860,9863,22322631.0
student,38906,14300,22211261.0
announced,41947,30910,22157109.0
aim,33765,24130,22104394.0
living,37160,22347,22052252.0
meeting,34900,18922,22002893.0
malaria,31391,5483,21996071.0
threat,40705,23667,21993469.0
digital,35006,15427,21932486.0
wellness,34330,12207,21881887.0
provided,32280,24907,21765542.0
known,39821,30211,21732274.0
importance,33023,23882,21732195.0
therapy,49438,17313,21703259.0
del,34044,6292,21619296.0
following,36447,27000,21614282.0
immunization,29166,10921,21557719.0
review,35471,16801,21521365.0
must,33737,21836,21497970.0
another,41306,30863,21400175.0
ensuring,31693,22920,21370411.0
bird,35033,7767,21362641.0
drinking,35074,12213,21307716.0
period,35236,19233,21305811.0
north,39454,21136,21275309.0
board,35076,16865,21220254.0
real,38722,23903,21191186.0
investment,32461,17836,21147642.0
learn,42578,31684,21083515.0
specific,34357,21652,21059470.0
crisis,37293,21240,21048036.0
various,32992,22988,21041855.0
less,37685,25306,21036458.0
screening,34267,12420,21035487.0
four,35123,24143,21022664.0
california,37595,15272,20993037.0
scientific,37948,21743,20942009.0
additional,37776,28348,20679998.0
play,37149,25498,20633858.0
second,38481,25713,20627857.0
april,36660,21819,20572951.0
march,35614,21542,20536917.0
decade,35853,27706,20524504.0
question,37755,23734,20447423.0
diet,33531,11403,20445261.0
method,31056,13811,20404555.0
protection,34450,21385,20386051.0
para,32556,5319,20302741.0
exposure,36462,17445,20291416.0
young,38469,20816,20263517.0
annual,33451,22190,20149477.0
air,38690,17112,20144485.0
physician,37673,18543,20114827.0
leadership,31194,17802,20096612.0
executive,34732,23824,20071268.0
possible,34733,27024,20001953.0
nearly,37002,27837,19974332.0
find,40051,29209,19958929.0
supply,37255,22077,19907658.0
overall,33379,21939,19901446.0
mpox,37565,5165,19880502.0
start,40706,28114,19877729.0
led,34937,26848,19722051.0
fund,34054,17654,19685240.0
past,34640,26769,19651951.0
house,37934,20624,19602399.0
addressing,31104,22679,19539827.0
hour,40372,25593,19483046.0
reach,33065,23043,19357292.0
keep,36871,26790,19315173.0
multiple,35252,22763,19293036.0
crucial,31040,21542,19239436.0
washington,38713,23564,19192398.0
called,35273,27179,19190580.0
kind,37447,24770,19077045.0
officer,36044,22740,19038188.0
law,38666,21423,19036786.0
understanding,32432,20826,18917119.0
committee,31873,14525,18865912.0
expected,33286,21049,18862800.0
includes,33153,26879,18858504.0
whether,34127,24693,18832939.0
sector,28480,16857,18815610.0
total,30740,17913,18781375.0
surveillance,26778,12591,18754723.0
security,40616,22509,18752857.0
survey,29197,12394,18686098.0
china,33217,11626,18676309.0
polio,26993,7030,18659930.0
line,35386,20975,18556915.0
already,32756,25335,18546033.0
needed,29655,23365,18513959.0
become,32993,26062,18510592.0
increasing,30255,20443,18503685.0
financial,29819,17187,18411742.0
least,32959,24058,18347326.0
nurse,27154,9520,18308172.0
progress,28386,18714,18298554.0
june,33370,19440,18293487.0
might,34780,22886,18211037.0
ability,32250,22320,18209322.0
likely,31963,21723,18208869.0
compared,31763,17729,18204602.0
insurance,31126,12649,18190223.0
range,31099,22935,18170395.0
trial,42069,15335,18134255.0
others,32489,24626,18068172.0
cell,36958,11712,18060553.0
knowledge,27688,17640,18014904.0
face,31063,22368,17922031.0
addition,29796,23636,17903548.0
severe,34770,20726,17893888.0
focused,32728,25006,17872713.0
developing,33684,23343,17731821.0
regional,26094,15111,17728008.0
received,30753,21493,17694127.0
innovative,33015,22413,17659093.0
significantly,29416,19338,17589493.0
secretary,29201,16489,17581961.0
coverage,26953,15475,17574999.0
limited,32146,21470,17515147.0
told,29245,19347,17505285.0
delivery,27990,15257,17488333.0
please,33209,25607,17454856.0
infected,28762,14318,17450521.0
lifestyle,26965,11364,17433996.0
ceo,33501,24323,17393799.0
equity,28272,13751,17376689.0
cut,29867,14209,17360893.0
online,31574,18442,17344483.0
drive,27660,19454,17336293.0
enhance,27325,20007,17321385.0
old,33994,22693,17294743.0
field,30302,18460,17286003.0
open,31861,21454,17283592.0
laboratory,31417,12819,17262235.0
texas,35574,12463,17227246.0
worldwide,30577,21945,17205961.0
senior,29284,19100,17196681.0
develop,30590,22374,17144490.0
weight,29699,9796,17089715.0
communication,29239,18306,17086324.0
great,34059,23027,17074313.0
website,31866,22787,17067886.0
income,26871,14598,16980597.0
recommendation,25100,14342,16961513.0
included,25901,16283,16920212.0
economic,28223,17875,16851133.0
staff,26508,16798,16838911.0
infrastructure,25767,14896,16829501.0
training,26884,15635,16823851.0
authority,27611,18467,16822722.0
hand,30077,16748,16708349.0
committed,28409,23482,16702778.0
example,26691,18371,16683416.0
act,31235,20227,16658796.0
grant,27376,12525,16653593.0
getting,34104,24021,16622546.0
site,28366,17742,16617392.0
confirmed,26399,16802,16573600.0
big,35248,22631,16548280.0
designed,31435,22890,16542076.0
order,27807,17728,16530695.0
follow,31385,24310,16523236.0
newswire,47772,34501,16506390.0
taking,31006,24374,16506203.0
advanced,28378,18608,16477832.0
strong,26940,20600,16477094.0
private,30131,19953,16450478.0
priority,27069,16494,16443019.0
remains,25879,20949,16437394.0
preparedness,23696,11143,16388974.0
dedicated,29056,22737,16346326.0
able,31042,22226,16334054.0
latest,30511,23830,16299450.0
date,32676,20895,16250588.0
assessment,24620,12609,16216595.0
climate,29212,10295,16209549.0
large,27421,20362,16179746.0
original,38628,34861,16134550.0
reducing,27497,20366,16129364.0
consumer,33534,15066,16090844.0
target,26898,17076,16041866.0
receive,28007,21250,15998427.0
table,24268,8964,15996594.0
older,28022,13654,15991015.0
vision,26119,12781,15963942.0
meet,27493,21267,15961595.0
read,25655,17758,15961372.0
bill,30056,13324,15960650.0
small,30413,20583,15953909.0
talk,31642,19225,15950170.0
obesity,29315,9755,15936019.0
daily,28274,16878,15923654.0
district,25324,12296,15886822.0
infant,27336,8824,15855361.0
con,26698,5451,15847442.0
epidemic,25161,14685,15839915.0
prevalence,26430,10538,15799145.0
transmission,25086,12523,15778614.0
record,27885,17173,15738471.0
percent,23290,9925,15691633.0
january,23114,16447,15674587.0
reduction,25902,13504,15673002.0
healthier,25502,17322,15648391.0
option,30321,19751,15644436.0
parent,28899,14724,15634484.0
present,27204,19424,15634480.0
driven,24519,16695,15598223.0
respiratory,25762,11472,15579458.0
given,25952,19765,15553046.0
ongoing,26933,20872,15540776.0
currently,28759,22526,15510749.0
highlight,26798,20661,15481633.0
gaza,28180,5035,15458207.0
create,27427,21548,15454923.0
advance,27603,19322,15349354.0
got,37042,21988,15344159.0
self,26759,10736,15314442.0
ministry,20041,10133,15273896.0
monitoring,23275,14169,15250681.0
mortality,25987,11300,15221386.0
smoking,26728,7901,15187818.0
kid,31138,15412,15168299.0
society,27352,16820,15118826.0
far,27751,21854,15113012.0
let,33913,22444,15111065.0
salud,21990,4337,15108851.0
loss,28410,14169,15074154.0
size,23396,11514,15040327.0
offering,25576,19573,15035689.0
throughout,25860,20646,15031953.0
give,29733,22604,14968494.0
developed,26167,18664,14962128.0
europe,24259,12348,14960132.0
promote,22427,17761,14930505.0
july,27692,16562,14901892.0
serve,25297,19090,14893269.0
hope,28393,20160,14885107.0
professor,26823,16773,14849119.0
identified,24530,16955,14825576.0
west,27829,14542,14802130.0
highest,24913,17193,14782453.0
difference,25680,14881,14781421.0
detection,24140,11800,14759157.0
setting,24403,16685,14750519.0
form,26205,18501,14733201.0
demand,25634,15239,14721273.0
greater,23543,16653,14701373.0
scientist,27890,15864,14674079.0
identify,25024,18273,14658568.0
beyond,24953,19863,14658220.0
along,25194,20280,14605756.0
regulation,24662,14069,14605204.0
oral,26951,9344,14582755.0
sign,26566,18906,14573541.0
white,25625,15517,14571206.0
understand,26418,20372,14531853.0
men,25091,10148,14518885.0
despite,23742,18968,14454206.0
seen,26997,21307,14434253.0
trust,21561,12680,14398526.0
job,26446,15710,14378553.0
asia,21141,10412,14368595.0
prnewswire,52855,27207,14357447.0
build,24960,19010,14341227.0
application,24855,13983,14298788.0
six,26495,18571,14297691.0
pressure,27545,13150,14291128.0
recently,24362,20836,14289866.0
little,32761,20717,14277784.0
everyone,26359,20239,14217889.0
central,24295,16593,14191526.0
gap,20591,14040,14191478.0
clean,25057,14519,14188051.0
video,23109,15752,14182380.0
helping,25609,20797,14179821.0
expertise,25900,17579,14167654.0
power,26308,17871,14165123.0
put,28769,22603,14164490.0
supporting,24647,19864,14121743.0
medication,25465,12164,14094723.0
similar,25026,18977,14093048.0
eye,26204,11136,14075916.0
largest,25167,19135,14070284.0
advocate,23943,15674,14037002.0
location,25145,16727,14034514.0
status,21340,12654,14014208.0
council,22272,11834,13976627.0
former,26019,16757,13964918.0
conducted,21579,13182,13897131.0
robert,26762,16833,13880788.0
diagnosis,24681,12920,13873887.0
programme,14659,6607,13814712.0
history,25554,17675,13808607.0
space,24514,13707,13795744.0
recommended,21597,14837,13775995.0
clear,25773,20552,13773280.0
ani,13317,5722,13736723.0
towards,21406,15107,13718492.0
una,23320,4461,13708965.0
active,23001,14923,13703377.0
morning,39569,18002,13695950.0
intermountain,19364,1765,13690604.0
sustainable,19748,13537,13680469.0
launch,24057,14357,13680310.0
continues,24407,20617,13679930.0
sure,27143,19640,13665742.0
update,28105,20949,13654458.0
viral,23865,10237,13653099.0
material,21757,13360,13647627.0
performance,23503,13026,13603117.0
affected,23695,17192,13592687.0
strategic,22712,14676,13564110.0
regulatory,24990,13961,13538685.0
est,29739,6949,13528831.0
stay,26338,19803,13511677.0
sleep,28713,6530,13480769.0
feel,27272,17564,13453266.0
interest,23100,15465,13447556.0
guideline,22024,11655,13430528.0
highly,23843,18740,13424947.0
season,24822,11359,13411261.0
success,21590,15868,13396463.0
coming,31287,23305,13387306.0
rural,19267,9393,13380974.0
average,22885,13623,13345997.0
fact,28397,20743,13340216.0
shared,20238,15224,13321025.0
half,26247,19884,13319766.0
capacity,18541,12207,13318710.0
preventive,18845,10955,13281789.0
something,28836,18963,13280329.0
scale,21861,14459,13245870.0
dose,26194,10582,13244444.0
head,26819,19390,13235721.0
close,23918,18939,13170135.0
fight,23447,16695,13136899.0
disorder,27847,12494,13108047.0
fever,21831,11360,13094980.0
globally,22063,16108,13081476.0
por,22702,4339,13076389.0
rise,21987,15747,13075417.0
mark,23728,17981,13069055.0
promoting,19338,14837,13064997.0
burden,21743,13446,13032584.0
distribution,20520,11411,13022722.0
unique,24152,18647,13017021.0
move,23745,18515,12994177.0
immune,23245,12143,12969078.0
stop,24162,17462,12953836.0
figure,20475,11281,12941815.0
user,23340,11846,12940391.0
rapid,21046,12953,12933349.0
hepatitis,24202,4118,12922012.0
operation,23638,16304,12896781.0
vital,20868,16752,12893521.0
diagnostics,23131,7224,12889949.0
choice,23079,14977,12889787.0
rising,21980,13875,12877651.0
relationship,21177,12372,12871969.0
third,24526,18771,12843630.0
budget,18039,9181,12830912.0
always,25253,18850,12822171.0
emerging,21573,14534,12784422.0
dengue,21239,4203,12768827.0
link,20532,14320,12733471.0
image,18176,11299,12727928.0
comment,19390,12796,12725821.0
improvement,21092,13512,12716851.0
single,24262,16554,12706357.0
name,24873,17615,12698297.0
discussion,19285,14236,12682022.0
assembly,12251,5957,12679714.0
whole,22851,15326,12655650.0
diagnostic,21763,8632,12631684.0
bring,24826,20470,12621266.0
brain,28419,11170,12585394.0
college,24108,12786,12579313.0
conference,21813,10226,12576005.0
phase,30446,11176,12567651.0
yet,22691,19163,12566241.0
ago,23406,18926,12558026.0
pharmaceutical,25905,11325,12550171.0
coalition,17607,6008,12522569.0
launched,19554,16315,12486880.0
stage,23843,15196,12477901.0
personal,21532,15048,12470239.0
monday,22434,13721,12459077.0
affect,23638,17712,12442344.0
save,23039,15940,12408831.0
middle,21375,14367,12390053.0
baby,24698,10537,12375668.0
required,22345,17213,12366975.0
preventing,20052,15943,12355523.0
black,26346,10546,12347448.0
sport,25297,15076,12339799.0
device,27361,12714,12329991.0
generation,21391,15192,12303750.0
matter,22246,17564,12210275.0
san,22588,10022,12192533.0
employee,22014,10984,12185663.0
join,24691,18205,12125064.0
score,18895,5794,12124462.0
natural,22810,13692,12121194.0
informed,20605,14931,12084984.0
remain,18534,15392,12080696.0
east,20752,12866,12079627.0
institution,19135,12923,12056495.0
substance,19778,10337,12042466.0
money,24076,13668,11995464.0
certain,23264,17364,11983316.0
engagement,18100,11649,11981678.0
pathogen,19088,8745,11956031.0
improved,19364,14797,11954328.0
position,21127,14441,11924133.0
earlier,20629,16633,11918274.0
degree,26047,13719,11897275.0
facebook,18005,14573,11874217.0
estimated,21156,14127,11843562.0
contribution,17531,11899,11837377.0
milk,21243,4867,11828060.0
responsibility,16461,14028,11809117.0
later,23075,18183,11802882.0
alcohol,22445,7422,11766471.0
additionally,18474,13520,11757187.0
hhs,18371,7398,11745168.0
art,20412,10244,11732331.0
approved,22677,15255,11714405.0
forecast,23686,10761,11700288.0
longer,20456,15811,11694641.0
tick,19983,2506,11689274.0
lab,21205,10262,11678199.0
travel,19522,10394,11648789.0
legal,18300,12991,11648160.0
considered,20325,14972,11633699.0
lack,18508,13499,11609120.0
tuesday,19241,13267,11590979.0
mother,20527,9613,11564118.0
december,18462,12783,11562932.0
strengthen,16564,12104,11543842.0
friday,21623,14507,11520233.0
never,23508,17597,11505336.0
advancing,21254,15510,11481687.0
cardiovascular,21259,9628,11479796.0
february,17948,12739,11476341.0
done,21603,17084,11408468.0
session,20351,10278,11403342.0
serious,21995,17343,11387325.0
advancement,17859,12088,11386756.0
detail,22140,17898,11370988.0
left,21947,16284,11368886.0
dietary,18998,7214,11358679.0
complex,20206,14588,11347373.0
design,19860,10835,11347265.0
implementation,16281,9268,11345859.0
google,18494,3601,11344754.0
showed,19568,13210,11336869.0
course,23188,16009,11315899.0
started,21497,16541,11308603.0
continued,18813,15585,11275682.0
strain,20153,9919,11262714.0
approval,22048,12059,11261819.0
florida,23044,9347,11255496.0
vaccinated,20081,10465,11224431.0
journal,19928,12423,11211574.0
centre,16266,8173,11207377.0
reporting,20243,14212,11206305.0
guidance,17431,11876,11171834.0
client,19677,9844,11159539.0
noted,15970,12495,11136549.0
established,20061,15885,11130184.0
approximately,19779,14302,11112277.0
expand,17857,14017,11103772.0
linked,19148,13390,11098555.0
held,19836,15397,11077658.0
linkedin,16732,13502,11025546.0
situation,19377,13829,10980647.0
vulnerable,18978,13752,10978399.0
nonprofit,19406,13941,10956833.0
list,20685,13942,10955177.0
youth,18913,7096,10930088.0
function,19593,10454,10926317.0
therapeutic,25619,10594,10898950.0
via,19402,11907,10896464.0
maternal,19757,6149,10895297.0
thursday,19011,13064,10889569.0
ever,21535,17516,10881176.0
african,17041,8231,10873150.0
behavior,17119,9025,10870490.0
diverse,18013,13738,10863266.0
potentially,20435,15657,10851144.0
copyright,15053,13385,10845572.0
park,20536,9659,10774726.0
though,20209,16215,10774233.0
book,21196,9846,10765508.0
saving,20404,13987,10757934.0
special,19635,14143,10743906.0
toward,18147,14395,10738566.0
caused,19738,15116,10736305.0
exercise,17511,8103,10735251.0
learning,17406,11175,10725874.0
addiction,21519,6705,10721977.0
necessary,16956,13925,10718610.0
request,18866,12740,10702486.0
existing,16782,12891,10701858.0
actually,24891,15729,10696391.0
pain,21590,10590,10675923.0
thank,25152,16965,10660212.0
birth,17956,7010,10636254.0
political,17197,11395,10633460.0
anti,19921,10646,10617747.0
intake,15936,4464,10607991.0
aged,16385,9189,10591712.0
wednesday,17893,12533,10589682.0
check,21510,15147,10580962.0
previous,18308,13272,10570389.0
urban,16372,6562,10560529.0
recovery,19537,8550,10557055.0
believe,22705,18462,10531577.0
court,19369,8690,10529720.0
away,21319,16831,10517695.0
chemical,20693,9211,10459523.0
taken,18351,14853,10446812.0
deliver,18788,15922,10430842.0
supported,17951,13976,10413169.0
sharing,14467,10334,10411715.0
barrier,15737,10474,10402624.0
class,21505,12403,10392139.0
force,18714,13183,10387824.0
accessible,16785,12897,10385315.0
production,17215,10548,10366123.0
amount,18537,13433,10353200.0
attention,17188,13546,10342267.0
interview,16801,11516,10333034.0
usa,18306,9131,10328934.0
influence,15670,10357,10325006.0
price,20079,10076,10317582.0
consumption,15907,7009,10304965.0
advocacy,15628,10461,10292514.0
traditional,17497,10602,10240883.0
cover,17171,13328,10235969.0
dairy,16610,4903,10217319.0
achieve,17037,13854,10194151.0
effectively,16256,13137,10190863.0
candidate,20816,9288,10170913.0
energy,19082,10426,10162710.0
nicotine,20427,3186,10146133.0
john,19568,12652,10141393.0
scholar,13756,2763,10138491.0
run,18355,13823,10125998.0
respond,14001,11154,10125260.0
rare,21467,9226,10123868.0
idea,18725,13341,10121450.0
responsible,17868,15010,10104366.0
estimate,19719,13058,10102976.0
observed,16376,7634,10100244.0
treat,20557,15558,10071399.0
integrated,16031,11326,10067500.0
direct,18866,11891,10059486.0
effectiveness,17128,12670,10059458.0
framework,13067,7579,10047838.0
recognized,17422,13637,10029300.0
contribute,16056,13140,10017785.0
disparity,15829,9591,10013006.0
involved,17634,14168,10000304.0
temperature,24293,10227,9997255.0
farm,17859,6797,9996444.0
eating,16921,8853,9986773.0
congress,19224,9960,9981355.0
outside,19197,15246,9965381.0
workforce,15940,8144,9952940.0
weather,27184,16416,9943111.0
dos,16915,9132,9937294.0
nationwide,17115,13074,9930425.0
career,17722,10678,9916994.0
nursing,15073,5227,9913229.0
biden,16046,7974,9904759.0
union,14434,8308,9893754.0
gmt,20979,20798,9883796.0
routine,15438,10246,9877424.0
liver,22851,5274,9875381.0
dan,15604,4512,9872792.0
ahead,17931,15172,9849507.0
red,18629,9453,9832264.0
although,16696,12618,9824827.0
download,27587,25111,9822158.0
thousand,19494,15454,9805024.0
urgent,17743,13282,9801690.0
minute,20311,13783,9787353.0
tell,22795,16805,9786917.0
host,17986,11483,9760692.0
creating,15983,13507,9750367.0
reduced,15749,10922,9732932.0
skin,19361,7831,9728674.0
yeah,27080,11808,9722881.0
main,16765,12281,9718001.0
note,16635,13444,9716171.0
pet,20736,4683,9704208.0
educational,16134,11443,9703987.0
protein,18115,6796,9702835.0
aimed,13855,11800,9701606.0
party,19091,12774,9700442.0
rsv,14507,2630,9693095.0
epa,17873,5442,9683187.0
reporter,26367,10310,9678607.0
behind,19123,15963,9672676.0
drink,17684,8459,9670114.0
unit,16162,9378,9664327.0
rule,18627,8990,9632647.0
reason,18696,14622,9612672.0
plant,16888,7275,9607315.0
broader,14824,11681,9581594.0
began,15838,13398,9579871.0
track,17775,14022,9575151.0
regarding,17706,11514,9551845.0
driving,17334,12357,9532546.0
stress,18253,10574,9528984.0
wide,16603,14122,9523970.0
protecting,16219,13022,9502697.0
european,16369,8430,9484054.0
enough,19001,14434,9477626.0
regular,15251,10453,9467343.0
cross,15284,9227,9463488.0
advisory,15956,8947,9451780.0
pay,18237,12421,9423708.0
canadian,13831,5081,9414208.0
street,19066,11756,9413259.0
html,28354,27107,9409223.0
feature,16343,11726,9397481.0
pre,16749,10379,9389409.0
released,16463,13097,9383313.0
enhancing,14633,11401,9377372.0
tested,15108,10054,9377015.0
representative,14714,10480,9365698.0
account,14774,10824,9360942.0
shown,16572,12358,9341051.0
previously,16582,12910,9340821.0
chair,15748,10598,9324274.0
founder,16852,12654,9321176.0
late,17937,14068,9319104.0
npr,22587,7067,9317263.0
produce,14394,9218,9315200.0
affordable,15407,9773,9308642.0
plus,20343,11682,9300442.0
side,21522,14105,9291505.0
movement,16031,10658,9279913.0
light,17836,12643,9241367.0
sale,18651,10391,9234177.0
pattern,14721,7820,9233207.0
driver,17077,9472,9224508.0
planning,14392,10531,9220858.0
sugar,17991,7236,9220742.0
room,16528,11665,9220427.0
die,17691,8035,9201760.0
pharmacy,14385,6091,9195854.0
cigarette,17477,4314,9164822.0
died,17010,11767,9158374.0
accuracy,12424,9417,9152413.0
expanding,14612,11942,9152251.0
hold,16048,13245,9148137.0
september,16188,11738,9133125.0
gov,16970,9716,9129889.0
seek,15287,12847,9128454.0
culture,15388,9495,9112645.0
appointment,13554,8711,9110001.0
hygiene,13929,6355,9107199.0
analytics,13721,5073,9092687.0
pregnancy,16907,6212,9077480.0
childhood,15081,9032,9070495.0
took,16391,13637,9065517.0
almost,17432,14391,9045341.0
vice,17196,12925,9042315.0
requirement,15201,10198,9036333.0
cleaning,14307,3976,9017967.0
collection,14646,7694,9012143.0
october,15511,11342,8992937.0
antibiotic,17112,4919,8981563.0
highlighted,11781,9618,8970116.0
final,15827,11203,8969969.0
opioid,17040,4337,8968119.0
dollar,19260,13270,8963966.0
night,20800,13292,8956639.0
pregnant,15233,7920,8953449.0
einpresswire,8782,8566,8927416.0
tuberculosis,12979,4773,8927327.0
stated,12740,9719,8915814.0
guide,14213,9957,8910209.0
thought,17354,12994,8897756.0
directly,15988,13318,8885605.0
heat,18377,5503,8884330.0
fluoridation,11911,3143,8878197.0
robust,13184,11013,8874656.0
adolescent,13299,5604,8871355.0
ein,9289,7487,8864676.0
sex,15027,5704,8853644.0
alliance,17474,7245,8795042.0
summer,17488,9581,8794952.0
bacteria,17275,7363,8794720.0
quickly,15906,13570,8781439.0
trying,18790,14157,8750822.0
stakeholder,13190,9356,8736542.0
limit,15481,10458,8721163.0
skill,13143,8113,8703070.0
pacific,13491,7185,8702273.0
served,14711,10644,8698221.0
topic,14227,11061,8679058.0
blue,18770,5471,8665882.0
achievement,13337,10341,8652769.0
avoid,15349,11594,8651574.0
index,13746,6195,8646990.0
strengthening,11608,8589,8644429.0
grow,15743,11233,8641456.0
independent,16092,11879,8633376.0
journey,13992,10348,8630807.0
begin,15681,13012,8629103.0
customer,18444,10676,8626595.0
love,19187,12173,8622756.0
segment,14909,6233,8617815.0
saying,19961,14607,8613932.0
genetic,17995,7720,8603600.0
component,13027,8848,8603192.0
came,16815,12963,8602996.0
specialist,14749,10567,8601201.0
hard,17310,14089,8584141.0
nih,16321,5902,8581314.0
harm,15753,8550,8579754.0
require,14394,11908,8578649.0
mass,15321,9562,8569759.0
gain,13961,10444,8568636.0
donald,16390,11040,8562383.0
fall,16055,11673,8561439.0
commercial,16546,9580,8555180.0
conversation,15528,10572,8552198.0
claim,16112,9830,8544061.0
fully,15263,13258,8513658.0
item,13560,7551,8513042.0
series,15552,10298,8505555.0
manufacturing,16840,8634,8495891.0
proud,15088,12666,8483460.0
assistance,14001,9307,8481330.0
division,13343,9903,8479203.0
ready,15699,11791,8471014.0
exposed,13744,9483,8459328.0
evaluation,13829,8868,8458765.0
short,14431,11275,8453407.0
message,14871,10392,8448052.0
chicago,16721,6738,8442313.0
underscore,14484,12361,8438454.0
geneva,8996,5395,8433967.0
utah,13058,4621,8430446.0
waste,13807,5352,8412014.0
connection,15484,11612,8391619.0
presented,14318,10307,8363423.0
gene,17918,5295,8363312.0
asked,14704,11274,8361309.0
property,15798,8863,8352895.0
maintain,13591,10880,8348747.0
syphilis,11778,1665,8344986.0
alternative,14172,8947,8340306.0
collaborative,11282,7637,8323272.0
version,13300,9935,8309052.0
resistance,15955,6376,8283329.0
serving,14364,10857,8274069.0
colorado,14362,4865,8269810.0
funded,13748,10661,8255796.0
targeted,13808,10765,8250461.0
housing,12876,6345,8230574.0
landscape,14420,9463,8230390.0
allow,15096,12139,8222073.0
joint,12947,8497,8206766.0
core,12770,9292,8195965.0
yang,12941,2386,8195527.0
player,14552,7702,8175781.0
serf,13549,11616,8174380.0
sick,14669,9749,8172931.0
shift,13627,10079,8170200.0
prime,12016,6499,8168345.0
someone,16194,12012,8165275.0
borne,13330,5665,8161726.0
august,13845,9828,8152413.0
deep,14965,11379,8142733.0
november,13196,9818,8141718.0
created,13631,11595,8140405.0
category,12581,7376,8139486.0
medicaid,14465,6421,8127602.0
shot,15332,8585,8126665.0
efficacy,16197,9233,8118121.0
complete,15309,12112,8115939.0
expansion,13869,8922,8109117.0
license,11960,9520,8108335.0
phone,16363,12498,8106129.0
raise,13945,11655,8099964.0
fat,14308,5459,8087294.0
helped,13474,11500,8073124.0
manage,12331,9837,8039369.0
brand,16774,9666,8030169.0
son,14983,8391,8029249.0
aging,12320,5533,8015111.0
vector,12095,3965,8012095.0
variable,10804,2850,8010092.0
equitable,10597,7840,8008128.0
avian,12081,4027,7996527.0
mobile,12495,7534,7995354.0
jan,14222,9236,7987615.0
accurate,14408,10172,7983815.0
near,16709,12613,7978486.0
equipment,14056,8421,7974987.0
presswire,7602,7115,7957965.0
worked,13817,11366,7948025.0
add,14462,11322,7946085.0
store,15816,9807,7939880.0
manager,12062,8575,7924728.0
game,17067,9120,7924639.0
mask,14943,4510,7922642.0
preventable,12577,9241,7907408.0
stroke,15306,5526,7886916.0
personalized,12723,7859,7881993.0
habit,11906,6977,7881066.0
dog,15748,4890,7875407.0
panel,13510,6925,7866626.0
updated,13071,10375,7865246.0
intelligence,13723,8985,7856319.0
stand,14699,12370,7850213.0
proposed,13221,8231,7845711.0
presence,13820,9772,7844897.0
requires,12153,9994,7840738.0
integration,10067,5933,7814015.0
poor,12694,9288,7809848.0
welcome,15734,12770,7803091.0
revenue,13261,6745,7802758.0
nature,14607,10081,7786085.0
seven,14673,11290,7778728.0
friend,15406,10437,7764054.0
moment,15513,12191,7762132.0
pediatric,15289,6791,7748721.0
consider,13309,10751,7748621.0
sunday,14750,9827,7730687.0
green,14451,7690,7722932.0
timely,11418,9299,7721639.0
info,13228,9107,7716884.0
exchange,15017,10243,7712156.0
typically,13626,11239,7709650.0
saturday,14899,9173,7708060.0
lost,13545,10566,7701744.0
instagram,12174,10188,7696352.0
complication,14901,9978,7695002.0
antibody,13967,5304,7688535.0
efficiency,11311,7945,7667709.0
successful,12273,10073,7666811.0
turn,14692,12302,7666097.0
assess,11935,8309,7653456.0
hundred,14731,12390,7646344.0
como,12764,3827,7645951.0
chance,17233,12841,7639866.0
software,12529,5372,7639233.0
senate,14848,7209,7627157.0
sexual,13127,5281,7615813.0
farmer,10334,4235,7611764.0
ground,13515,10491,7611647.0
capability,13073,9087,7606927.0
profit,13808,10806,7599455.0
net,12733,6171,7592749.0
participation,9818,6626,7584885.0
contained,13009,10892,7574931.0
negative,14119,8819,7568045.0
perspective,11857,9007,7558059.0
doi,13441,4539,7552681.0
economy,12755,8286,7539385.0
initial,12799,9509,7539384.0
cagr,12946,4310,7539375.0
academic,13643,8487,7538109.0
behavioral,12500,7643,7535767.0
republican,15383,7997,7527298.0
focusing,11873,10532,7525950.0
road,15563,9879,7517161.0
try,15768,12314,7513783.0
contract,16671,8049,7510062.0
subject,16460,10549,7506096.0
incidence,12057,6464,7502223.0
purpose,13058,9980,7494186.0
western,12247,8951,7485447.0
belief,14858,11582,7485262.0
seeing,16476,11993,7477387.0
maintaining,11789,9090,7472447.0
acid,12002,4227,7464151.0
brings,13114,11532,7455064.0
starting,14117,12172,7451526.0
deal,15757,10377,7444783.0
text,11729,6879,7438618.0
prior,12900,9136,7418505.0
procedure,14235,8024,7400611.0
variant,12838,4528,7397254.0
became,12781,10065,7395551.0
fruit,11629,5008,7388806.0
majority,13157,10472,7385945.0
combat,13039,10353,7384827.0
explore,13231,10727,7380463.0
adoption,10156,6062,7370748.0
attack,15184,9034,7361646.0
alone,13590,11446,7356995.0
managing,12506,9944,7349279.0
citizen,11657,7871,7342205.0
recognition,13049,9212,7333678.0
investor,17119,8390,7327815.0
hearing,16042,7826,7327219.0
section,14094,8385,7323392.0
entire,13614,11797,7302711.0
twitter,12627,10276,7296768.0
either,13622,11313,7293842.0
issued,12344,9752,7287979.0
organisation,8104,5558,7287874.0
hypertension,14910,4849,7282874.0
delivering,11847,10211,7273241.0
publication,11492,7218,7262525.0
injury,13598,6852,7256112.0
seeking,12668,10233,7251383.0
summit,10702,3919,7249419.0
followed,11946,9684,7246206.0
commission,15692,9687,7243687.0
schedule,12675,9023,7238742.0
investigation,14499,9506,7235871.0
chain,12733,8324,7234063.0
mind,13257,10236,7224735.0
carolina,12947,6367,7204444.0
photo,12851,8307,7190615.0
extensive,11516,9947,7184110.0
dynamic,11891,8049,7177450.0
capital,13409,8393,7171535.0
wrote,11364,7640,7168683.0
walk,14780,7874,7166266.0
saw,13478,10750,7160861.0
justice,13622,6486,7147274.0
aspect,10909,8531,7139429.0
cannot,12803,11028,7135297.0
widely,11552,10103,7127146.0
expanded,11947,9300,7116131.0
vote,13900,7282,7108236.0
technical,10409,7686,7106979.0
surgery,13203,5584,7099726.0
adding,11959,9740,7094551.0
cent,8534,3094,7088558.0
excellence,13349,8405,7083998.0
southern,13117,8396,7082780.0
chikungunya,11027,1540,7078966.0
proactive,11893,8802,7078388.0
novel,16185,10142,7077987.0
war,16354,9009,7067679.0
spending,12058,6872,7064359.0
household,11785,5825,7059162.0
rather,12192,10104,7057268.0
demonstrated,12416,9128,7054055.0
raw,11708,4023,7053579.0
mechanism,12004,7754,7052570.0
lung,14474,6698,7046911.0
spring,16648,9562,7024459.0
page,13306,9375,7020955.0
israel,17080,5618,7017599.0
zone,16221,4404,7012200.0
voice,13402,9543,7010117.0
radio,19308,12227,7009225.0
represents,12732,10717,7004170.0
beginning,12187,10568,6996201.0
resilience,10804,6622,6974708.0
youtube,9970,7399,6968174.0
poultry,10947,3903,6951010.0
indian,9739,5175,6948681.0
mexico,12432,6576,6942721.0
coordination,8668,6329,6939512.0
hit,14269,11317,6935300.0
tax,13066,5630,6925749.0
difficult,12817,10763,6923063.0
usd,12152,3355,6909053.0
leave,12496,10065,6903993.0
eight,12642,9562,6900910.0
availability,11130,8403,6900272.0
cutting,12477,10304,6898853.0
humanitarian,11697,4874,6886809.0
thanks,14836,12329,6871927.0
ban,12060,5659,6870835.0
pest,13873,1836,6858333.0
island,12032,5845,6849887.0
word,15956,12034,6843292.0
monitor,11235,8511,6841338.0
man,16053,10575,6839650.0
experienced,12128,10128,6828721.0
corporation,11806,6440,6827659.0
border,11606,6708,6824481.0
teeth,10251,4137,6822209.0
transmitted,10332,6727,6813947.0
closely,11472,10262,6809076.0
reference,11210,7182,6796014.0
multimedia,22343,22099,6796013.0
everything,14861,11900,6791477.0
meal,12433,5552,6785473.0
instead,12134,10227,6771049.0
purchase,11373,8422,6768494.0
epidemiology,10621,6442,6767046.0
underserved,10135,7294,6753073.0
modi,7320,2038,6751577.0
appropriate,10536,8388,6750400.0
charge,13557,10152,6749225.0
kidney,17601,4536,6744609.0
surge,10621,7178,6740200.0
context,10111,6735,6728750.0
immediate,12560,9728,6718957.0
certified,11405,7589,6711819.0
contributed,9251,8228,6709510.0
specifically,12091,10087,6708016.0
protocol,10383,6876,6707265.0
car,16509,8353,6706446.0
allows,11821,10364,6687086.0
decline,10688,7315,6680065.0
implement,10295,8757,6676689.0
smoke,11708,4525,6674219.0
salt,10876,4777,6670527.0
founded,12890,11279,6670360.0
michigan,11732,5518,6666654.0
collected,10659,6454,6665624.0
contributing,10528,8950,6663020.0
multi,12926,9304,6660488.0
marketing,12456,8273,6651209.0
angeles,11283,6332,6647978.0
tedros,6340,3779,6647355.0
changing,12428,10504,6647194.0
basic,10743,7615,6642919.0
encourage,10550,9016,6629806.0
universal,9109,5510,6629256.0
bit,16619,11190,6611405.0
theme,8097,5690,6596102.0
variety,11506,9580,6593146.0
cleanliness,6588,2583,6585901.0
paper,11010,6600,6583809.0
agriculture,10591,7086,6573180.0
built,11491,9177,6565941.0
vitamin,12525,3591,6560462.0
france,9994,5363,6559636.0
cannabis,10137,1286,6557070.0
illinois,11197,4081,6552152.0
vegetable,10223,4562,6550016.0
creative,10355,4153,6543919.0
language,10509,6174,6537727.0
sense,11622,8823,6537323.0
supplement,15160,6434,6533400.0
operating,10997,7559,6528836.0
dedication,10651,8711,6518166.0
break,14053,11706,6510761.0
treated,12170,9063,6508868.0
david,11778,7815,6507351.0
immediately,10616,9080,6498319.0
newborn,13107,3574,6494018.0
particular,11187,9443,6484938.0
volunteer,11173,5761,6475928.0
round,10718,7283,6472532.0
manufacturer,11109,7583,6470780.0
ten,12163,9635,6464488.0
therefore,10564,7075,6459099.0
commissioner,10111,5973,6458219.0
selected,11007,7012,6457512.0
oil,13314,4684,6431886.0
born,11647,7424,6429564.0
yoga,8940,1653,6425607.0
enhanced,10769,8250,6413235.0
front,13355,10182,6412251.0
detailed,10062,8418,6400653.0
decrease,10622,7307,6392661.0
globe,18379,16182,6386595.0
annually,10856,9180,6383659.0
territory,10453,7182,6369361.0
outreach,9722,6418,6367822.0
pose,11035,8979,6367454.0
century,11876,8840,6356587.0
london,10048,5920,6350932.0
went,13757,10656,6341428.0
relevant,9573,7241,6339220.0
lake,11470,5770,6335949.0
hospitalization,10772,6316,6331843.0
molecular,11789,4686,6327111.0
sometimes,12142,9657,6324256.0
specie,11722,4784,6323745.0
implementing,8878,7285,6313018.0
confidence,10629,8330,6308483.0
easy,13799,10989,6307008.0
fire,15370,8065,6302414.0
eat,13069,7547,6300776.0
disclaimer,8006,7383,6299412.0
warning,13471,8986,6295712.0
highlighting,9527,8373,6294334.0
town,12202,7152,6289387.0
structure,10423,6554,6289326.0
talking,15061,10754,6284164.0
reached,10030,8759,6279875.0
immunity,11623,6939,6278481.0
detect,10123,7170,6275547.0
fostering,9725,8031,6263925.0
objective,9248,6925,6260284.0
governor,11999,6953,6258186.0
brought,11754,10184,6255476.0
male,10711,4367,6252573.0
detected,10191,6356,6246442.0
yes,14707,9825,6245325.0
engage,10300,8398,6244474.0
female,10821,4935,6234717.0
base,11776,6319,6234552.0
fresh,11584,6625,6229102.0
honor,12484,8188,6223858.0
upon,11203,9564,6214413.0
characteristic,9542,4314,6204278.0
bringing,11165,9856,6201576.0
cultural,9674,5921,6200141.0
app,12914,6536,6177510.0
accept,8655,8012,6177375.0
remove,10232,7875,6173716.0
spreading,10817,8382,6172392.0
technique,9939,6274,6171175.0
relief,12704,6829,6163858.0
reaching,10259,9063,6158950.0
acute,12748,7321,6156650.0
nutritional,10492,5102,6156357.0
task,9981,6569,6154832.0
reliability,7560,6591,6153759.0
rest,11806,9070,6150257.0
anyone,11789,9655,6130242.0
caregiver,10677,5505,6124679.0
province,8702,4392,6118974.0
expressed,9589,8200,6113958.0
nutrient,11182,4613,6112950.0
tailored,9502,7741,6104160.0
prescription,10813,5363,6103481.0
historic,8262,6050,6102167.0
return,11698,9338,6100062.0
simple,11562,9158,6094735.0
met,10979,8463,6087395.0
violence,13013,4466,6084151.0
widespread,10679,8949,6083174.0
ultimately,10653,9347,6078744.0
associate,10942,7584,6077859.0
assistant,9426,6838,6077828.0
determine,9884,7645,6075105.0
fast,13013,9951,6070520.0
cough,10868,5336,6070329.0
allowing,10696,9272,6069968.0
police,15654,7210,6066652.0
rapidly,10202,8680,6054610.0
path,10421,7869,6051813.0
whose,10536,9197,6049872.0
background,10961,9086,6042790.0
promotion,8985,5742,6039350.0
metabolic,10463,4184,6038671.0
consistent,9983,7836,6038456.0
collective,9265,7347,6031980.0
code,11240,6311,6024094.0
broad,11888,9653,6021530.0
completed,10353,7991,6018933.0
substantial,9824,8018,6010262.0
proven,12130,9834,5999837.0
primarily,9423,7968,5984225.0
eastern,9621,6807,5979360.0
conclusion,9026,7281,5978018.0
eliminate,9370,7052,5976315.0
inspection,10636,3831,5975926.0
pivotal,9845,8180,5968956.0
normal,10673,7613,5968141.0
assay,9610,2407,5961427.0
veterinary,13015,5262,5957144.0
valuable,10167,8681,5956784.0
channel,9406,6286,5956709.0
allergy,11118,3787,5950215.0
happen,12110,9955,5946882.0
phd,13006,6653,5939508.0
owner,11393,7350,5936324.0
uncertainty,15868,8590,5934041.0
fit,9869,6084,5930902.0
quarter,10995,6621,5922740.0
australia,9881,5417,5914983.0
foster,9302,7687,5907538.0
watch,12226,9308,5906986.0
diagnosed,10225,7271,5902907.0
feb,11295,6529,5901086.0
milestone,9999,7920,5899418.0
answer,11456,8448,5899102.0
disability,9345,5519,5886272.0
elimination,7595,3456,5884304.0
profile,10855,7837,5882815.0
edge,10938,9395,5872579.0
meaningful,9061,7413,5871227.0
enable,10173,8051,5868491.0
announcement,11036,9263,5863659.0
introduction,8770,6371,5855513.0
compound,10566,5346,5854856.0
dna,10238,3567,5854704.0
facing,10853,9586,5849985.0
specialty,10571,6717,5849816.0
biological,12636,7816,5839822.0
determinant,8205,4872,5837742.0
muscle,10666,5570,5828348.0
tip,10794,7397,5821889.0
nine,9624,7623,5818814.0
resolution,7721,3835,5816263.0
described,10575,7499,5813069.0
kit,9768,4247,5812605.0
performed,9226,5053,5812119.0
weekend,13897,9238,5812058.0
girl,10015,5195,5792266.0
achieving,9428,7747,5791513.0
affair,10743,8693,5786246.0
transparency,10315,6155,5785687.0
calling,10704,9274,5775208.0
indicator,7680,4123,5772441.0
letter,9768,5688,5771827.0
door,10984,7740,5771354.0
llc,9889,5773,5762192.0
powerful,11747,9895,5759887.0
pour,11697,1777,5758620.0
dementia,10477,2506,5738317.0
advice,10089,7499,5738070.0
sustainability,8735,5184,5734469.0
consequence,10445,7999,5719496.0
northern,10119,6145,5717753.0
peer,10141,7266,5713559.0
gender,8377,4174,5704011.0
modern,10739,7943,5699428.0
cognitive,11211,4631,5692570.0
prepared,9839,7803,5677945.0
criterion,9325,4094,5675945.0
sanofi,8322,1502,5675566.0
failure,12207,7178,5672823.0
defense,12170,8469,5662394.0
receiving,10006,7798,5662223.0
respectively,8436,4670,5659870.0
cold,12666,7201,5659062.0
bank,11385,6067,5655932.0
combination,13201,7433,5651900.0
giving,11095,9486,5650613.0
maybe,13621,9156,5649262.0
offered,8813,7345,5648474.0
negotiation,6010,3407,5644868.0
thebusinessresearchcompany,6451,1093,5644803.0
suggests,10044,8011,5644012.0
sanitation,8590,4162,5643989.0
document,9556,6703,5635353.0
win,11579,7687,5634612.0
foreign,9780,5519,5629590.0
spent,9858,8264,5629436.0
empower,9671,8382,5629353.0
reform,10788,7650,5627318.0
johnson,12828,6438,5627094.0
ask,12217,9329,5623481.0
trusted,9705,7917,5619999.0
rich,9422,6861,5619847.0
usually,10465,8758,5617780.0
mayor,10401,5619,5617744.0
ingredient,13031,6154,5612470.0
interaction,8827,5492,5609902.0
strength,9587,6423,5609047.0
efficient,8664,6614,5605321.0
demographic,8181,5152,5599828.0
experiencing,9471,7531,5598613.0
carter,9512,1581,5598046.0
dentist,8397,3231,5594418.0
star,11093,5986,5591595.0
brazil,9278,4205,5582651.0
fair,9034,5723,5579814.0
reliable,8988,7329,5573404.0
connect,9228,7796,5572138.0
announces,12180,8545,5565994.0
tooth,8949,3929,5562933.0
harmful,10194,7074,5561625.0
accelerate,9840,7060,5545150.0
affecting,9783,8252,5533472.0
recorded,8366,6180,5532660.0
complaint,7824,6703,5527289.0
dangerous,11208,9195,5524296.0
indigenous,6657,2482,5522373.0
concentration,9926,4209,5520820.0
presentation,11143,6078,5517666.0
enabling,9165,7225,5515742.0
inform,8724,7506,5512418.0
revealed,8747,6319,5511763.0
statistic,9427,6698,5510957.0
sent,9536,7860,5508478.0
safer,9201,6934,5506488.0
boost,8992,6979,5503878.0
compliance,9534,6326,5494613.0
send,9806,8217,5485336.0
increasingly,9585,8031,5480184.0
legislation,9709,5791,5469960.0
disaster,8907,5138,5465236.0
portfolio,11466,7854,5462082.0
percentage,8919,5519,5456600.0
reading,8856,5335,5456329.0
gate,8119,3383,5454639.0
implemented,7750,6387,5444434.0
discovery,10732,6892,5442301.0
furthermore,8356,6026,5430350.0
ebola,8263,3601,5429209.0
stock,10399,5202,5426114.0
identifying,9691,7756,5425223.0
surface,10589,5706,5419358.0
proposal,9430,5252,5412105.0
egg,11339,4172,5408442.0
soon,10276,8965,5402457.0
participate,9023,7011,5401475.0
bone,10108,4299,5400994.0
rabies,8721,1110,5397332.0
feeling,10417,7664,5395729.0
bite,9216,4656,5392906.0
instance,8366,6517,5389736.0
alongside,9070,8208,5383787.0
crossref,7636,514,5382050.0
search,8971,5069,5379726.0
une,10755,1452,5377306.0
targeting,9455,6885,5370938.0
agenda,8068,5703,5367644.0
quote,12531,6591,5363585.0
remote,8239,5570,5360682.0
communicable,6593,3987,5359098.0
delay,10123,7332,5352236.0
excited,10611,9058,5351172.0
emphasized,7347,6088,5346608.0
push,9480,7995,5343100.0
true,10757,8700,5337146.0
adverse,10999,6241,5334105.0
covered,9007,6903,5327176.0
showing,10253,8581,5324954.0
reflect,9902,8355,5321103.0
practical,8567,6531,5309616.0
domestic,8307,5627,5309055.0
tree,8595,3589,5308942.0
holistic,8752,6414,5303670.0
blica,7160,3395,5302308.0
overdose,11510,3386,5297704.0
moving,11334,9368,5295148.0
specialized,8222,6390,5293309.0
donor,10402,4261,5290380.0
damage,11387,8383,5287619.0
practitioner,7770,5024,5281184.0
eligible,8813,6058,5274199.0
located,8629,7360,5273714.0
reaction,12792,6619,5270359.0
suggest,9201,7480,5268878.0
cooperation,6462,4632,5266509.0
relation,9827,7941,5264745.0
contagious,9265,6417,5260074.0
lesson,8024,5451,5258591.0
valley,10889,5559,5256590.0
wastewater,7638,2617,5255953.0
becoming,9819,8472,5250241.0
village,8046,3943,5245646.0
larger,8392,6461,5243904.0
speaking,8776,7620,5238254.0
liability,6577,5739,5225636.0
ltd,9634,3959,5218405.0
pakistan,7037,2549,5215293.0
hill,11189,6218,5210857.0
projected,8260,5571,5209372.0
screen,10031,5743,5208360.0
actual,12787,9484,5202207.0
restaurant,9875,4493,5201787.0
opinion,8701,5616,5198693.0
virtual,9347,5495,5194993.0
contain,9589,7876,5193828.0
japan,9974,4982,5189219.0
river,9425,4952,5188889.0
tomorrow,13529,8769,5187389.0
military,11116,6149,5187125.0
moderate,8531,5603,5185281.0
combined,8732,7256,5180045.0
speak,10565,9131,5175474.0
proper,8905,6117,5174336.0
spectrum,11820,7177,5173809.0
alert,10266,7139,5165025.0
advantage,8729,6289,5163815.0
winter,8729,4616,5159701.0
conduct,8713,7293,5155903.0
announce,9154,7631,5154217.0
registered,8139,6187,5148180.0
seasonal,7963,3871,5140600.0
defined,8368,5731,5136577.0
apply,8935,6994,5133462.0
meat,8898,3622,5133350.0
conflict,8958,5885,5127140.0
thus,8084,5854,5124020.0
concerned,10558,8939,5119504.0
actively,8367,7245,5117653.0
trained,7558,6371,5111221.0
michael,10869,7748,5109743.0
neighborhood,9894,6258,5108827.0
numerous,9766,8573,5107084.0
applied,7691,5239,5106695.0
label,9866,4580,5106679.0
treaty,6237,2148,5104459.0
smallpox,10602,3024,5101598.0
mrna,7078,2163,5098464.0
cavity,7117,3562,5097126.0
clinician,9096,5939,5094757.0
discus,8969,7550,5081924.0
reviewed,8142,6708,5073611.0
healing,7867,3333,5069379.0
weekly,7460,5141,5063447.0
stigma,7559,4701,5058257.0
prepare,8328,6829,5053949.0
awarded,9474,6126,5050118.0
achieved,8440,6293,5050037.0
bharat,5744,2473,5047310.0
happening,11032,8632,5045423.0
senator,10354,5588,5044872.0
medicare,9485,4966,5042310.0
delivered,7955,6972,5037819.0
electronic,9508,6484,5035402.0
raising,8691,7491,5034630.0
fewer,8807,7022,5028191.0
sort,11061,6933,5028137.0
processed,9781,4361,5026827.0
cure,11640,6006,5025527.0
inside,10770,8732,5022179.0
smith,7791,3842,5017968.0
edition,8862,5213,5014204.0
mandate,8091,5634,5014057.0
continuous,7589,6012,5013630.0
credit,8954,5634,5011087.0
promise,8656,7269,5010569.0
killed,10692,7024,5009967.0
vaping,9033,2005,5006288.0
harvard,8262,4782,5005260.0
democratic,9299,6376,5003663.0
declared,8486,6914,5001664.0
lasting,8609,7456,5000984.0
pharmacist,7378,2464,4999070.0
nigeria,7019,2447,4992447.0
heard,10803,9166,4979433.0
master,9504,6372,4977671.0
standing,8900,7283,4977589.0
agreed,7067,5830,4967529.0
urge,8290,6570,4965114.0
huge,9584,7898,4960264.0
recognize,8435,7319,4951925.0
massachusetts,9108,4503,4948786.0
implication,8686,6506,4946900.0
reserved,7689,6920,4946387.0
evaluate,8327,6427,4946238.0
oct,10178,5903,4945300.0
learned,8712,7014,4943234.0
pfas,10492,1271,4941468.0
virginia,8930,4401,4941202.0
anything,10510,8712,4937680.0
mmr,8608,3541,4937254.0
georgia,8489,4312,4937066.0
competitive,8998,6163,4932716.0
boston,10371,5574,4927352.0
prioritize,8084,6771,4925380.0
certification,7954,3908,4923467.0
depth,8519,6795,4921550.0
station,10907,7417,4900298.0
element,7723,4807,4898301.0
accessibility,6985,5331,4895466.0
optimal,8250,6225,4895264.0
obtained,7550,4588,4895192.0
significance,7246,5549,4892945.0
land,10386,6637,4882327.0
thinking,9439,7050,4873779.0
resulting,8237,6887,4873260.0
antimicrobial,8602,2582,4873153.0
dec,8211,4601,4872898.0
pubmed,7148,1188,4870338.0
interested,9124,7603,4868926.0
mph,8570,4875,4868426.0
academy,9189,5796,4865705.0
hear,10909,8938,4863559.0
firm,9455,5860,4863389.0
wild,9144,5318,4862553.0
addressed,6730,5999,4857354.0
easily,9211,7797,4857256.0
reflects,7893,6684,4850218.0
bacterial,10433,4253,4849293.0
count,8616,5833,4846521.0
warranty,6387,6046,4845955.0
finally,8595,7108,4845724.0
younger,7878,5647,4839088.0
election,10148,5762,4837070.0
jersey,8453,3937,4831749.0
george,10301,5520,4826144.0
beverage,7477,3531,4824135.0
originally,7351,7013,4821679.0
amid,7232,6139,4819797.0
asthma,9758,3101,4818993.0
generally,8923,7430,4815459.0
artificial,8816,5581,4809985.0
editor,7657,6013,4807080.0
cohort,9987,3905,4804695.0
protective,8344,5667,4803775.0
rfk,9915,4723,4801288.0
alzheimer,12095,3320,4800521.0
passed,8262,6749,4800147.0
ensures,7461,6153,4800003.0
biggest,9293,7942,4793766.0
kindly,5631,5566,4788238.0
facilitate,7166,5954,4787589.0
principle,7114,5098,4783635.0
occur,9132,7858,4780195.0
causing,9385,8037,4771027.0
usda,9092,2980,4769104.0
keeping,8794,7651,4768323.0
impacted,8456,7368,4763096.0
holding,9693,6290,4760893.0
surgeon,8384,3971,4759850.0
champion,7776,4899,4749438.0
select,7654,5434,4748988.0
fear,9604,6933,4748153.0
depression,9430,4834,4744055.0
resistant,9760,4205,4742431.0
mild,8558,6443,4740785.0
bad,10364,7985,4738821.0
este,8227,3295,4736901.0
spot,10516,6962,4735744.0
coordinated,6981,5644,4723537.0
deputy,7751,5215,4721789.0
balance,8603,6252,4720979.0
civil,7766,5616,4719514.0
kansa,8267,3151,4715209.0
appeared,7809,6723,4710904.0
cloud,10806,5690,4708843.0
zero,8739,4002,4708314.0
wanted,9546,7252,4704526.0
dans,9631,1383,4693906.0
welfare,6055,4169,4693275.0
camp,9859,3053,4689447.0
outdoor,8596,4224,4688081.0
notice,7597,5480,4681361.0
newsletter,6924,5430,4680995.0
policymakers,7103,5382,4679369.0
biomedical,8706,5103,4674680.0
drop,9822,7253,4673578.0
centered,7027,5407,4669891.0
window,8414,4751,4667078.0
raised,8470,7444,4666122.0
introduced,7562,6370,4663550.0
judge,8180,4328,4660796.0
reality,8419,6792,4660575.0
draft,6439,3514,4660412.0
hpv,5913,1485,4658502.0
cholera,7417,1587,4657422.0
map,7827,4455,4652212.0
mostly,9706,7871,4651514.0
signed,7417,5891,4644548.0
tracking,8086,6219,4641328.0
treating,9248,7579,4626303.0
persona,7995,2744,4625086.0
remember,9947,7810,4616398.0
breastfeeding,7242,1690,4610735.0
walking,8081,4331,4606170.0
misinformation,7335,4572,4605553.0
pathway,8700,5502,4605487.0
min,8185,4810,4603477.0
analyzed,7548,5610,4594158.0
uae,4693,1489,4589438.0
dozen,8866,7371,4588413.0
truth,10792,4566,4585766.0
frequently,8173,6408,4583282.0
joined,8062,7168,4582435.0
campus,7526,4252,4577938.0
unicef,6745,3381,4577772.0
adopted,6074,4707,4574191.0
hot,9735,6181,4569988.0
establish,6839,5948,4565964.0
probably,10349,8126,4565331.0
engaging,7149,6140,4559291.0
covering,8156,7346,4559087.0
shape,7731,6292,4554168.0
named,8706,6560,4553590.0
cow,7945,3212,4552447.0
completeness,5251,5112,4549827.0
limitation,7239,4977,4536149.0
decreased,7165,4969,4532506.0
carry,8440,6956,4521781.0
chinese,8585,3600,4519859.0
buy,9439,6952,4519804.0
encouraging,7570,6796,4516674.0
fellow,8965,5842,4514587.0
produced,7517,6009,4511464.0
beach,9262,4289,4511095.0
breaking,9121,7347,4510419.0
concerning,8014,6738,4504713.0
respect,7486,5900,4504664.0
concluded,6194,5347,4502288.0
played,7261,6194,4498921.0
color,8179,5714,4497121.0
emotional,8100,5127,4496836.0
mentioned,7830,6303,4494404.0
allowed,7987,6534,4494369.0
leveraging,7235,6238,4493001.0
foot,8658,5947,4491060.0
autism,10090,3280,4489749.0
colleague,8140,6564,4487475.0
largely,7244,6492,4483661.0
podcast,7698,3566,4481442.0
sustained,6934,5394,4480954.0
continuing,8367,7433,4476955.0
fighting,8292,6606,4476008.0
ghebreyesus,4181,3482,4474500.0
explained,7224,5865,4470747.0
consistently,7652,6858,4466803.0
evolving,7603,6156,4466274.0
bmi,7380,1676,4465475.0
urged,5783,5072,4463150.0
sound,9812,7185,4462368.0
congo,6986,3318,4459199.0
successfully,8540,7335,4457276.0
opening,7779,5884,4457084.0
machine,7309,4326,4453631.0
click,7436,5888,4453069.0
database,6585,3952,4450901.0
contamination,7764,4573,4449010.0
deadly,8303,6671,4446227.0
serum,6804,2628,4444423.0
transportation,7080,5022,4442517.0
represent,8165,7264,4442345.0
discussed,6431,5391,4441973.0
transition,7602,5232,4439931.0
harris,8238,4004,4435978.0
transforming,7321,6871,4434756.0
republic,7710,4610,4425911.0
newly,6930,5671,4424660.0
bridge,7439,5319,4420236.0
sodium,7604,1837,4419264.0
mineral,7372,4044,4418088.0
bay,8587,4426,4412518.0
cat,7808,2900,4407233.0
establishment,7015,4587,4405476.0
joe,8149,5465,4404828.0
regardless,6833,6113,4400848.0
popular,8107,6585,4400715.0
recommends,7270,5828,4398467.0
nov,8138,4865,4397793.0
prep,6636,2262,4394730.0
pick,10121,6886,4393753.0
reduces,7030,6083,4392109.0
shortage,7805,4933,4388905.0
error,6955,4729,4387146.0
delhi,4960,3251,4382092.0
personnel,6636,5146,4366609.0
brown,8538,5862,4363132.0
stronger,6890,5731,4361961.0
mitigate,7353,5789,4360997.0
ecosystem,7583,5157,4360026.0
couple,10403,7697,4358663.0
pretty,10542,7823,4358467.0
removal,7070,3934,4355659.0
running,9495,7392,4354054.0
transformation,6680,4815,4353707.0
gun,11427,3158,4351019.0
recall,8057,3167,4349918.0
decay,6781,3561,4344686.0
restriction,7677,5070,4343083.0
friendly,8357,6258,4341332.0
race,8372,5198,4341071.0
nsf,5453,614,4337166.0
sant,6632,1736,4335914.0
pause,6976,3475,4333300.0
putting,8265,7413,4329952.0
qui,10455,1655,4326959.0
package,6754,4216,4323960.0
intended,8336,7131,4322481.0
investing,7165,5778,4320585.0
moreover,6768,4664,4318954.0
antiviral,9007,3960,4317870.0
governance,5172,3051,4317405.0
kenya,5744,2536,4314532.0
flow,7912,4935,4312192.0
indiana,6889,2434,4310817.0
debate,7472,5364,4309115.0
empowering,7736,6344,4305340.0
containing,7539,5549,4299427.0
bed,7821,4445,4297663.0
invest,6555,5443,4296241.0
ending,7619,5770,4294457.0
greatest,7639,7054,4293900.0
expect,10692,9100,4292113.0
challenging,7462,6465,4290674.0
preventative,7180,4865,4288449.0
transformative,6528,5499,4287064.0
protected,7484,6290,4285746.0
legacy,8487,5656,4285738.0
spokesperson,6992,4899,4283635.0
extreme,7916,4784,4279662.0
legality,4942,4896,4278613.0
faced,6546,5790,4268192.0
coffee,7650,2492,4266902.0
era,7212,5790,4265072.0
secondary,6915,4524,4264785.0
church,8134,3157,4260406.0
thailand,5273,1921,4257849.0
corporate,8620,6023,4257466.0
music,10341,5723,4256473.0
sub,6121,3954,4248225.0
celebrate,7732,5278,4244230.0
responding,6114,5453,4239980.0
operational,6697,5081,4239398.0
changed,8007,6825,4238973.0
surrounding,8068,7134,4238153.0
pollution,7200,4255,4235454.0
historical,7953,6231,4234479.0
lee,7439,3916,4232329.0
receives,6713,5693,4229955.0
mid,9609,6815,4226662.0
frequency,7025,3105,4223403.0
inclusion,6286,4959,4223368.0
determined,7552,5800,4221981.0
distributed,6378,5362,4221210.0
paid,7207,5343,4220543.0
pennsylvania,7869,4776,4210083.0
meanwhile,7159,6544,4206825.0
quit,8270,3145,4206662.0
ended,7429,5766,4203223.0
posted,6811,4963,4201339.0
financing,5835,3705,4196396.0
graduate,7065,4247,4195733.0
valneva,5286,329,4194951.0
clade,8450,1838,4189101.0
nothing,9179,7396,4184333.0
sars,7029,2779,4182758.0
participating,6239,5019,4178161.0
fitness,7073,3075,4177094.0
controlled,8472,6255,4176802.0
cattle,6636,2766,4172524.0
spoke,8045,6930,4172275.0
grand,8006,4536,4172130.0
bio,12019,3017,4171518.0
assist,7121,6089,4170757.0
consultation,6616,4503,4163110.0
identification,8465,4752,4162989.0
internal,7310,5404,4153514.0
recommend,7392,6258,4144939.0
recipient,8159,5299,4144228.0
cbs,10993,5301,4135097.0
workshop,5539,3191,4132363.0
phm,4049,421,4127507.0
integrating,6583,5487,4127456.0
root,7054,5144,4127114.0
aware,7569,6332,4127023.0
uganda,5458,2129,4126649.0
cycle,6809,4749,4125020.0
tribal,5865,2123,4121792.0
memory,7274,4607,4120758.0
tackle,7249,5961,4118543.0
donation,7338,3743,4117644.0
germany,7207,4567,4109384.0
provision,5996,4431,4108781.0
ini,6700,1854,4103826.0
declaration,6128,3475,4100289.0
measurement,7176,3288,4095274.0
indicated,7833,5434,4094287.0
sexually,6222,3333,4093029.0
meaning,9500,8624,4089416.0
leverage,7881,6426,4087055.0
investigator,8138,5257,4084452.0
fox,9825,4953,4083398.0
notably,5972,5054,4083246.0
kingdom,5785,4286,4082192.0
suffering,6486,5214,4080953.0
quick,7416,6075,4079037.0
statistical,6080,2838,4076259.0
honored,8594,6731,4075455.0
israeli,10220,3479,4061424.0
representing,6631,5796,4059797.0
ontario,6990,2414,4056890.0
easier,8134,6806,4054539.0
enjoy,8305,6744,4051705.0
trade,7549,5404,4049044.0
gold,7902,4209,4048234.0
hcv,5736,389,4044375.0
proportion,6163,3391,4043643.0
nordic,6892,1460,4043596.0
unvaccinated,7141,4217,4041121.0
tissue,7885,4149,4036427.0
pro,8039,5198,4024460.0
becomes,7143,6126,4016391.0
basis,6423,5317,4015375.0
worth,8042,6326,4015208.0
employed,5664,4358,4009508.0
abuse,8044,5627,4009178.0
korea,7174,3457,4008202.0
simply,7714,6891,4008137.0
otherwise,7963,7367,4007784.0
breakthrough,9843,6925,4005152.0
adhanom,3810,3453,3999109.0
involving,6590,5704,3995756.0
nile,5574,1863,3995506.0
expectation,10253,6570,3984765.0
filter,6801,2252,3976905.0
promising,7614,5952,3975620.0
duration,6291,3215,3971348.0
faster,7892,6323,3970995.0
construction,7242,4445,3970436.0
rash,7030,4837,3960931.0
formulation,8321,3864,3956667.0
exclusive,8211,6111,3956588.0
regularly,6591,5647,3954476.0
attorney,8896,5186,3953960.0
direction,6851,5785,3953284.0
attributed,6022,4763,3950357.0
metric,5826,4043,3947377.0
theory,7005,4499,3947314.0
literature,5736,3191,3946999.0
fig,6572,751,3942120.0
vehicle,8620,5558,3937209.0
administered,6970,5415,3934575.0
smoker,6075,2466,3930455.0
veteran,8739,4309,3928948.0
double,9040,7046,3919986.0
afternoon,11354,7420,3919342.0
fee,6921,4418,3919061.0
tropical,6592,4017,3918859.0
upcoming,6890,5778,3918792.0
considering,6562,5316,3917123.0
minnesota,6959,3611,3916157.0
follows,6613,5768,3915309.0
condom,6008,982,3914298.0
library,7450,4077,3913993.0
choose,7341,6032,3912781.0
agent,8177,5796,3911016.0
employer,8669,3652,3910135.0
gas,8085,4071,3905699.0
adherence,5521,2527,3902411.0
assessed,5886,3393,3901732.0
demonstrate,6217,5361,3901690.0
readiness,5360,3314,3900465.0
predictive,5815,2898,3899092.0
gathering,5498,4610,3893046.0
joining,8775,7823,3892905.0
expenditure,5217,2496,3892218.0
concept,6267,4444,3891468.0
secure,7554,6327,3890947.0
chicken,7563,3244,3890138.0
wave,8558,4450,3889221.0
evening,9581,6625,3881490.0
connected,6613,5600,3878471.0
democrat,7963,4693,3877105.0
indicate,5985,4668,3873658.0
pool,6010,2825,3869065.0
hosted,6113,5167,3866935.0
consent,6003,3153,3866803.0
payment,7067,4203,3866495.0
technological,6340,4222,3863011.0
picture,7270,5689,3857846.0
peak,6966,4292,3848459.0
indonesia,5881,2917,3844318.0
consulting,6461,3823,3843273.0
dry,9042,4826,3841492.0
privacy,5706,4009,3839055.0
wear,6774,4958,3836924.0
questionnaire,5476,1969,3834234.0
ohio,7241,3991,3833178.0
premier,6053,4381,3832024.0
native,6063,3360,3829382.0
bavarian,6392,1203,3828256.0
truly,6817,5983,3823560.0
lawmaker,7077,4802,3823054.0
powered,7380,5339,3822892.0
consideration,6032,4579,3821730.0
administrative,5689,4245,3814635.0
shower,10354,4547,3811813.0
rubella,5706,3477,3809790.0
resilient,6163,4768,3807630.0
entre,6272,3129,3805402.0
enforcement,6727,4551,3800248.0
replacement,7771,3651,3797328.0
wall,7554,5440,3796847.0
speed,7718,5819,3795626.0
accessed,6614,3136,3790511.0
sensitivity,6214,2960,3789536.0
club,8040,4009,3786423.0
ethical,5241,3190,3785941.0
fundamental,5815,4973,3780885.0
happy,7785,6059,3780837.0
diego,6488,2456,3778914.0
extra,7395,5877,3776711.0
toronto,6672,2530,3771519.0
audience,6889,5105,3770551.0
grade,6733,4118,3768413.0
quite,8567,6752,3767134.0
und,7691,498,3766198.0
acting,6889,5387,3765168.0
contaminated,6363,4588,3763885.0
twice,6248,5149,3759657.0
gut,8172,2758,3758129.0
danger,7445,6083,3756803.0
heavy,7779,5495,3756341.0
suggested,6085,5062,3754668.0
comparison,6119,4075,3754602.0
speaker,6940,4888,3753051.0
anxiety,7396,4662,3752358.0
publicly,7138,6462,3750300.0
establishing,5250,4551,3745724.0
england,6345,4108,3743669.0
groundbreaking,7871,6160,3742428.0
der,6360,934,3736374.0
teen,7180,3675,3733381.0
faculty,5801,3799,3732196.0
pcr,7597,2207,3730036.0
cov,6316,2480,3725766.0
respondent,5738,1940,3721966.0
managed,6737,5560,3720291.0
measured,6607,3802,3718181.0
correlation,5700,2247,3717370.0
advisor,7787,5331,3714057.0
nevada,5040,2064,3711211.0
writing,6236,4380,3708829.0
emphasizes,5880,4988,3707675.0
sobre,6003,2656,3704381.0
sequencing,6844,2724,3700150.0
shelter,6946,3196,3698786.0
shaping,5530,4732,3696274.0
mom,8069,4031,3694994.0
deeply,6440,5818,3694567.0
rain,11232,5380,3694418.0
businesswire,6121,2953,3692239.0
inflammation,8009,4625,3690200.0
gave,6962,6133,3689997.0
winner,6432,3005,3689873.0
systematic,5827,2814,3687234.0
columbia,6074,4090,3686266.0
external,5877,4351,3685747.0
arm,7348,4781,3683179.0
transform,6413,5472,3679056.0
volume,6338,4166,3677690.0
king,7948,4360,3674309.0
contains,8474,7406,3674061.0
aligns,5685,4993,3671884.0
han,5972,2729,3671287.0
wait,7973,6006,3670231.0
engaged,5934,5027,3669649.0
happened,9441,7447,3669252.0
file,6823,4393,3667511.0
exploring,6339,5545,3667166.0
catalyst,5368,2186,3663060.0
recognizing,6382,5457,3661983.0
reproductive,5931,3524,3659625.0
encouraged,6667,6257,3658464.0
endemic,6003,3574,3658450.0
suite,6544,4693,3657634.0
preparation,6051,4370,3657381.0
lyme,6619,1633,3656327.0
card,6868,4238,3655924.0
felt,7131,5516,3653330.0
portion,7214,4759,3647015.0
strongly,5593,4965,3646678.0
poverty,5983,4133,3646477.0
esta,6453,2928,3638431.0
notable,5713,5008,3635837.0
safeguard,6279,5494,3634980.0
register,7424,4886,3634701.0
freedom,6985,4712,3632537.0
paul,7797,5173,3632397.0
literacy,4482,1945,3627263.0
chapter,5797,3450,3623078.0
taiwan,4798,1106,3621653.0
pilot,6313,3763,3615799.0
adopt,4926,3987,3613929.0
louisiana,6706,3362,3611233.0
else,7701,6560,3611218.0
nationally,6378,5210,3610508.0
square,5793,4003,3610432.0
extended,6280,4982,3610129.0
functional,7952,3632,3608466.0
biotech,8142,3902,3606552.0
herd,6157,3245,3602763.0
sequence,5742,2154,3585626.0
aug,7710,4498,3585487.0
corp,6753,3486,3584697.0
pneumonia,7068,4076,3580966.0
nomination,7031,3309,3574015.0
ratio,5815,2708,3572845.0
systemic,6172,4382,3572407.0
suspected,6222,4509,3571646.0
collaborate,5442,5040,3568705.0
boy,6716,4070,3566248.0
difficulty,5497,4440,3565208.0
longevity,5269,2316,3563126.0
cholesterol,6409,2753,3551021.0
folk,7286,5038,3547020.0
cessation,6872,2639,3545588.0
fish,6629,2654,3545550.0
staying,6789,5481,3544855.0
commonly,6136,5244,3543591.0
sun,7555,4646,3542957.0
occasion,4538,3205,3542122.0
requiring,5867,5221,3539949.0
principal,5630,4495,3539055.0
involves,5967,5124,3537223.0
overview,6032,4604,3535021.0
underlying,6634,5636,3533371.0
dengan,5476,1324,3526791.0
block,6892,5212,3523763.0
evaluated,6374,4632,3522637.0
finance,5627,4271,3522494.0
untuk,5251,1342,3522461.0
leaving,6338,5703,3516274.0
emphasis,5532,4779,3515643.0
elderly,6238,4185,3509453.0
pharma,8199,3422,3509249.0
relatively,5731,4584,3506217.0
hopkins,6314,3863,3503013.0
expectancy,5521,2662,3497442.0
palestinian,7774,3109,3494456.0
methodology,5331,3871,3487320.0
precision,6732,4296,3485802.0
tech,7131,4648,3484442.0
vendor,4837,2281,3483981.0
memorial,6578,3238,3482915.0
wisconsin,6981,3316,3481043.0
regression,4722,1450,3478344.0
selection,5799,4084,3477350.0
spend,7176,5739,3473855.0
dot,9915,6200,3473310.0
educate,6202,5290,3471727.0
struggle,5963,5222,3467694.0
blindness,5905,2016,3465942.0
eliminating,5582,4652,3464571.0
train,6468,4197,3462237.0
remaining,5804,5151,3456181.0
worry,6862,5602,3453239.0
forum,6682,3704,3450537.0
mainly,6081,5005,3449936.0
rep,6370,3672,3446055.0
summary,6983,5770,3440887.0
james,7922,4689,3440443.0
appear,6523,5523,3440098.0
occurred,5933,4977,3439673.0
agree,6216,5055,3439457.0
variation,5609,3749,3439000.0
menopause,2530,589,3434899.0
biotechnology,9052,5352,3432561.0
reader,6884,4461,3430807.0
vast,6075,5436,3429591.0
featured,5898,4967,3423724.0
cnn,5519,2532,3423266.0
monkeypox,6021,1860,3421860.0
perfect,6712,5316,3420809.0
saved,6186,4837,3419397.0
thomas,6147,3935,3418951.0
francisco,7574,4195,3418870.0
asset,6932,4177,3418837.0
definition,5343,3187,3414741.0
oregon,5736,3024,3410707.0
preparing,6038,5249,3409188.0
epidemiologist,5441,4147,3405405.0
entity,5104,3853,3402578.0
cash,6920,3103,3400181.0
surgical,7523,3327,3397502.0
maryland,6529,3264,3396270.0
sur,6682,1807,3395788.0
carried,5269,3925,3391447.0
amr,5135,1133,3390982.0
toilet,4866,1814,3387232.0
planned,5991,4748,3384519.0
tourism,5497,2001,3384075.0
attendee,4822,3236,3383179.0
sold,6578,4809,3377964.0
examination,5732,3821,3375687.0
syndrome,6879,3789,3375320.0
fauci,6952,1740,3373299.0
int,6867,3800,3367628.0
journalist,6758,4824,3360770.0
casos,5245,1530,3360008.0
par,6163,2108,3359557.0
lose,6626,5014,3356783.0
authorized,5935,4966,3350085.0
coast,7574,4441,3348763.0
tonight,12011,7352,3344314.0
contributor,5863,5248,3341704.0
visitor,5179,3271,3340068.0
genome,6046,2017,3337447.0
wellbeing,4922,3386,3337317.0
wash,6209,3318,3335496.0
baseline,6687,2756,3334210.0
ranging,6027,5134,3332610.0
closed,6637,4860,3332312.0
obligation,8168,7050,3332306.0
hamas,8409,3056,3329372.0
gvn,12039,563,3317227.0
chws,3610,550,3316219.0
warned,4683,4024,3312861.0
winning,6506,5593,3307265.0
arizona,6597,3456,3306787.0
peter,6937,4246,3304459.0
piece,6883,5423,3304134.0
abstract,5633,3843,3302707.0
completely,5992,5255,3301769.0
presidential,6172,4356,3300720.0
remarkable,5760,5063,3293630.0
maker,6016,4875,3292770.0
van,5855,3051,3292376.0
participated,4241,3622,3291016.0
written,6022,5116,3288945.0
diversity,5147,3302,3287850.0
transfer,4956,3202,3284796.0
registration,6863,4372,3284388.0
truck,7771,3418,3282817.0
apr,4783,3767,3282561.0
industrial,6609,4829,3280695.0
qualified,6509,5661,3280692.0
listen,7343,5796,3280415.0
anticipated,7387,5565,3277911.0
possibility,6374,5192,3276267.0
geography,4975,3212,3272237.0
hub,5415,4109,3269983.0
eradication,4880,2628,3269928.0
pediatrics,6825,4351,3268579.0
ottawa,4076,1979,3266390.0
emerged,4676,4086,3265824.0
hazard,5684,3598,3264366.0
pressing,5451,5057,3263136.0
indoor,4873,2309,3260796.0
indicating,4996,3667,3260662.0
politics,5722,4408,3260624.0
fatal,6208,5150,3257996.0
smart,6108,4134,3257253.0
happens,7198,6254,3254514.0
fun,6983,5002,3252351.0
scope,5249,4433,3250459.0
suicide,6864,2319,3248403.0
demonstrating,5385,4602,3246135.0
diarrhea,6623,3613,3245660.0
organ,8786,4292,3241740.0
rely,5782,5284,3240446.0
antigen,6060,2332,3239384.0
consensus,4487,3144,3238956.0
removed,5828,4777,3238610.0
mutation,5510,2491,3237581.0
reflecting,4281,3793,3233802.0
listening,7864,5529,3232109.0
upper,7801,5242,3225884.0
web,5259,3674,3221869.0
traffic,7752,4589,3219280.0
domain,4696,2534,3218655.0
pas,6682,5165,3215477.0
english,5496,3866,3214221.0
celebration,5930,3914,3211996.0
absolutely,6804,5353,3211923.0
tambi,5927,2613,3211842.0
unknown,6372,5347,3207148.0
enables,5923,5264,3206793.0
sponsor,7214,4302,3205864.0
height,5756,3302,3205579.0
prominent,5293,4673,3199972.0
density,4591,2278,3199519.0
missing,6106,4457,3198200.0
downtown,5355,3328,3197913.0
enterprise,6046,4068,3197041.0
signal,5826,4184,3194904.0
fine,6590,5159,3194226.0
med,5987,2488,3193310.0
contrast,5273,3899,3192215.0
bat,5504,1581,3189732.0
emphasizing,4597,4154,3188316.0
atlanta,6953,4266,3187989.0
relative,5531,3676,3187545.0
mile,7209,5281,3187284.0
permanent,6347,4501,3186456.0
singh,4145,1699,3186016.0
iii,6730,3803,3185735.0
accord,3401,1857,3185428.0
switzerland,4402,3124,3185047.0
adjusted,5223,2365,3182540.0
film,6339,2776,3178667.0
expense,5477,3575,3175365.0
contra,4857,2103,3174541.0
pleased,6762,5992,3174300.0
continent,4997,3409,3174136.0
ser,5356,2660,3172185.0
sept,7162,4302,3171454.0
explains,6018,4882,3170249.0
extremely,6095,5199,3169762.0
ideal,5551,4394,3168054.0
father,6746,3893,3164073.0
gift,7569,3585,3161006.0
satisfaction,5004,3324,3157663.0
kill,6571,5151,3157047.0
holiday,7269,3911,3156502.0
estate,5212,1868,3154562.0
knew,6233,4854,3154157.0
scheduled,5167,4322,3152813.0
toxic,6068,4017,3151185.0
guy,8356,5547,3150408.0
spain,5390,2918,3149992.0
headache,6234,4655,3142846.0
anniversary,5828,3277,3136353.0
valued,5806,4012,3134939.0
asian,5562,3321,3131819.0
cluster,4914,1807,3130184.0
differ,8878,6417,3128187.0
telehealth,4691,2750,3127193.0
exactly,7163,6020,3125607.0
sudan,4477,1549,3123535.0
processing,5669,3694,3121868.0
devastating,6431,5470,3120789.0
mar,5341,3671,3118383.0
landmark,4359,3669,3117530.0
caribbean,4428,1860,3116242.0
pdf,4664,3211,3113971.0
hospitalized,6012,4390,3111834.0
necessarily,5748,5435,3110469.0
festival,6254,2650,3109400.0
frequent,5356,4340,3108692.0
sampling,4350,2212,3105465.0
remained,4915,4201,3102893.0
predict,6430,4594,3099059.0
seems,6440,5519,3098718.0
extend,5089,4704,3097459.0
parameter,4467,1618,3095089.0
enter,5609,4980,3094620.0
exam,5512,2622,3091751.0
trauma,6849,3427,3089538.0
floor,5111,3442,3087622.0
lived,5423,4391,3086379.0
waiting,6066,4828,3085157.0
slow,6735,4917,3083880.0
stopped,5566,4721,3082473.0
livestock,4733,2339,3081779.0
italy,4698,2607,3079834.0
earned,6074,5089,3079825.0
massive,6240,5379,3078450.0
title,6779,3758,3078078.0
struggling,5193,4461,3077235.0
renowned,6359,5316,3075830.0
adequate,5065,4059,3074943.0
playing,6266,5166,3074743.0
confirmation,5557,3885,3073866.0
vacunaci,4447,1419,3073083.0
creation,4887,4064,3072063.0
isolation,5340,3105,3071626.0
lie,5601,4599,3071600.0
episode,5750,3171,3071162.0
entry,5035,3799,3068522.0
smaller,5264,4252,3066842.0
stability,5192,3652,3065703.0
actionable,5288,4439,3060731.0
epidemiological,4666,2864,3060189.0
carrier,4222,1896,3059659.0
inclusive,4548,3749,3059521.0
resulted,5111,4345,3059036.0
moved,5331,4723,3058385.0
coronavirus,4821,3021,3058104.0
injection,5486,3386,3053730.0
storage,5773,3660,3050030.0
attempt,5086,4039,3049388.0
guest,6209,4572,3048863.0
roughly,5713,5090,3047588.0
mobility,4195,1979,3046257.0
fentanyl,6169,1980,3045132.0
navigate,4848,4312,3044283.0
forefront,5650,5355,3043928.0
amendment,4451,2463,3043323.0
fluoridated,4004,1890,3042334.0
encourages,4874,4394,3039133.0
prize,6908,3223,3037560.0
elevated,5264,3627,3035571.0
gone,6152,5263,3035529.0
asking,6440,5423,3035411.0
locally,4765,3958,3033369.0
persistent,5401,4046,3029815.0
geographic,4954,3285,3029289.0
pediatrician,4826,3234,3026598.0
indicates,4819,3836,3025985.0
lowest,5109,3587,3024329.0
gujarat,3109,636,3023809.0
internet,5852,3066,3023601.0
parasite,5282,1784,3021623.0
hall,6250,4191,3021021.0
wind,9041,4661,3018759.0
certainly,6225,5092,3013755.0
registry,4433,1558,3012521.0
pulmonary,8886,2867,3007694.0
organized,4504,3853,3005639.0
compare,5898,3328,3005173.0
fill,5236,4611,3004427.0
bar,6227,4303,3003699.0
spray,7693,2872,3002896.0
inequity,4386,3141,3001917.0
box,5426,3829,3000304.0
initially,4931,4484,2998663.0
leaf,5914,3385,2998203.0
lipid,4310,1572,2995051.0
teacher,5667,3190,2994955.0
integrity,5208,3500,2994271.0
scheme,3691,2254,2993863.0
bir,6379,974,2993657.0
competition,5558,3806,2992980.0
sponsored,5790,4703,2992870.0
workplace,5640,3386,2991500.0
similarly,4166,3335,2986949.0
solely,4548,4347,2984977.0
utility,5009,2893,2984115.0
scenario,5188,3272,2983481.0
supreme,5293,2863,2981161.0
educator,4450,3269,2980259.0
stable,4618,3728,2978933.0
unprecedented,5580,4965,2978850.0
integrate,4081,3390,2978821.0
bias,4579,2665,2978009.0
french,5061,2791,2977859.0
except,6918,6192,2977005.0
latin,4997,3368,2975391.0
bloomberg,5228,3096,2975204.0
socioeconomic,4090,2449,2973362.0
journalism,5791,2432,2969832.0
aligned,4533,3546,2969746.0
accountability,4529,3466,2969233.0
plastic,6892,2483,2968070.0
mississippi,5360,2148,2966309.0
licensed,5770,4420,2965681.0
founding,5118,4022,2964234.0
accepted,4773,4221,2963332.0
cardiac,5772,2432,2962425.0
submission,5694,3934,2956959.0
distinguished,5323,4236,2955762.0
involve,5757,5186,2955571.0
jurisdiction,4597,2918,2953433.0
sen,4889,2796,2952023.0
naturally,5467,4012,2950194.0
complexity,4704,3788,2947723.0
inspire,4998,3997,2946962.0
sensitive,5449,4014,2939865.0
optimize,5601,4526,2939494.0
perception,4435,2427,2939243.0
comfort,5728,3457,2938655.0
closer,5868,5102,2936155.0
generated,4376,3396,2935565.0
looked,5830,4874,2934632.0
opened,4748,4006,2934056.0
feedback,4671,3315,2931764.0
appears,5677,4892,2931658.0
stem,5557,3704,2931027.0
fuel,5733,4373,2927576.0
safeguarding,4228,3830,2925609.0
voluntary,4443,2826,2924683.0
houston,6832,2616,2924065.0
severity,5113,3690,2920918.0
enfermedades,4258,1797,2918481.0
maintenance,5427,3172,2917526.0
sus,5079,2388,2915646.0
tnx,9281,410,2915278.0
occurring,5123,4650,2914474.0
align,4833,3888,2912471.0
promotes,4761,4159,2911902.0
vaccinate,4714,3681,2909675.0
reveals,6028,4371,2908838.0
backed,5638,4905,2908552.0
origin,5464,3234,2907400.0
labor,5579,3984,2907189.0
route,5176,3391,2904872.0
fatigue,5121,3962,2904626.0
suggesting,5159,4313,2901123.0
miss,6118,4621,2896681.0
log,4024,2519,2894798.0
cepi,4016,702,2890697.0
consultant,4631,3446,2889096.0
shop,6368,4427,2888929.0
inquiry,6790,6117,2886811.0
dentistry,4820,1657,2886712.0
wake,5220,4137,2885465.0
swift,4193,3346,2882499.0
turned,5643,4999,2881149.0
monthly,4761,3541,2876874.0
southeast,4803,3433,2876611.0
wood,5688,4216,2875461.0
pouch,4434,1483,2873968.0
americorps,7453,409,2873804.0
std,4872,1267,2872294.0
incident,6168,4177,2872011.0
evaluating,5066,4267,2870065.0
handle,4958,4276,2866326.0
threatening,6471,5490,2865858.0
profession,4544,2859,2864549.0
impacting,5832,5268,2862240.0
ill,5386,4274,2859306.0
advertising,6170,3250,2859010.0
sarah,5538,3239,2854719.0
ceremony,4475,3059,2853026.0
cup,5733,2765,2850278.0
compassion,5274,2872,2848022.0
subscribe,4728,3444,2846171.0
faith,4963,3275,2844171.0
synthetic,5402,2324,2842191.0
municipal,3879,2607,2841737.0
rank,4836,3589,2838870.0
spirit,5230,3818,2838687.0
loved,5911,4781,2838265.0
statewide,4622,3549,2837122.0
reverse,4795,3849,2835985.0
conducting,4615,4215,2835284.0
urging,4951,4522,2832390.0
analyze,4567,3504,2831702.0
thereby,4298,3713,2831183.0
intensive,4797,3486,2830696.0
reuters,4532,2776,2829653.0
decided,5220,4478,2827171.0
minimum,4537,2960,2823240.0
pointed,4066,3588,2823062.0
placed,4766,4032,2822524.0
worm,4287,734,2822335.0
expression,5532,4230,2820586.0
separate,4755,4051,2818787.0
listed,5074,4299,2813869.0
worse,5834,4864,2811530.0
chairman,5402,4156,2811506.0
engineering,4708,3396,2808864.0
onset,4661,2976,2808340.0
catch,5308,4117,2806886.0
psychological,4432,2543,2806067.0
temple,3477,1203,2804227.0
abu,3142,890,2803669.0
trip,5251,3832,2801101.0
teaching,5223,3835,2799054.0
soil,4748,2447,2798805.0
discovered,5447,4518,2798583.0
designation,7181,3287,2798555.0
properly,5380,4380,2797972.0
combine,5205,4711,2797140.0
acquisition,5075,3198,2794667.0
obtain,5498,4818,2794573.0
inflammatory,5153,2746,2794067.0
maximum,5231,3728,2792728.0
ngo,3689,2119,2792213.0
tonix,9005,418,2792065.0
demonstrates,4943,4527,2791153.0
okay,7606,4938,2789256.0
survivor,6147,2932,2788527.0
malnutrition,4572,1908,2788136.0
strip,4974,2929,2787975.0
handling,4671,3599,2786392.0
headline,5266,4672,2783879.0
traveler,4513,2829,2781681.0
narrative,4721,3325,2780270.0
rose,5275,3603,2779979.0
bureau,4710,3349,2779819.0
agricultural,4731,2784,2779770.0
aiming,4567,4211,2778437.0
elect,7156,4481,2774771.0
glucose,6325,2077,2773551.0
fourth,5123,3891,2772992.0
scott,6933,4639,2772297.0
kitchen,5954,2953,2766391.0
sell,6365,4781,2764632.0
trillion,4826,2977,2764310.0
seattle,5188,2343,2763273.0
referred,4298,3789,2763033.0
davis,4640,2543,2762241.0
combating,4504,4114,2761702.0
beneficial,4925,4037,2759357.0
planet,5090,3744,2758933.0
super,5780,3620,2758900.0
mouth,5037,3743,2755779.0
formula,6171,2914,2755758.0
grateful,5222,4546,2755291.0
everybody,6684,5361,2752608.0
stressed,3591,3205,2750353.0
chikv,4570,580,2750266.0
paris,4664,2482,2749956.0
acquired,5563,3506,2749177.0
invasive,6383,3183,2744507.0
seem,5547,4947,2744478.0
match,5174,3252,2743332.0
warm,6964,4748,2739201.0
familiar,3792,2951,2738750.0
delivers,5592,4657,2735483.0
collaborating,4481,4149,2734287.0
british,4722,3366,2732656.0
confirm,4565,3871,2732031.0
meningitis,4377,1764,2729923.0
eventually,5209,4639,2729341.0
retail,4546,3304,2727695.0
collect,4383,3746,2727017.0
payer,3563,1811,2723657.0
yesterday,7912,6014,2723221.0
outpatient,5299,3283,2721836.0
prevalent,4888,4030,2721599.0
pertussis,4589,1563,2721495.0
featuring,5130,4421,2721085.0
elected,4870,3947,2720926.0
disruption,4437,3717,2719177.0
coordinator,4740,3505,2718922.0
analyst,4908,3834,2717970.0
contributes,4318,3881,2717702.0
grown,4851,4097,2717140.0
hispanic,4611,2452,2716162.0
outstanding,4677,3495,2714984.0
calculated,4246,2402,2714695.0
classification,3906,1919,2713655.0
rating,5144,2616,2712533.0
derived,4489,3237,2710684.0
tap,5242,3653,2709241.0
supportive,4265,3618,2707938.0
immunisation,2884,1216,2707756.0
mixed,4469,3203,2705400.0
enabled,4352,3330,2705067.0
uptake,4421,2807,2703395.0
sought,3943,3581,2702349.0
copy,4605,3614,2699806.0
daniel,5197,2911,2699493.0
richard,5439,4094,2697008.0
illegal,5062,3264,2695121.0
whatever,5586,4535,2695046.0
involvement,4064,3314,2694681.0
attend,5021,3912,2694668.0
nose,4695,3456,2693831.0
permission,3608,2989,2691254.0
gavi,3855,1569,2690377.0
thrive,5171,4143,2689588.0
equipped,4254,3839,2685695.0
recognizes,4598,3775,2685625.0
marked,4515,4072,2685620.0
visiting,5018,4346,2684470.0
minority,4306,2915,2683858.0
sweden,4320,2112,2683466.0
subsequent,5186,4107,2683338.0
tend,4527,3664,2683278.0
overcome,4788,4347,2682738.0
ease,3917,3333,2681255.0
insulin,5587,1750,2681109.0
counseling,3927,2574,2679502.0
rna,6252,1871,2678869.0
investigate,4928,4053,2676522.0
nasdaq,7205,5192,2675661.0
exceptional,5229,4761,2674822.0
wildlife,4777,2501,2670703.0
impactful,4628,4076,2669040.0
trachoma,3234,605,2665132.0
staffing,4098,2619,2662095.0
filtration,4365,1473,2661132.0
ethic,4573,2769,2654158.0
pradesh,3055,1225,2654113.0
pioneering,5219,4010,2653289.0
wildfire,4523,2061,2651493.0
consuming,4246,3253,2651338.0
afghanistan,3489,1431,2650642.0
feeding,4892,2232,2649577.0
attitude,4013,2070,2646008.0
pipeline,5934,4041,2644875.0
violation,5493,1661,2640896.0
peace,5946,4314,2640715.0
subscription,4226,2447,2640435.0
visual,4105,2446,2640059.0
granted,5495,4321,2639349.0
mais,5383,1361,2637325.0
battle,5629,4616,2633506.0
declined,3966,3577,2633465.0
thrilled,4795,4288,2632156.0
reminder,4625,3800,2631340.0
threshold,3907,2621,2630702.0
meant,4541,4155,2628889.0
rio,4018,1560,2628505.0
maha,5279,1256,2627642.0
iowa,4713,2158,2627243.0
veterinarian,5133,2333,2626978.0
sea,5058,3316,2626934.0
usaid,4273,1441,2624833.0
evolution,4087,2704,2624617.0
minor,4542,3485,2624532.0
capture,3958,2999,2623826.0
directed,4773,4181,2622367.0
clearly,4775,4127,2619659.0
closing,5010,3540,2618840.0
religious,3810,2216,2618178.0
legislative,4177,3298,2618008.0
institutional,4022,3146,2616463.0
outlook,4233,3057,2615880.0
lifetime,5291,4287,2613711.0
statistically,4380,2658,2613389.0
etc,4296,3223,2612767.0
humanity,4802,3781,2612766.0
beyfortus,3438,236,2611009.0
absence,4284,3298,2609532.0
denver,4924,1867,2609424.0
generate,4672,3932,2608720.0
capitol,6239,3600,2608071.0
inaugural,3747,2631,2606079.0
ram,2865,996,2605207.0
owned,5886,4683,2604678.0
feed,5282,3930,2602017.0
genomic,4678,2186,2600530.0
alaska,4038,2249,2599518.0
influenced,3988,3021,2598544.0
adam,4992,3092,2597843.0
fan,5881,3921,2597008.0
removing,4665,3935,2595096.0
studied,4856,4042,2592082.0
earth,5682,3261,2590831.0
explain,5431,4544,2590807.0
anthony,5543,3074,2589083.0
perform,4593,3632,2584946.0
immigrant,4261,2316,2583940.0
milligram,3736,1742,2583712.0
precaution,4577,3699,2580994.0
municipality,3519,2041,2580839.0
sufficient,4167,3501,2580826.0
mary,5049,3195,2577604.0
tom,5618,3769,2576919.0
appeal,4238,3195,2576536.0
mike,5764,4365,2576323.0
grocery,4931,3494,2575901.0
actor,5002,3342,2575227.0
avenue,5311,4332,2572898.0
fastest,4302,2961,2571880.0
wish,6022,3302,2571439.0
emphasize,4089,3714,2569937.0
exist,4405,3961,2568799.0
proprietary,6274,4605,2567837.0
fiber,5015,1887,2567532.0
forest,4514,1948,2567053.0
seed,5141,2489,2566530.0
rigorous,4559,3938,2562017.0
survival,4902,3061,2560741.0
speech,5086,3126,2560292.0
spanish,4399,2956,2558560.0
algorithm,3867,2212,2556330.0
cited,3904,3139,2554717.0
input,4172,3116,2554018.0
prof,4535,2127,2553929.0
extension,3928,2470,2553195.0
abc,6366,3328,2552520.0
allocation,3610,2723,2551887.0
ranking,5561,2467,2551509.0
circumstance,5554,4979,2551446.0
counter,4821,3797,2549969.0
lockdown,3956,2286,2548741.0
insecurity,4141,2674,2547838.0
examined,3957,2968,2547460.0
emory,2318,943,2546274.0
alabama,4449,2072,2545034.0
prweb,3458,1796,2544904.0
passion,4465,3871,2544764.0
worst,5070,4410,2544510.0
voted,4258,3103,2544419.0
compassionate,4432,3406,2544036.0
wrong,5721,4467,2542907.0
neurological,5882,3164,2541915.0
austin,4786,2265,2541811.0
dave,3876,2269,2540937.0
dari,3718,1252,2540731.0
favorite,5849,4442,2538234.0
kentucky,4797,2184,2536057.0
materially,7774,5595,2535340.0
profound,4297,3834,2534683.0
monarez,2460,335,2534502.0
fluid,5222,3184,2532616.0
instrument,4072,2602,2532519.0
merck,4606,1967,2529666.0
regimen,4538,2374,2527190.0
societal,4156,3314,2525244.0
iron,5307,1659,2524430.0
amazing,4799,3911,2524073.0
operates,4886,4075,2523381.0
dean,4635,3418,2521928.0
documented,3823,3261,2521775.0
posed,4216,3576,2521583.0
ultra,4588,2457,2519978.0
indication,5602,4176,2519681.0
biology,4896,3516,2519469.0
validation,3794,2347,2519410.0
migrant,4196,2000,2519292.0
hormone,4470,2149,2518580.0
artist,4570,2527,2517311.0
gram,5359,2222,2515430.0
pill,5037,2428,2514852.0
testament,4216,3895,2514842.0
philadelphia,6246,2741,2514777.0
partnering,4773,4390,2514431.0
wife,4970,3846,2514152.0
rehabilitation,3796,2076,2511532.0
contaminant,4607,2291,2511178.0
knowing,4765,4221,2510322.0
cap,4367,2692,2508683.0
submit,4355,3537,2508341.0
emergence,3744,2850,2507284.0
overweight,4683,1887,2505605.0
equal,4238,3663,2504335.0
narendra,2600,1760,2503709.0
crore,2858,1181,2503630.0
cooking,4143,2534,2501594.0
accreditation,4434,1455,2501564.0
classified,4001,2781,2501363.0
median,4203,1599,2498016.0
nhi,2365,287,2497678.0
smile,3920,1920,2497539.0
administrator,4050,3023,2497248.0
submitted,4676,3490,2494376.0
none,4494,3991,2493057.0
watching,5707,4831,2491846.0
ryan,4889,2788,2491210.0
dead,5709,4248,2488139.0
provincial,3437,2001,2487330.0
deficiency,5101,2107,2484934.0
embrace,3437,2985,2483942.0
datasets,3270,2188,2480345.0
workflow,3695,2346,2480185.0
chan,4068,2317,2479357.0
harbor,4486,2701,2479212.0
salmonella,4303,1105,2478918.0
coordinate,3299,2747,2474995.0
dhabi,2610,529,2473362.0
progression,5219,3169,2473300.0
admission,4608,2435,2463445.0
vary,4431,3874,2461688.0
nice,5754,4140,2461315.0
writer,4217,3692,2461036.0
guinea,3504,1035,2460907.0
description,4146,1971,2460404.0
creates,4054,3769,2458906.0
distance,4266,3024,2458536.0
preference,4263,2864,2457144.0
lancet,4561,3059,2456485.0
blog,4332,2825,2456035.0
assessing,4243,3570,2455502.0
acip,3205,733,2454106.0
morbidity,4032,2993,2453434.0
alarming,4725,3974,2452595.0
advocating,4086,3478,2452270.0
sin,4339,2457,2450410.0
restore,4566,3808,2447528.0
newsroom,5296,4762,2447350.0
wha,2100,1012,2447148.0
enhances,3853,3286,2446360.0
express,4416,3558,2445434.0
discover,5644,5145,2444958.0
wealth,3973,2910,2441467.0
draw,4357,4021,2440321.0
insect,4936,2427,2440193.0
utilization,3762,2383,2439437.0
wearing,4780,3509,2437871.0
nbc,5283,3140,2437259.0
dropped,4875,4363,2436599.0
identity,4192,2943,2436026.0
meta,5016,2390,2435955.0
officially,4577,4169,2434993.0
brief,4088,2905,2434346.0
membership,3842,2774,2431596.0
facilitating,3625,3047,2429907.0
mumps,3985,3114,2429801.0
elisa,3000,743,2429092.0
turning,4924,4519,2427302.0
jones,5072,3276,2426776.0
tackling,4306,4110,2426239.0
dealing,4998,4487,2422778.0
resolve,3197,2228,2422319.0
plumbing,3458,870,2421093.0
seat,4829,2891,2421013.0
poised,3843,3315,2420057.0
fiscal,3617,2572,2419775.0
likelihood,4173,3122,2419592.0
missouri,4220,2307,2419281.0
suffer,4201,3854,2418053.0
unmet,6668,5044,2417796.0
silver,7791,4326,2416205.0
cook,4757,2544,2416081.0
examine,3903,3090,2413268.0
touch,4588,4021,2413262.0
premium,5005,3326,2413118.0
unhealthy,4112,2611,2412709.0
versus,5035,3607,2411899.0
completion,4084,2901,2410419.0
prophylaxis,4625,2238,2409541.0
teach,4097,3331,2409179.0
perhaps,4793,4212,2409168.0
swachh,2540,1193,2408478.0
cool,5886,3882,2407814.0
filed,5763,4427,2404439.0
emergent,8844,1734,2404090.0
critic,4296,3507,2403509.0
che,3513,944,2402849.0
supporter,4731,3894,2402689.0
particle,4716,2230,2402089.0
calorie,4375,1955,2400882.0
certificate,3293,2044,2400379.0
residential,4239,2888,2400231.0
territorial,3574,1831,2399236.0
abortion,4310,1496,2394941.0
replace,4597,3629,2394643.0
incredible,4984,4341,2394106.0
inspired,3892,3348,2393634.0
excess,4567,2756,2393378.0
marking,3864,3479,2391088.0
accelerated,3974,2682,2390986.0
jennifer,4288,3195,2390731.0
imperative,3691,3296,2390470.0
duty,4136,3349,2390372.0
formal,3867,3180,2388701.0
noting,3425,3156,2387555.0
alarm,3989,3389,2387123.0
army,4314,2851,2386575.0
everywhere,4562,4158,2385161.0
conservative,4289,2676,2385129.0
definitely,5456,4384,2381880.0
lawsuit,4243,2735,2381624.0
consumed,4021,2458,2381440.0
headquartered,4988,4901,2381091.0
prioritizing,4145,3671,2378112.0
branch,4164,3014,2377904.0
singapore,4982,1682,2376074.0
tour,4477,2692,2375337.0
mouse,4413,1716,2373551.0
formerly,4466,3462,2371558.0
outline,3251,2920,2371516.0
strengthens,3533,3319,2371501.0
span,3822,3231,2367304.0
garden,4788,2565,2366377.0
historically,3838,3594,2364889.0
tract,4408,2502,2364247.0
prediction,3664,2217,2362820.0
healthday,3174,2691,2362515.0
pero,4845,2030,2362450.0
alignment,3482,2481,2362122.0
flexibility,3666,3053,2360847.0
occurs,4392,3677,2360600.0
tag,4482,3418,2360252.0
protects,5506,5127,2360023.0
whooping,4528,1530,2359807.0
expensive,4409,3675,2359614.0
nda,6135,1812,2358601.0
lmics,2722,644,2357207.0
mode,3469,2183,2354977.0
segmentation,3772,2084,2354070.0
prestigious,4354,3140,2352849.0
puede,4244,1922,2352507.0
transparent,3637,2586,2351940.0
apple,4982,3254,2351710.0
nominee,5227,3036,2349007.0
transport,3821,2403,2347024.0
metal,4324,1975,2346365.0
inspiring,3570,2918,2344429.0
sitting,5027,3822,2344010.0
odds,3936,2183,2343904.0
ghana,3168,1406,2342658.0
appointed,3687,2940,2342332.0
storm,7499,4266,2341946.0
lifelong,4320,3808,2341912.0
employ,3972,3513,2341905.0
load,3660,2104,2340526.0
cornerstone,4032,3823,2340349.0
array,4134,3706,2340265.0
attended,3157,2650,2340225.0
unwavering,3888,3531,2340006.0
mediterranean,2991,1325,2338637.0
structural,3676,2431,2336500.0
utilizing,4027,3568,2335514.0
cnw,2632,2568,2332538.0
wazed,2072,545,2330805.0
deeper,4208,3792,2329694.0
independence,3193,2352,2328958.0
tea,4441,1859,2327204.0
efficiently,3749,3201,2323105.0
referral,3246,2343,2321335.0
designated,4261,3571,2320819.0
adjustment,3778,2519,2320028.0
unlike,4368,4146,2318343.0
disposal,4035,1579,2317467.0
daughter,5004,3416,2317368.0
mandatory,2979,2111,2316216.0
celebrating,4821,4009,2314780.0
airport,4831,2983,2314664.0
depending,4092,3565,2312049.0
dual,4303,2793,2311552.0
victory,3740,2863,2311376.0
withdrawal,3515,2217,2309728.0
neighbor,4856,3919,2307645.0
hunger,4284,2398,2307042.0
orange,4105,2654,2307008.0
balanced,3866,3052,2306083.0
horizon,3456,1615,2305997.0
repair,4922,2937,2303856.0
guarantee,4924,4537,2303215.0
bean,3596,1099,2298174.0
modeling,3226,1920,2298078.0
worried,5398,4364,2297893.0
messaging,3588,2682,2297586.0
write,4153,3336,2296440.0
anywhere,5017,4402,2294912.0
unfortunately,4609,4042,2293463.0
mountain,5144,3235,2293168.0
snap,3671,1115,2291907.0
genomics,4562,1586,2290484.0
ruling,3913,2263,2290009.0
rooted,3780,3512,2288018.0
saudi,3977,1269,2284425.0
egypt,3271,1745,2282649.0
everyday,4559,3622,2282001.0
scalable,4142,2789,2280823.0
breathing,4426,3257,2279380.0
healthiest,4107,2633,2279146.0
gained,3598,3353,2278295.0
neglected,3789,2252,2277064.0
imperial,2852,913,2277028.0
imaging,5326,2485,2276200.0
nasal,6394,2088,2275984.0
failed,4347,3544,2275744.0
telemedicine,2983,1502,2274298.0
prevented,3599,3225,2272611.0
headquarters,3739,2879,2269613.0
dust,4616,1472,2269257.0
eliminated,3910,3193,2268258.0
takeaway,3690,3443,2267126.0
durante,3735,2137,2266156.0
riesgo,3622,1608,2266117.0
launching,4119,3704,2265672.0
infect,3920,2354,2265269.0
employment,3578,2419,2265186.0
strike,5572,3396,2264819.0
spatial,2770,705,2263527.0
improves,3715,3272,2262937.0
sec,6790,3422,2260824.0
isolated,4562,3254,2259376.0
afp,2671,1486,2259246.0
exhibit,3928,2665,2257907.0
combining,3847,3365,2255170.0
andrew,3981,3014,2252850.0
randomized,5495,3311,2252581.0
martin,4285,3016,2249981.0
russia,4587,2935,2249517.0
intensity,3930,2010,2249209.0
debt,4095,2084,2249191.0
mix,4586,3585,2249109.0
sti,3684,1285,2247765.0
showcase,4594,3568,2247196.0
intellectual,4579,3879,2246839.0
missed,3666,3152,2242874.0
talked,5129,4158,2240740.0
recalled,3294,2000,2238375.0
enrolled,4196,3193,2238021.0
patel,3142,1340,2238018.0
emphasised,2246,1852,2236226.0
ice,4896,2719,2235533.0
usage,3771,2631,2233794.0
respective,3622,3359,2230606.0
nuzyra,8222,338,2229444.0
culturally,3441,2570,2229310.0
mood,3370,1982,2229027.0
utilized,3315,2627,2228491.0
producing,4228,3034,2228153.0
breast,3978,2552,2227837.0
santa,4424,2291,2226502.0
impairment,4251,2217,2225402.0
concrete,3155,2317,2225076.0
tiktok,3867,2698,2224811.0
neonatal,4401,1834,2224640.0
whereas,3183,2402,2222279.0
operate,3709,3440,2222000.0
entertainment,4357,2749,2220682.0
prenatal,3658,2031,2220161.0
cosmetic,5509,3836,2219206.0
fatty,4290,1659,2219083.0
nadda,1958,577,2214767.0
mcdonald,4057,1566,2212313.0
reimbursement,3400,2409,2210115.0
ahf,3119,361,2208533.0
regulator,3607,2921,2207459.0
assumption,5315,3610,2206022.0
racial,3557,2630,2205519.0
incentive,3534,2565,2204196.0
sit,4111,3367,2203978.0
behaviour,2986,1399,2202632.0
gratitude,3117,2082,2202120.0
temporary,3828,3057,2202070.0
length,3575,2333,2200842.0
structured,2916,2055,2198966.0
toll,4676,4062,2198447.0
influencing,3371,2720,2198134.0
kept,4122,3689,2196722.0
observation,3309,2175,2195906.0
programming,4090,2934,2194354.0
style,4570,3013,2192526.0
container,3747,2234,2192483.0
pan,3422,2310,2190998.0
cooperative,2837,1685,2190988.0
cabinet,4630,2815,2190308.0
tried,4582,3894,2189138.0
composition,3703,1928,2188817.0
asbestos,4021,426,2188365.0
dialogue,3099,2506,2188267.0
ave,3048,1726,2188113.0
enrollment,4681,2736,2185962.0
snack,3884,1770,2183036.0
gen,4490,2219,2182651.0
edt,4103,3292,2182405.0
tier,3094,1842,2182247.0
perceived,3109,1660,2181866.0
ray,4442,2661,2180579.0
binding,2975,1922,2179348.0
circulating,3754,2925,2178976.0
convenience,3569,2801,2178225.0
realize,4684,4161,2177986.0
carbon,3479,1883,2176328.0
somebody,4640,3678,2175687.0
extends,3381,3103,2175457.0
instruction,3366,2369,2174230.0
underscored,2872,2659,2173843.0
coli,4356,1726,2173619.0
governmental,3472,2721,2172943.0
exciting,4046,3488,2171962.0
dakota,4034,2150,2171642.0
montana,4327,1402,2170192.0
dijo,3374,1122,2169954.0
standardized,3066,2013,2169139.0
maintained,3488,3010,2168943.0
educating,3869,3544,2168538.0
citing,3312,2947,2168006.0
experiment,3592,2110,2167924.0
sudden,3854,2900,2167216.0
basically,4874,3758,2167176.0
disproportionately,3624,3238,2166937.0
flavor,4550,2454,2166855.0
instrumental,3424,3134,2166494.0
authorization,3963,2414,2165833.0
ship,3704,1780,2165525.0
fifth,3644,2905,2165018.0
yellow,4255,2457,2164758.0
rally,3251,2425,2163035.0
molecule,4499,2966,2161463.0
loneliness,5632,1052,2161091.0
pushing,4221,3859,2160629.0
miami,4013,2261,2157888.0
represented,3192,2659,2155403.0
jackson,4079,2476,2150781.0
lisa,3775,2836,2149660.0
expands,3766,3153,2146877.0
grain,3772,2190,2146783.0
desde,3719,2130,2143549.0
athlete,4086,1751,2143017.0
supplier,3651,2880,2139807.0
intention,3873,3155,2139219.0
manner,3369,3071,2137785.0
charles,5301,2274,2137335.0
interoperability,2604,1140,2137095.0
emission,3708,1695,2136900.0
ada,3858,1704,2136864.0
invite,3860,3463,2135547.0
untreated,4228,3180,2135104.0
minimize,3939,3561,2133137.0
impossible,3553,3123,2128812.0
geographical,3157,2473,2128640.0
tank,3854,2216,2126732.0
traveling,4096,3209,2125462.0
ordered,3436,2935,2124423.0
interesting,4622,3631,2123656.0
chosen,3618,3117,2123599.0
spotlight,3768,3037,2120419.0
susceptible,4019,3086,2120378.0
scene,4899,3850,2120154.0
excellent,3786,3144,2119104.0
excluded,2858,1987,2115655.0
booster,3913,2376,2114799.0
recover,3514,2934,2113011.0
controlling,3614,3079,2113008.0
producer,4341,3063,2110552.0
advised,3691,3026,2109918.0
cervical,2612,1383,2109171.0
paying,3818,3309,2108875.0
pocket,3767,3141,2108396.0
coach,4406,2452,2107190.0
accelerating,4232,3518,2106780.0
visited,3374,2854,2106777.0
guiding,3080,2864,2106028.0
enfermedad,3371,1421,2105858.0
flexible,3279,2796,2105368.0
delta,2981,1349,2105287.0
invited,3791,3070,2105057.0
decide,3788,3320,2104174.0
endorsed,3183,2960,2102887.0
sedentary,3181,1349,2102311.0
carrying,4034,3392,2102065.0
rwanda,3051,1555,2100965.0
filled,4217,3888,2100501.0
logo,4595,3209,2100337.0
wider,3469,2969,2099600.0
occupational,3442,1962,2099344.0
kaiser,4397,1281,2098601.0
conservation,3723,1803,2095574.0
receptor,4220,1578,2092576.0
zoonotic,3005,1503,2091993.0
underway,3724,3521,2091540.0
joy,4117,2629,2091108.0
correct,3751,2919,2090197.0
incorporating,3029,2369,2089118.0
distinct,3227,2441,2088798.0
empowers,4464,4008,2088083.0
skilled,2822,2399,2087754.0
fell,3760,3118,2086888.0
interim,3439,2699,2086708.0
congenital,3701,1435,2085534.0
display,3549,2652,2082763.0
stride,2849,2362,2082254.0
validated,3122,2379,2081970.0
nutritious,3966,2504,2080130.0
quitting,5307,1477,2077679.0
integral,3283,2596,2076385.0
safely,4188,3512,2075762.0
editorial,3747,2851,2074195.0
apart,3686,3342,2074187.0
indeed,4035,3234,2074185.0
wic,2846,586,2072564.0
limiting,3496,3115,2072389.0
rogue,1544,298,2070749.0
contracted,3164,2719,2069841.0
pipe,4007,1753,2069132.0
invaluable,3656,3141,2068595.0
mural,2922,429,2067620.0
taste,4132,2759,2065273.0
representation,3460,3006,2063929.0
brian,4688,3042,2063441.0
pack,3765,2402,2063017.0
hotel,4389,2663,2062605.0
bottom,4001,3463,2062391.0
connecting,3261,2917,2062079.0
analyzing,3192,2657,2058158.0
initiated,3696,2911,2057796.0
genetics,3599,2191,2057731.0
cleveland,5051,2023,2057104.0
fetal,3913,1660,2056943.0
settlement,4530,1943,2055908.0
dubai,3103,1321,2055227.0
hair,4371,2200,2054579.0
implant,4107,882,2054112.0
unable,4035,3500,2053853.0
qualitative,3033,1753,2053820.0
inequality,3184,2068,2052702.0
avec,4484,1147,2052194.0
permanente,4235,1157,2051517.0
outlined,2808,2511,2050517.0
fellowship,4428,2131,2050054.0
trajectory,3325,2684,2049462.0
accessing,3078,2691,2049339.0
hesitancy,3172,1829,2048216.0
kff,3264,1728,2047889.0
nearby,3842,3302,2047637.0
flagship,3080,2823,2047134.0
virtually,3024,2617,2045659.0
comparing,3471,2019,2044676.0
allied,2992,1288,2043987.0
avoiding,3514,3191,2043391.0
airborne,3290,1804,2042348.0
dallas,3810,2184,2042074.0
productivity,3676,2587,2040863.0
rodent,4834,1517,2037132.0
introduce,3606,3221,2036360.0
copd,4234,1054,2036125.0
characterized,3596,2868,2035735.0
stored,3588,1834,2034686.0
northwest,4123,2574,2031122.0
sectional,2938,1482,2030641.0
gum,3430,1578,2030437.0
seg,3303,1782,2030313.0
laid,3545,2856,2029848.0
oversight,3456,2574,2028860.0
investigating,3643,3247,2028642.0
inhibitor,4036,1796,2028581.0
donate,3223,2291,2028249.0
orleans,3782,1573,2027627.0
responded,3469,3148,2027327.0
soft,3801,2473,2025659.0
venture,4150,2563,2023560.0
ranked,3784,2685,2023553.0
internationally,3620,3261,2020624.0
inadequate,2923,2282,2018074.0
toxicology,2975,1547,2016736.0
microbiome,4545,1388,2016158.0
presenting,3358,2539,2013913.0
stuff,4955,3619,2012649.0
deployment,3245,2503,2011638.0
transplant,6331,2419,2011407.0
acknowledged,2909,2733,2010829.0
solid,3692,2817,2010282.0
australian,3284,1646,2010142.0
sending,3496,3260,2009077.0
miller,4182,1758,2008727.0
taylor,3524,2369,2008271.0
mount,3664,2120,2007575.0
timing,5307,3754,2006631.0
nucleic,2652,973,2005515.0
throat,3614,2101,2004425.0
positively,3193,2507,2002623.0
liquid,3633,2330,2002174.0
cpr,2440,571,2001120.0
precise,3591,2851,2000292.0
momentum,3343,3057,1999731.0
slightly,3580,2899,1999098.0
consume,3702,2797,1998320.0
vomiting,3547,3028,1998041.0
deadline,3382,2524,1997178.0
reliance,3946,3490,1996281.0
confident,3397,2929,1995947.0
declining,3074,2517,1994818.0
corresponding,2930,2192,1994347.0
cama,1583,260,1994121.0
capable,3370,2994,1993589.0
ups,3282,2563,1993516.0
equivalent,3537,2800,1991519.0
voter,4781,2771,1989458.0
susan,3329,2169,1989430.0
nacional,3015,1663,1987221.0
beauty,3521,2257,1984771.0
football,4574,2457,1984568.0
clinically,3665,2935,1984555.0
discipline,3220,2454,1983876.0
interval,3181,1832,1982799.0
needle,4208,2270,1981655.0
celebrates,3262,2450,1981580.0
unclear,3226,3000,1980522.0
cream,3003,1479,1980382.0
regulate,3205,2763,1979182.0
connecticut,4363,2080,1979118.0
encephalitis,3526,2092,1977762.0
entering,3343,2894,1977617.0
litigation,5466,4218,1976755.0
fashion,3201,1642,1976530.0
customized,3517,2909,1975575.0
bright,3301,2157,1974818.0
comfortable,3628,3127,1974303.0
ambassador,3246,2285,1974152.0
accounting,3141,2570,1973399.0
afford,3900,3231,1973041.0
dream,5022,3221,1972880.0
doubt,3440,3022,1972770.0
coaching,2700,1507,1970523.0
stis,3125,1058,1969570.0
replacing,3303,2884,1969004.0
projection,3579,2797,1968955.0
lay,3303,2750,1968665.0
benjamin,3331,2412,1966888.0
desire,3024,2687,1966557.0
idaho,3341,1513,1966534.0
interactive,4113,3094,1966266.0
nervous,4506,3506,1965169.0
beautiful,4550,3652,1965063.0
divided,2974,2435,1963290.0
dramatically,3343,3090,1963201.0
abroad,3030,2362,1962701.0
heritage,3314,2332,1962603.0
bus,4378,2538,1961648.0
dying,4066,3397,1960087.0
bachelor,3318,2365,1959392.0
accounted,3168,2572,1959349.0
tradition,3556,2789,1958894.0
reflected,2990,2785,1957654.0
preliminary,3604,2911,1956284.0
losing,4305,3603,1955875.0
deserve,3680,3350,1955838.0
editing,3084,2701,1955561.0
nebraska,3101,1711,1955217.0
amazon,4338,2703,1952650.0
estados,3348,1358,1952486.0
selling,4037,2898,1951978.0
shaped,3240,2690,1950934.0
crime,4821,3108,1950567.0
excessive,3438,2580,1950502.0
toothpaste,2658,1640,1949754.0
dark,3961,2366,1949067.0
hosting,3479,3143,1949040.0
victim,4882,3461,1948811.0
progressive,4670,3065,1948716.0
possibly,3873,3557,1948404.0
navigating,3742,2998,1948320.0
pride,3170,2606,1947263.0
pop,3663,2564,1946607.0
ethiopia,2643,1136,1946356.0
bangladesh,3135,1195,1945509.0
organic,3778,2203,1945281.0
discrimination,2961,2242,1942713.0
heightened,3492,2829,1942191.0
guided,3161,2800,1941335.0
proof,3451,2716,1941318.0
restoration,3427,1313,1941089.0
devotee,1847,378,1940887.0
believed,3951,3497,1940643.0
god,4968,2631,1939692.0
specializing,3876,3620,1939548.0
heavily,3158,2970,1939091.0
stopping,2746,2409,1938131.0
affiliate,3327,2434,1935813.0
microbiology,3813,2342,1935751.0
urine,3700,1840,1935131.0
detecting,3070,2568,1934896.0
roll,3904,3149,1934017.0
depends,3205,2881,1933650.0
reveal,3519,3119,1933566.0
false,3412,2443,1932722.0
promoted,2961,2527,1932586.0
extent,3450,2961,1932553.0
marker,3466,2073,1929148.0
thorough,3359,2975,1929102.0
prompt,3093,2577,1928555.0
useful,3368,2874,1928193.0
aux,3513,1074,1927604.0
biolabs,2578,330,1927153.0
burn,3521,2431,1926844.0
caring,3978,3173,1926592.0
metabolism,3595,2160,1922256.0
myopia,2933,329,1921741.0
claimed,3778,3286,1920992.0
dependent,3194,2372,1920943.0
ethnic,3054,2213,1920940.0
introducing,3017,2701,1920552.0
manuscript,2806,1535,1917955.0
junior,5664,3567,1917329.0
snow,6008,2618,1916967.0
appreciate,4079,3590,1913496.0
xinhua,2198,887,1912820.0
tennessee,3671,1915,1911942.0
bold,3604,2755,1911397.0
anthrax,3794,1024,1910957.0
urgency,3180,2720,1910434.0
dalam,2752,1044,1910304.0
gather,3430,3162,1910190.0
howard,3163,2371,1908098.0
trigger,3606,2774,1905419.0
gathered,3234,2993,1905102.0
positioned,3504,3198,1904120.0
trail,3580,2229,1903958.0
rollout,2653,1844,1902925.0
resurgence,2807,1926,1902504.0
liter,2595,1372,1902336.0
glass,4477,2582,1902284.0
leprosy,4580,558,1901872.0
typical,3325,2801,1900972.0
calif,5530,3697,1900914.0
conventional,3526,2723,1900524.0
pfizer,3722,1909,1898317.0
william,3206,2190,1898127.0
grew,3564,3129,1897558.0
incredibly,4009,3578,1896609.0
supplementary,3400,946,1896073.0
titled,3158,2800,1895874.0
carefully,3516,3252,1895231.0
describe,3100,2495,1895049.0
indianapolis,2675,886,1894977.0
convention,3484,2424,1891745.0
assigned,3173,2167,1891227.0
keynote,3010,1605,1891113.0
oncology,3118,2187,1889417.0
bottle,4063,2671,1886571.0
interdisciplinary,2510,1862,1884521.0
sky,5313,3818,1882673.0
oklahoma,3453,1797,1882366.0
preferred,3245,2541,1881532.0
layer,3653,2677,1881127.0
developmental,2936,2092,1880710.0
unexpected,3328,2820,1880651.0
wire,4084,2900,1878074.0
briefing,2982,2165,1877868.0
placebo,6004,2403,1877811.0
explored,2656,2207,1876774.0
paho,2423,774,1874480.0
roadmap,2556,1819,1873244.0
tablet,3546,1823,1873098.0
margin,2958,1586,1871785.0
spike,3651,2819,1871700.0
iran,3822,1930,1871511.0
destination,3231,2286,1871452.0
federally,3120,2360,1870928.0
activist,3466,2723,1870744.0
fatality,3516,2734,1870610.0
ihr,2087,820,1869238.0
bolster,2972,2668,1868955.0
tetanus,2603,1520,1868011.0
meningococcal,2870,639,1867419.0
pillar,2439,2078,1866922.0
karen,2717,1431,1866756.0
poster,5271,1952,1862394.0
scientology,2712,151,1861560.0
telling,4451,3865,1861431.0
clothing,3511,2519,1860366.0
behalf,3449,3152,1859642.0
ann,3460,2339,1858842.0
scan,3736,2031,1858827.0
zhang,2786,979,1858599.0
unless,3530,3293,1857241.0
cruise,2590,578,1857111.0
broadcast,3207,2841,1855377.0
eligibility,3261,1994,1854634.0
joseph,3662,2690,1853843.0
immigration,3711,2050,1853264.0
helpful,3567,3109,1853086.0
lowering,3391,2354,1852859.0
saharan,2669,1677,1852226.0
suitable,3026,2372,1851611.0
superior,3638,2648,1851250.0
repeat,2971,1929,1850955.0
wound,3203,2000,1849696.0
permit,3456,2176,1849638.0
pulse,2817,1066,1849319.0
iavi,1433,104,1849050.0
adapt,3041,2569,1848461.0
leg,3464,2382,1847878.0
ncds,2906,1003,1847632.0
encounter,3102,2476,1847021.0
obstacle,2798,2531,1846434.0
rock,3808,2574,1845941.0
responder,4527,2199,1845135.0
falling,3606,3232,1844497.0
prescribing,4002,2194,1841664.0
ear,3512,1926,1841188.0
forced,3517,2974,1841151.0
pesticide,3550,1439,1841086.0
applying,3049,2747,1840950.0
delegation,2274,1157,1840169.0
ticket,4331,2727,1839931.0
spanning,2890,2813,1839867.0
closure,3763,2402,1839855.0
monkey,3903,1014,1839657.0
ont,3687,1081,1839645.0
appearance,3530,2755,1838813.0
importantly,3207,3088,1837828.0
outdoors,3075,2219,1837357.0
poisoning,3656,1941,1835802.0
washing,3831,2288,1833371.0
pound,3834,2582,1832682.0
filing,5582,4292,1831677.0
revised,2522,2118,1831406.0
mail,3463,2307,1828484.0
immunology,3187,2371,1828227.0
circle,3700,2611,1827289.0
practicing,3350,2717,1826870.0
jynneos,2340,483,1826436.0
sustain,2659,2413,1824990.0
evolve,2787,2527,1824541.0
stream,3446,2937,1822773.0
overnight,5507,4127,1822485.0
fibrosis,4583,886,1821836.0
rice,3770,1674,1821580.0
entirely,3280,3059,1821084.0
cleft,2466,194,1820943.0
adopting,2811,2374,1820668.0
todo,3400,1926,1819794.0
septic,3384,430,1819372.0
accurately,3078,2678,1818885.0
metro,3479,2190,1818561.0
boosting,3067,2666,1818488.0
ancient,2892,1678,1818313.0
technavio,2473,250,1817321.0
homeless,3226,1812,1817031.0
tel,3714,2282,1816842.0
lady,2828,1907,1816531.0
reputation,3090,2766,1815819.0
quantitative,2940,2160,1814153.0
pepfar,2393,775,1812678.0
vacunas,2568,893,1812396.0
parallel,2524,2217,1810739.0
bag,4177,2630,1810591.0
pull,3362,2938,1810417.0
insecticide,3360,1210,1808750.0
coordinating,2586,2209,1808491.0
intersection,2966,2455,1808483.0
strict,3100,2674,1807982.0
chen,3676,1844,1807091.0
atenci,2832,1276,1806881.0
custom,2976,2310,1806600.0
argentina,3287,1388,1804723.0
alpha,3202,1229,1804420.0
purchasing,2547,1723,1803297.0
witnessed,2542,2343,1802921.0
renewed,2939,2552,1802241.0
imagine,3670,3075,1801515.0
zealand,2768,1376,1801323.0
saint,3614,2117,1800190.0
celebrity,2602,1473,1799485.0
interpretation,2897,2201,1798559.0
chris,4196,3231,1797548.0
congressional,3712,3056,1797134.0
diphtheria,2478,1446,1796182.0
breeding,3008,1747,1795428.0
sarampi,2709,473,1793839.0
chc,1644,529,1793547.0
ireland,2688,1270,1793411.0
louis,3579,2026,1793410.0
convenient,3093,2684,1793075.0
philip,3197,1711,1792542.0
douglas,2786,1337,1790172.0
assurance,3301,2848,1789488.0
beijing,3801,1740,1788560.0
cooler,4193,2298,1787143.0
lebih,2410,883,1786397.0
remark,2360,2009,1785644.0
programa,2681,1287,1785229.0
performing,3098,2604,1785210.0
tbrc,2232,1041,1784919.0
explores,2822,2396,1784208.0
birthday,3258,2181,1783755.0
cleaner,2653,1485,1783719.0
mention,3187,2786,1783553.0
predicted,2949,1948,1782741.0
arrived,3086,2677,1782385.0
webinar,2955,1038,1782313.0
wine,5248,1320,1781183.0
bipartisan,3737,2661,1780734.0
format,3086,2257,1780707.0
celebrated,2703,2462,1779397.0
stanford,3379,2172,1778287.0
lifesaving,3155,2766,1777405.0
juga,2787,1050,1777257.0
magazine,3509,2380,1777065.0
contracting,2781,2289,1776562.0
dye,3885,966,1776242.0
suspect,4060,3020,1775655.0
unified,3285,2278,1774730.0
publish,3604,2243,1773610.0
pace,3171,2602,1773147.0
khan,2817,1513,1772868.0
plain,2704,1909,1772061.0
measuring,2903,1919,1770953.0
operator,2923,1467,1770108.0
hasta,3106,1883,1768502.0
hey,5082,3952,1767621.0
guard,3826,2613,1767597.0
lakh,1956,954,1767346.0
affordability,2719,2160,1767326.0
harder,3597,3264,1767001.0
glaucoma,3223,500,1765246.0
applicable,3605,2916,1765119.0
returned,3289,2967,1764073.0
maria,3295,2235,1763159.0
beat,3356,2467,1762103.0
prescribed,3342,2239,1759922.0
necessity,3046,2703,1759165.0
dependence,3090,2220,1758769.0
jun,2473,2121,1756384.0
maine,3094,1340,1753034.0
stone,3448,1797,1752805.0
wichro,2344,165,1752554.0
sharp,3151,2357,1750002.0
attending,2871,2478,1749201.0
virology,4260,1802,1746248.0
eric,3230,2485,1745987.0
homeowner,3762,1792,1745494.0
hopeful,2780,2148,1745494.0
endometriosis,1780,226,1745241.0
insufficient,2629,2151,1744884.0
oms,2472,843,1744687.0
pursuit,3150,2688,1744534.0
procurement,3800,2036,1743939.0
edu,3680,2365,1743015.0
ehr,2734,962,1742950.0
ache,2722,2202,1740049.0
hong,3325,1845,1739896.0
delayed,3426,2917,1739473.0
philippine,2634,1447,1738144.0
underscoring,2856,2719,1738053.0
constant,3242,2453,1737534.0
barda,4633,1567,1737160.0
patent,4936,2500,1736785.0
jim,3556,2764,1736364.0
allergic,3815,2040,1735292.0
socio,2305,1515,1733741.0
debilitating,3004,2386,1731621.0
segmented,2715,1665,1731547.0
formed,2999,2773,1731453.0
naloxone,3759,1086,1731395.0
willing,3410,2686,1730724.0
curb,2958,2659,1730195.0
findatopdoc,2197,562,1730116.0
chiropractic,2197,188,1729332.0
solve,3429,2999,1729129.0
killing,3564,2966,1728143.0
obviously,3973,3249,1726785.0
sont,3699,1092,1726575.0
wam,1523,929,1723397.0
sierra,2740,1194,1722271.0
expects,3669,3377,1721898.0
ppe,1862,731,1720836.0
poblaci,2613,1344,1720768.0
stick,3739,3041,1720096.0
determination,2723,2108,1719640.0
accident,4100,2963,1718151.0
commercialization,4316,3026,1715826.0
clarity,3035,2420,1715569.0
radiation,4270,3369,1713700.0
elsewhere,2923,2636,1713359.0
gaining,2803,2541,1713284.0
argument,3488,2383,1712351.0
shield,3441,1927,1711138.0
clock,3928,3014,1710813.0
specimen,2856,1110,1709736.0
alta,2381,881,1709393.0
studying,3039,2559,1707857.0
northeast,3353,2648,1707643.0
varied,2681,2247,1706945.0
extraordinary,3319,2862,1706737.0
sewage,2861,1455,1706177.0
marijuana,3270,1029,1705546.0
premise,2262,1549,1703876.0
unusual,2798,2201,1703691.0
globenewswire,6008,5336,1701831.0
curriculum,2830,1990,1701782.0
ayushman,1539,867,1700681.0
advise,2880,2650,1699979.0
legislature,2917,2183,1696613.0
uninsured,2264,1692,1695868.0
corner,3409,3068,1695625.0
ante,2746,1750,1694116.0
pueden,2843,1493,1694073.0
tiny,3349,2787,1693922.0
controversial,4068,3255,1693739.0
arkansas,4615,1746,1693406.0
biopharmaceutical,5306,2979,1692796.0
pledge,2899,1891,1692772.0
praised,2451,2151,1692668.0
osteoporosis,3257,778,1692198.0
seriously,3255,2985,1692179.0
pioneer,3155,2561,1691126.0
organizational,2023,1467,1689979.0
steady,3039,2608,1689257.0
witness,3584,2815,1688513.0
caught,3576,3130,1686245.0
triple,3722,2153,1686049.0
snake,1970,378,1685841.0
shut,3390,2758,1683621.0
acceptance,3148,2336,1683364.0
incorporated,2688,2320,1683044.0
anticipate,4085,3945,1682346.0
calcium,3170,1286,1682101.0
freeze,2820,1502,1682062.0
heading,4067,3536,1682056.0
developer,3088,2235,1681949.0
charity,3603,2382,1681874.0
computer,3177,2149,1680950.0
countless,2988,2787,1680507.0
parte,2816,1863,1680486.0
amy,3427,1957,1679132.0
hybrid,2682,1638,1678992.0
exemption,3029,1580,1678657.0
integrative,2288,1082,1676353.0
toxin,3773,2032,1675424.0
thompson,1991,983,1674156.0
collectively,2696,2485,1673365.0
bioscience,5335,1619,1673275.0
retailer,3298,2254,1672324.0
repellent,2740,1491,1672295.0
chart,2655,1989,1672106.0
occurrence,2891,2091,1671971.0
supervisor,2770,1659,1671767.0
michelle,3188,2422,1671481.0
shelf,3062,2346,1671026.0
simultaneously,2455,2231,1670965.0
entered,3322,3014,1670507.0
federation,3216,1802,1670257.0
timeline,3044,2457,1668669.0
responsive,2397,2069,1667914.0
jordan,2751,1843,1667596.0
circulation,2781,2067,1667570.0
intense,2991,2640,1667221.0
cassidy,2644,979,1665786.0
minimal,2826,2459,1665777.0
german,2668,1645,1665509.0
dimension,1887,1004,1665172.0
experimental,3035,1948,1665105.0
vacuna,2771,1035,1665067.0
refugee,2553,1553,1665012.0
argued,2580,2058,1664898.0
tenure,2356,2126,1663751.0
argue,3127,2670,1663571.0
prove,3654,3342,1663106.0
favor,3135,2586,1662612.0
promptly,2389,2238,1662482.0
icmr,1737,569,1662132.0
poll,3404,2055,1661112.0
poliovirus,2481,1044,1661105.0
syncytial,2609,1295,1657077.0
exceed,2840,2258,1656838.0
madison,2639,1622,1656431.0
kick,3791,2989,1655186.0
apps,2845,1813,1654498.0
prolonged,2796,2129,1653799.0
flood,3443,2137,1653459.0
reviewing,2610,2394,1652836.0
painful,2893,2253,1651794.0
snakebite,1478,135,1651474.0
manufacture,3454,2834,1651140.0
scholarship,3769,1266,1651025.0
regulated,3055,2201,1650301.0
assisted,2898,2157,1650273.0
marburg,2610,908,1649877.0
steve,3829,2633,1649709.0
refer,2828,2478,1649157.0
pada,2284,909,1649071.0
barbara,2312,1279,1648289.0
influential,2883,2505,1648168.0
passing,2887,2627,1647839.0
arabia,2833,1160,1645170.0
grassroots,2649,2105,1645071.0
stephen,3614,2529,1644850.0
aligning,2303,1965,1642463.0
von,3030,766,1641929.0
neither,3382,3182,1641679.0
ukraine,4096,2319,1641008.0
communicate,2695,2392,1640538.0
edward,2989,2297,1639568.0
eee,2138,291,1638974.0
mit,3662,1002,1638910.0
brii,12445,361,1638613.0
evolved,2467,2168,1637420.0
classroom,2856,1789,1637111.0
port,3176,1982,1634741.0
foodborne,2580,1306,1634628.0
elizabeth,3905,2436,1634480.0
crop,2924,1552,1633874.0
marginalized,2414,1887,1633734.0
tough,3541,3030,1633326.0
preserve,2490,2171,1631730.0
bigger,3395,2906,1631506.0
rescue,3399,2357,1630920.0
linear,2334,1113,1629763.0
omega,4436,914,1628351.0
survive,3160,2694,1628134.0
incorporate,2814,2573,1626971.0
estado,2573,1426,1625531.0
costly,3186,2941,1625500.0
modified,3128,2308,1625226.0
quilt,1760,586,1623928.0
ownership,2661,2122,1621147.0
accredited,2632,2168,1621117.0
affiliated,3090,2838,1620972.0
opposition,2790,2121,1620334.0
plate,2651,1535,1619019.0
league,3533,1925,1618659.0
diagnose,3384,3037,1618623.0
residency,2703,1841,1618243.0
insurer,2453,1321,1617543.0
outlet,3240,2600,1617449.0
solo,2899,1870,1617326.0
williams,3793,2149,1617103.0
tie,3111,2440,1616548.0
flight,3870,2483,1614404.0
frontline,2903,2426,1614007.0
vascular,4316,1533,1613790.0
allocated,2169,1880,1613752.0
chemistry,3316,1885,1612185.0
strengthened,2142,2007,1612128.0
adaptation,2254,1459,1610760.0
enhancement,2483,1973,1608764.0
hay,3580,1842,1608656.0
nyse,3872,2412,1607899.0
reserve,3149,2184,1606590.0
musk,3255,1769,1606404.0
accountable,2750,2367,1606070.0
screened,2323,1602,1605237.0
requested,2553,2201,1605160.0
persistence,2267,877,1605018.0
forever,2976,2236,1604847.0
seal,3851,1727,1604800.0
tribune,2069,1624,1604224.0
finish,2913,2545,1603957.0
criticism,2652,2379,1603855.0
bear,3500,2553,1603707.0
zika,3387,1960,1603597.0
adviser,2438,2075,1601767.0
automated,2963,1891,1601143.0
todos,2812,1754,1600860.0
lesion,3258,1801,1600850.0
optimizing,2631,2352,1599459.0
drc,3053,1022,1597836.0
dataset,2142,994,1597691.0
ally,3287,2664,1596802.0
complement,2715,2407,1596248.0
jama,3056,2238,1595259.0
gsk,2621,1024,1594879.0
kim,3443,1997,1594042.0
uniquely,3363,3237,1592797.0
obese,2989,1584,1592454.0
mitigating,2625,2214,1590851.0
arrest,3250,2021,1590148.0
parking,2397,1593,1590055.0
sinai,2585,1075,1589797.0
seamless,2902,2462,1589787.0
additive,3286,2214,1588257.0
consistency,2268,1735,1588048.0
returning,2892,2480,1587691.0
switch,3378,2586,1587566.0
oversees,2371,2231,1587337.0
essentially,3484,2942,1587238.0
pneumococcal,2740,794,1587226.0
consists,2911,2428,1586885.0
hazardous,2537,1595,1586844.0
germ,2915,1429,1586714.0
netherlands,2968,1942,1586434.0
centric,2400,1727,1585839.0
latino,2506,1413,1585243.0
hbv,8037,651,1583747.0
construct,1933,1060,1583184.0
song,3512,2028,1583001.0
movie,3572,2268,1582262.0
flint,4493,769,1582157.0
recovered,2762,2172,1581719.0
persist,2538,2337,1581032.0
subsidiary,4373,2998,1580837.0
junk,2256,948,1580159.0
qatar,1581,837,1580093.0
partnered,2964,2695,1577979.0
ncpdp,1876,81,1574686.0
stating,2465,2334,1574416.0
transaction,3915,1617,1572085.0
fort,3620,2224,1571355.0
delaware,2887,1575,1570610.0
examining,2842,2405,1568176.0
tied,2924,2590,1567876.0
preclinical,3948,2083,1567340.0
regard,2904,2572,1566669.0
unity,2326,1591,1565419.0
yield,2401,2032,1564701.0
develops,2853,2639,1564520.0
investigated,2890,2209,1563364.0
amplify,2398,1917,1562952.0
caffeine,3041,708,1562393.0
nhanes,2015,656,1562108.0
biosecurity,2446,1126,1561805.0
emerge,2854,2703,1561770.0
vibrant,2522,2220,1560212.0
busy,3486,3071,1560019.0
physically,2491,1999,1559844.0
premature,4011,2630,1559639.0
publique,2309,1191,1558730.0
inflation,2789,2205,1558507.0
chi,2619,1132,1558471.0
expedite,2609,2505,1558098.0
twenty,3171,2532,1557409.0
den,2760,833,1557286.0
recipe,3382,1905,1555760.0
vlp,2861,477,1555682.0
filling,2272,1902,1555583.0
matthew,2417,1951,1555190.0
turkey,2778,1656,1555114.0
hurt,3266,2699,1554829.0
sovereignty,2090,1290,1554651.0
greatly,2564,2391,1554608.0
acknowledge,2824,2479,1553500.0
migration,2135,1191,1551298.0
understood,2399,2215,1551061.0
studio,3575,2787,1550479.0
vous,4221,859,1550430.0
drawn,2483,2318,1550306.0
cada,2674,1523,1549030.0
fungal,3402,734,1548479.0
norovirus,2770,768,1548194.0
curve,2447,1305,1547406.0
ultimate,2562,2143,1547300.0
lens,2738,1700,1545603.0
empowered,2961,2189,1545523.0
hpai,2229,649,1545313.0
substantially,2543,2294,1545088.0
induced,3376,1957,1544885.0
prevents,2540,2369,1544308.0
pathogenic,2553,1691,1542644.0
mayo,3378,2119,1542264.0
honourable,1885,1000,1541341.0
drawing,2812,2539,1540574.0
pursue,3094,2586,1540365.0
submitting,2073,2024,1539844.0
matrix,2234,1140,1539446.0
kumar,2149,1286,1538950.0
quarantine,2167,1372,1536246.0
medal,3268,997,1535323.0
correspondence,1934,1875,1535293.0
spa,2798,1093,1535237.0
vega,2645,1521,1533154.0
constraint,2177,1742,1533107.0
dashboard,2555,1533,1533003.0
discussing,2717,2540,1532733.0
dive,2988,2207,1532250.0
parliament,2348,1505,1532247.0
ward,2332,1555,1532034.0
plaza,2006,871,1530677.0
sweet,3029,2067,1530630.0
adapted,2421,1863,1530090.0
analytical,2459,1552,1530053.0
unveiled,2498,2240,1530035.0
consecutive,2475,1961,1529619.0
jimmy,3605,1434,1529384.0
husband,3326,2595,1529199.0
dignity,2472,1918,1528570.0
baltimore,2853,1440,1528392.0
television,2926,2289,1527947.0
flag,3222,2349,1527887.0
salary,2222,1313,1527803.0
unidos,2657,1169,1527616.0
depend,2841,2674,1526471.0
chocolate,2708,805,1526314.0
traveled,2561,2169,1526030.0
promised,2810,2187,1525908.0
trace,2710,2050,1525360.0
pha,1373,140,1523728.0
distribute,2244,2050,1523120.0
taxpayer,2835,2138,1522889.0
straight,3316,2866,1522617.0
siga,7561,385,1522213.0
rhode,2376,1330,1522079.0
bjp,1844,569,1521894.0
norm,2520,1867,1521738.0
rico,2790,1521,1521158.0
enzyme,2937,1535,1521116.0
sight,3323,2084,1519493.0
bridging,2139,1944,1518602.0
pair,2925,2274,1517691.0
retirement,2590,1870,1517204.0
weakened,2498,2184,1516205.0
streamline,2667,2436,1515432.0
brush,2111,1083,1515427.0
onto,3074,2688,1514570.0
tracing,2392,1755,1514297.0
heal,2857,1798,1514052.0
coupled,2562,2291,1513885.0
ebc,1174,69,1513855.0
recombinant,3195,1687,1513281.0
speaks,3126,2894,1513009.0
wang,2383,1235,1509656.0
fed,2717,1771,1509077.0
deployed,2509,2193,1508446.0
slide,2266,1006,1508091.0
loan,2827,1636,1507652.0
livlyme,1127,88,1507509.0
paint,3356,1695,1507468.0
exists,2312,2160,1507391.0
inter,2169,1496,1506701.0
consult,3070,2559,1506079.0
soap,2737,1585,1505756.0
jay,2468,1593,1504838.0
innovator,3163,2698,1504580.0
bathroom,2691,1256,1504564.0
choosing,2824,2421,1504543.0
dapat,2213,833,1504387.0
gonorrhea,2688,833,1503795.0
caution,3476,3096,1502877.0
consortium,3954,1687,1502428.0
criminal,3736,2702,1501162.0
empowerment,2120,1618,1500980.0
reasonable,2970,2644,1500440.0
facilitator,1570,430,1499296.0
gay,2344,1449,1499033.0
shifting,2389,2139,1498952.0
queen,2601,1762,1497884.0
repeated,2561,2155,1497040.0
oxygen,3462,2028,1496960.0
interior,2950,1787,1496812.0
equally,2386,2213,1496569.0
prospective,2686,1823,1494915.0
tremendous,3103,2919,1494821.0
surprise,3066,2678,1494808.0
critically,2807,2320,1494596.0
soccer,1885,824,1494475.0
paramount,2366,2065,1494461.0
msc,1550,783,1493193.0
highway,3094,2236,1492885.0
complicated,3181,2690,1492073.0
anda,2237,639,1491674.0
campa,2074,942,1491303.0
britain,2845,1557,1490866.0
listeria,3137,728,1490441.0
beef,2578,1178,1489834.0
pushed,3383,3019,1489720.0
cameroon,2151,904,1489669.0
reinforcing,1962,1788,1488796.0
kong,2917,1589,1488689.0
lawyer,3112,2468,1488432.0
commonwealth,2172,1411,1488360.0
supplemental,2498,1778,1488230.0
sheet,3395,2207,1487385.0
ambulatory,2371,1171,1487370.0
yale,2933,1763,1487122.0
elementary,2240,1482,1485669.0
plasma,3254,1191,1485090.0
fue,2640,1445,1485085.0
abbott,3322,1159,1484029.0
ambitious,2146,1895,1482874.0
tribe,2257,1049,1481875.0
vulnerability,2594,1933,1480487.0
multidisciplinary,2343,1939,1480049.0
clark,2527,1553,1479572.0
commerce,2622,1998,1478951.0
packaging,2804,1878,1478198.0
whi,893,80,1477847.0
glp,3369,985,1476646.0
brother,3811,2708,1476283.0
epilepsy,4647,573,1475657.0
prevenci,2162,1289,1475163.0
ride,3151,2401,1474820.0
conspiracy,2662,2093,1474242.0
comparable,2861,2359,1473477.0
fix,3288,2557,1472327.0
mba,2984,1773,1472121.0
bbc,4384,2238,1472090.0
dad,3124,1994,1471632.0
holy,2116,1029,1469887.0
motivation,2132,1533,1469880.0
wyandotte,1004,175,1469762.0
aedes,2443,1053,1469229.0
predictor,2075,887,1469133.0
elevate,2732,2459,1468358.0
kesehatan,2187,500,1467826.0
bath,2985,1223,1467708.0
discharge,2506,1482,1467491.0
adjuvant,2997,962,1467385.0
encompasses,2124,2026,1466887.0
primer,2567,1324,1466386.0
overdoses,3011,1829,1466227.0
diabetic,2542,1041,1465822.0
prunderground,2077,1667,1465076.0
gray,2573,1616,1463716.0
gdp,2338,1219,1463708.0
mozambique,1689,473,1463335.0
dominated,2327,1575,1463062.0
microbial,4454,1185,1461105.0
postpartum,2961,1026,1459608.0
comprised,2856,2489,1459514.0
bien,3304,1767,1459449.0
ethnicity,2380,1472,1458490.0
modification,2558,1763,1458273.0
dph,1512,589,1458219.0
horse,2951,1653,1458170.0
sister,3278,2538,1458047.0
ama,3023,988,1457531.0
impressive,2483,2304,1457190.0
extraction,2577,1242,1456059.0
publishing,2969,2026,1454912.0
roundup,5856,3501,1453930.0
bristol,1803,870,1452473.0
administer,2613,2138,1452269.0
lifespan,2308,1541,1450844.0
sugary,2348,1325,1450718.0
cataract,2263,411,1450679.0
unaids,1744,627,1450424.0
vietnam,2687,1107,1450346.0
ocean,2931,1787,1449457.0
hmpv,2016,306,1445569.0
orlando,2690,1371,1445462.0
foundational,2206,1965,1443344.0
cellular,3094,1989,1442327.0
subsequently,2251,1783,1441906.0
retired,2467,1968,1441704.0
soda,2973,1232,1441521.0
specificity,2112,1153,1441423.0
issuewire,1788,922,1441260.0
pending,2686,2388,1440882.0
wilson,2608,1446,1440839.0
labeling,2326,1405,1440091.0
cdph,1891,635,1440010.0
broadly,2526,2292,1438553.0
medically,2606,2099,1437925.0
della,2033,574,1437662.0
print,2398,1773,1437584.0
invested,2552,2411,1437249.0
boundary,2464,2029,1435690.0
endeavor,2360,1847,1435374.0
auto,3370,2202,1435163.0
marketplace,3264,1928,1435087.0
collaborator,2685,2099,1434929.0
juice,2838,1248,1434098.0
portland,2886,1568,1433072.0
recommending,2362,1931,1432746.0
hero,3545,2170,1432616.0
row,3278,2450,1432071.0
prompted,2280,2097,1431609.0
verify,2416,1981,1431507.0
nausea,2903,2475,1430979.0
crash,4279,2684,1430925.0
vitro,3015,1812,1429572.0
chw,1674,501,1428676.0
flock,2393,1206,1428613.0
random,2069,1223,1427828.0
fixed,2399,1883,1427477.0
inspector,2299,1107,1426232.0
potassium,3288,839,1425489.0
lunch,2839,1802,1425318.0
banning,2515,1849,1423907.0
repeatedly,2351,2211,1423742.0
sistema,2234,1268,1423214.0
herpes,1897,457,1423023.0
equation,1816,597,1422651.0
urinary,2675,986,1421519.0
vertical,2294,1747,1420073.0
homelessness,2487,1354,1419854.0
band,2956,2047,1419710.0
museum,3172,1403,1419670.0
cette,2738,1038,1419380.0
forget,3093,2613,1419206.0
lar,3233,906,1418462.0
bike,2744,1465,1417904.0
apha,2541,796,1417849.0
shopping,2805,2232,1417052.0
probability,2279,1235,1416981.0
severely,2529,2285,1416494.0
buying,3007,2364,1416206.0
tanzania,2913,1161,1415712.0
xtalks,1559,113,1415654.0
oxford,2356,1242,1414588.0
nut,2469,1394,1414567.0
biologics,3739,2393,1413766.0
hoping,3172,2885,1413537.0
dominant,2280,1714,1413008.0
categorized,1989,1461,1412760.0
ist,2783,515,1412046.0
independently,2398,2033,1411706.0
guidehealth,832,45,1411136.0
camera,3461,2486,1410999.0
reflection,2122,1843,1410724.0
opioids,3263,1585,1409862.0
secret,3205,2414,1408346.0
eradicate,2225,1933,1408040.0
gotten,3093,2770,1407525.0
illicit,2457,1567,1406685.0
evident,2084,1899,1406229.0
frozen,2725,1630,1406030.0
mammal,2648,1520,1405218.0
anemia,3057,1082,1405056.0
oriented,2341,2087,1404945.0
confusion,2634,2095,1404227.0
conjugate,2137,910,1403652.0
passionate,2941,2761,1403405.0
refers,2170,1773,1402708.0
royal,3284,1474,1402424.0
warmer,3230,2472,1400654.0
comply,2428,2041,1400476.0
clearance,3248,2039,1399403.0
benchmark,2077,1754,1399332.0
bin,2754,1626,1398966.0
christian,3484,2323,1397628.0
pricing,2266,1772,1397584.0
lane,3517,2092,1397146.0
jeff,3073,2299,1396965.0
synthesis,1856,897,1396859.0
shed,2523,2272,1396586.0
organised,1343,1113,1396520.0
jessica,3001,1947,1396190.0
alex,2791,2040,1395854.0
hole,2337,1872,1395645.0
tear,2431,2034,1395116.0
pursuing,2408,2210,1394811.0
banned,2715,2186,1394642.0
begun,2388,2172,1394569.0
staffer,1971,1393,1394373.0
springbuk,1165,70,1393871.0
alimentos,2238,721,1392346.0
transformed,2264,1985,1391361.0
footprint,2301,2011,1391022.0
alive,2527,2149,1389848.0
varying,2326,2007,1389523.0
upgrade,2578,1747,1389043.0
inspiration,2200,1954,1388969.0
opposed,2443,2199,1387636.0
attribute,2337,1733,1386852.0
gastrointestinal,2794,1912,1385713.0
displayed,2697,1563,1384980.0
plenty,3077,2734,1384895.0
noise,2926,1333,1384575.0
neighboring,2450,2202,1384129.0
formation,2890,1972,1383779.0
vida,2634,1355,1383514.0
dinner,2796,1846,1383182.0
dysfunction,2914,1830,1382619.0
regulating,3799,3613,1381477.0
inpatient,2456,1596,1381122.0
embracing,2084,1955,1380497.0
pulled,2887,2500,1380137.0
fertility,2797,1056,1377745.0
attachment,2615,2405,1375481.0
jail,2648,1523,1375212.0
urgently,2141,2052,1374423.0
idph,1675,387,1373489.0
midwife,2203,902,1372897.0
rachel,3052,1947,1372828.0
readily,2448,2184,1371662.0
contractor,2263,1575,1371329.0
tre,2965,1204,1370532.0
qualification,2083,1338,1370159.0
shah,2135,855,1369807.0
ping,1698,342,1369689.0
usual,2792,2471,1369525.0
modernization,2962,1346,1369143.0
backyard,2604,1692,1368452.0
doubled,2341,2040,1367449.0
philanthropic,2366,1924,1367440.0
solidarity,1858,1592,1367004.0
symbol,2303,1737,1365961.0
conscious,2451,2012,1365826.0
discomfort,2568,1819,1365507.0
tariff,3652,1722,1365043.0
immense,2331,2140,1364535.0
southwest,2707,2050,1363326.0
civilian,3117,1881,1362814.0
portal,2422,1794,1362072.0
extending,2276,2098,1361414.0
scaling,2088,1732,1360696.0
compensation,2096,1314,1360520.0
chip,2400,1628,1359888.0
dish,2870,1385,1359369.0
measurable,2582,1984,1359280.0
denmark,2357,1644,1359266.0
functioning,2475,1769,1359107.0
phoenix,2897,1296,1358902.0
dramatic,2493,2262,1358867.0
nerve,4409,1348,1358843.0
matt,3452,2480,1358543.0
kelly,3197,2023,1357811.0
countermeasure,2600,1833,1355919.0
unnecessary,2376,2096,1355513.0
wing,2445,1835,1355412.0
exhibited,2033,1261,1354749.0
optimization,2060,1413,1354361.0
signature,2794,1959,1353852.0
yard,3102,1981,1353602.0
crew,3669,2590,1353386.0
millones,2116,1029,1351793.0
caso,2237,1204,1351596.0
adem,2240,1625,1351456.0
admitted,2639,2079,1351168.0
swimming,2263,1372,1350028.0
accordance,2284,1928,1348880.0
overlooked,2279,2040,1348865.0
departamento,2032,1119,1347792.0
blind,3655,2426,1347787.0
chamber,2521,1663,1347530.0
fry,4030,800,1346297.0
japanese,2487,1467,1344312.0
intends,2780,2587,1343596.0
exact,2685,2390,1343232.0
bond,2468,1766,1342588.0
prostate,2352,865,1342454.0
replaced,2127,1840,1342386.0
habitat,2305,1384,1341948.0
spiritual,2046,1411,1341229.0
quebec,1954,830,1340389.0
ema,2592,1077,1340321.0
hampshire,2744,1262,1339426.0
holland,1838,945,1339132.0
calm,2612,2087,1339105.0
competing,2098,1565,1338981.0
adulthood,2203,1296,1338283.0
adventure,2696,1551,1338186.0
quantity,2218,1834,1337716.0
accompanied,1961,1752,1337297.0
cal,2282,977,1336493.0
venue,2068,1517,1336307.0
fsis,3773,309,1336145.0
therapist,2306,1379,1335568.0
fracture,3209,878,1335177.0
podcasts,2751,2227,1334938.0
influencers,2200,1449,1334347.0
commented,2439,2306,1333919.0
handwashing,2901,849,1333795.0
exceeding,1928,1632,1333789.0
warns,2031,1783,1332856.0
imported,2211,1447,1332846.0
podr,2197,1163,1332820.0
maximize,2303,2172,1332783.0
antonio,2447,1539,1332764.0
wherever,2873,2676,1332410.0
reward,2599,2151,1332355.0
identifies,2438,1940,1331597.0
browse,1926,1743,1331317.0
considerable,2331,2100,1331188.0
prospect,2522,2368,1331173.0
palm,3251,1769,1330286.0
fueled,2782,2363,1329620.0
nous,2881,941,1329106.0
compelling,2523,2261,1328872.0
documentation,2213,1612,1328497.0
logistics,2172,1515,1328427.0
empathy,2128,1618,1328272.0
hidden,2680,2114,1328207.0
ost,1434,102,1327765.0
inbox,1910,1777,1327716.0
complementary,2208,1279,1326838.0
christopher,2831,1881,1326606.0
fly,3077,1902,1325577.0
vigilant,2009,1765,1324677.0
subgroup,2258,1088,1323960.0
zoo,1920,715,1323127.0
welcomed,1979,1818,1322923.0
isolates,2683,538,1321632.0
hunter,2462,1396,1321603.0
geovax,1302,76,1321188.0
malawi,2218,927,1320214.0
licensing,2124,1738,1319998.0
alike,2349,2302,1319708.0
ben,3114,2383,1318812.0
minimizing,2228,2094,1318551.0
cleanup,2455,1207,1317959.0
immunoassay,1403,422,1317566.0
estimation,1670,1081,1317337.0
ashley,2013,1266,1317149.0
tiene,2887,1579,1317053.0
guess,3294,2681,1316646.0
notification,2240,1344,1314541.0
subscriber,1817,1470,1313959.0
nobody,3097,2653,1313429.0
newspaper,1764,1279,1313204.0
lean,2006,1546,1312871.0
estos,2361,1444,1312246.0
menu,2211,1346,1311938.0
ton,2914,2206,1311771.0
gear,2652,2007,1310667.0
informatics,2108,1119,1310390.0
visionary,2443,2193,1309758.0
cooper,1774,932,1309468.0
utilize,2191,2035,1309335.0
blend,2897,1941,1309319.0
coefficient,1859,613,1308434.0
criticized,2284,2114,1308206.0
transgender,1955,1028,1308105.0
declare,1965,1724,1307940.0
forth,3309,2577,1307800.0
operated,2465,2195,1307754.0
teenager,2362,1785,1306488.0
recreational,2034,1310,1306453.0
mundial,1882,1026,1306423.0
latent,1986,662,1306070.0
thriving,1996,1692,1305827.0
donde,2323,1487,1305393.0
paradigm,2189,1661,1305222.0
swab,1908,694,1304937.0
patrick,2595,1622,1304467.0
collecting,2082,1835,1304051.0
confirms,2155,1979,1303967.0
hughes,1942,1728,1303652.0
continuously,2543,2385,1303575.0
golden,2420,1960,1303535.0
centro,1945,1204,1303420.0
antiretroviral,1645,1015,1302570.0
generating,2337,2018,1301543.0
electric,2571,1552,1301539.0
rated,2021,1328,1301423.0
respected,2399,2206,1301342.0
careful,2406,2195,1300890.0
recording,1996,1543,1300594.0
poorer,1786,1535,1300548.0
dried,2307,1087,1299565.0
fueling,2020,1607,1299502.0
aesthetic,1963,950,1298962.0
decreasing,2066,1831,1298681.0
minneapolis,1974,1042,1298305.0
noon,3203,2319,1296634.0
economics,2235,1656,1296476.0
enormous,2429,2279,1295267.0
layoff,1858,1119,1294826.0
stewardship,2535,1488,1294600.0
solving,2578,2296,1294384.0
rarely,2222,2034,1294361.0
warn,2495,2283,1292769.0
arleen,826,68,1292707.0
jul,1803,1440,1292301.0
nepal,1674,820,1291649.0
ring,2458,1529,1289231.0
baca,1748,753,1288904.0
amended,2876,1982,1288681.0
negotiating,1496,1119,1288291.0
signing,2395,1971,1288070.0
runny,2155,1929,1287752.0
collins,2218,1357,1287735.0
continuum,2312,1837,1286143.0
stake,2361,2029,1286105.0
eradicating,1755,1406,1285196.0
advertisement,1952,1190,1284449.0
cvd,2469,695,1284212.0
legally,1969,1694,1284123.0
hydration,2463,1203,1284091.0
acceptable,2037,1596,1283495.0
toda,2197,1476,1282840.0
visible,2533,2178,1281415.0
juan,1830,1248,1280537.0
educated,1983,1585,1279611.0
taught,2119,1898,1279558.0
tribute,2643,1661,1279408.0
chevron,1727,386,1278519.0
reportedly,2313,1955,1278466.0
completing,2063,1916,1277975.0
lineage,1706,491,1277885.0
cardiology,2758,1752,1277403.0
bug,3737,1502,1277226.0
attendance,1693,1332,1276840.0
accesswire,1836,804,1276700.0
logistic,1647,717,1276695.0
doh,1482,551,1276238.0
prioritized,1918,1725,1276101.0
linking,2086,1770,1276061.0
technician,2160,1482,1275457.0
supposed,2957,2498,1275240.0
earn,2656,2255,1274601.0
consequently,1810,1465,1274069.0
assault,2854,1777,1272985.0
semi,2322,1338,1271399.0
companion,2539,1339,1271162.0
wonder,2861,2348,1270693.0
jason,2356,1742,1270656.0
artery,3701,1873,1270527.0
passage,2442,1811,1270015.0
announcing,3075,2815,1269898.0
milwaukee,2638,1122,1269312.0
bronx,3855,774,1269139.0
nominated,2080,1705,1269094.0
naci,1684,483,1268284.0
laura,2324,1751,1268101.0
unite,2347,1982,1267454.0
chokshi,1034,334,1267289.0
parental,1827,884,1267114.0
silent,2558,2000,1266779.0
bhattacharya,1477,460,1265722.0
abdominal,2755,1643,1265556.0
ran,2596,2323,1265500.0
arrival,2214,1713,1265186.0
tampa,4531,1486,1264362.0
positioning,2045,1908,1264288.0
qualify,2632,1968,1263650.0
guardian,2318,1562,1263543.0
module,2097,930,1263350.0
crossing,2285,1582,1262672.0
palliative,1776,590,1262274.0
variability,1976,1253,1261622.0
acre,3490,1630,1260990.0
favorable,2691,2205,1260859.0
astho,3093,480,1260509.0
arterial,3318,913,1260381.0
zyn,1530,322,1260321.0
toddler,2060,1121,1259961.0
discount,2372,1703,1259491.0
vessel,2454,1489,1259190.0
mitigation,2283,1553,1258419.0
jonathan,2634,1933,1257748.0
novartis,1684,813,1256705.0
talent,2542,1898,1256555.0
witnessing,2166,1749,1255459.0
gross,2274,1240,1255393.0
charged,2954,2469,1254417.0
passenger,2497,1513,1253294.0
beneficiary,1949,1166,1252887.0
trans,2006,968,1251763.0
registering,1704,1611,1250765.0
merely,1792,1658,1250004.0
activation,1947,1326,1249720.0
engine,3447,2318,1249540.0
checking,2660,2190,1249220.0
secured,2247,1974,1248813.0
bloom,2163,646,1248437.0
chest,2540,1854,1247050.0
breath,2502,2101,1246851.0
longitudinal,2033,1309,1246760.0
jump,2701,2253,1246288.0
bell,2615,1614,1246053.0
restricted,2069,1617,1245127.0
sdoh,1728,443,1244620.0
montreal,1754,981,1243974.0
twin,2692,1218,1243798.0
aha,1631,810,1243723.0
pledged,1822,1610,1243679.0
cohen,1845,1060,1243352.0
import,2200,1460,1243301.0
suit,2385,2073,1240991.0
negatively,2027,1663,1240624.0
chlamydia,2353,798,1240595.0
dis,2224,972,1240479.0
beta,2163,1092,1239708.0
sunshine,3717,2719,1239635.0
opponent,2160,1774,1238463.0
shall,2096,978,1238230.0
displaced,2530,1719,1238152.0
sickle,1970,610,1237976.0
ball,2746,1639,1237754.0
nuclear,2745,1503,1237568.0
coughing,2210,1777,1237533.0
cooling,2882,1409,1236306.0
pah,2837,287,1236218.0
carpha,1419,223,1236060.0
formally,1898,1788,1235960.0
pig,2847,1207,1234932.0
thoroughly,2281,2063,1234737.0
cuando,2595,1378,1234398.0
philanthropy,2796,1764,1234211.0
civic,2184,1574,1233818.0
mistake,2600,2083,1232431.0
sri,1698,936,1232291.0
supervision,1709,1396,1231840.0
sore,2114,1595,1231820.0
bleeding,2654,1624,1231388.0
plc,2378,1325,1231077.0
noncommunicable,1724,866,1230262.0
lgbtq,1650,1087,1230097.0
stringent,2036,1700,1229948.0
eradicated,2120,1947,1229800.0
ali,2368,1528,1229163.0
architecture,1657,1065,1228981.0
contre,2131,756,1228174.0
inventory,2356,1509,1228052.0
skepticism,2197,1897,1227900.0
fold,2555,1499,1227662.0
stood,2154,1985,1227270.0
arrangement,2267,1465,1226986.0
leone,1983,834,1226539.0
realized,2454,2173,1224427.0
concert,2493,1513,1224169.0
normally,2425,2217,1223818.0
chaired,1583,1479,1223479.0
chose,2364,1937,1223118.0
considers,2002,1847,1221860.0
hypothesis,1835,1113,1221615.0
chef,3014,1441,1221335.0
otros,2091,1332,1221053.0
cbd,1936,393,1220933.0
nova,2021,879,1220439.0
disposable,2570,1161,1219481.0
fired,2786,2100,1219456.0
uma,1707,575,1218291.0
breathe,2886,2173,1218023.0
accomplishment,2425,2185,1217626.0
mold,3703,1039,1217289.0
alleviate,2115,1972,1216925.0
undertake,2929,2904,1216569.0
inactivated,1790,856,1216109.0
quest,2719,1193,1216071.0
susceptibility,2464,1494,1216040.0
predicting,1758,1196,1216015.0
microbe,2125,1008,1215806.0
explanation,2213,1875,1215112.0
rid,2513,2212,1214814.0
exploration,2302,1972,1214767.0
determining,1950,1765,1214755.0
indoors,2189,1439,1214409.0
booth,2011,1307,1214304.0
recreation,2195,1421,1214006.0
fisher,2158,1387,1213657.0
caput,2093,1279,1213422.0
brazilian,1896,846,1212863.0
specializes,2192,2123,1212696.0
thc,2117,576,1212678.0
gradually,2463,1966,1212538.0
stance,2016,1652,1212368.0
emirate,1493,1027,1211048.0
proudly,2347,2208,1211021.0
competitor,2167,1785,1210494.0
partly,2972,2376,1209634.0
eco,1997,1315,1209326.0
philosophy,1958,1601,1209306.0
mentor,1837,1415,1208649.0
circumcision,1348,69,1208283.0
hormonal,1696,876,1208270.0
microsoft,2079,1482,1207808.0
bush,2142,1495,1206733.0
friendship,1950,1252,1206638.0
prison,3415,2093,1205849.0
constantly,2247,2027,1205401.0
investigational,4256,2448,1205293.0
sharon,1472,539,1205176.0
greg,2273,1691,1204270.0
atlantic,2611,1482,1204167.0
treatable,2546,1395,1203862.0
inception,2210,1965,1203699.0
residence,1835,1188,1202308.0
stomach,2712,1852,1202092.0
phenomenon,2075,1570,1201985.0
inch,2981,1783,1201686.0
loading,1809,1130,1201604.0
broken,2573,2145,1201415.0
observe,1582,1404,1200355.0
marketed,2734,2332,1200199.0
coronary,2855,1348,1200173.0
agua,1790,738,1199955.0
delegate,1412,827,1199887.0
popularity,2223,1812,1199599.0
burnout,2420,985,1199255.0
resort,2021,1309,1199030.0
arab,1963,1134,1198769.0
observational,2143,1400,1197941.0
termination,1544,1017,1197871.0
chat,2969,1805,1197781.0
malaysia,1893,820,1197494.0
disclosure,1919,1624,1197192.0
recruitment,1831,1251,1196543.0
lacking,1833,1701,1196071.0
exclusively,2364,2044,1195109.0
paralysis,1671,1321,1194906.0
kevin,2432,1727,1194333.0
overwhelming,2497,2238,1193698.0
dsndp,805,49,1193569.0
escalating,2176,1868,1193502.0
emily,2011,1221,1192927.0
ixchiq,1499,204,1192490.0
forecasting,2097,1370,1192458.0
fortune,2013,1579,1192289.0
weak,2205,1648,1192248.0
substitution,1446,333,1191617.0
nfl,2169,980,1191572.0
peru,1500,690,1191444.0
audio,2571,1904,1191202.0
motor,2478,1518,1191178.0
digestive,3040,1587,1191001.0
initiation,2026,1469,1190989.0
entrepreneur,2017,1704,1190765.0
firearm,2701,1069,1190522.0
pol,1686,921,1190421.0
containment,2109,1485,1190347.0
tica,1724,1021,1190194.0
commit,1948,1768,1190074.0
disinfectant,1333,416,1189115.0
astrazeneca,1639,849,1188980.0
cloudy,3646,2271,1188582.0
purchased,2194,1832,1188256.0
enduring,1963,1772,1187370.0
predominantly,1863,1536,1187039.0
surprising,2062,1848,1186926.0
meter,2809,1653,1186555.0
getty,1963,1195,1186407.0
puerto,2274,1212,1184886.0
dip,1713,929,1184733.0
sol,1429,625,1183726.0
securing,1830,1695,1183633.0
jean,2340,1804,1183274.0
manual,1952,1161,1180952.0
delighted,2245,2179,1180798.0
interact,1945,1720,1180749.0
importante,2115,1423,1180014.0
spokesman,1674,1318,1178856.0
understands,1909,1731,1178333.0
separately,1841,1615,1177647.0
sensor,1868,823,1177150.0
keywords,1557,1243,1177146.0
shortly,2325,2221,1175645.0
referring,1838,1754,1175212.0
rolling,2377,2071,1175173.0
multifaceted,1868,1630,1175127.0
tim,2671,2029,1174227.0
nmac,899,95,1174077.0
liu,1774,956,1173923.0
