src,dst
-pc2kG9I9dooLszldWmI6_Noy7U,tag:Health Campaign
tag:Health Campaign,00157df4-389b-4231-bff3-454c00afe0a1
tag:Health Campaign,00334276-242a-49d9-92a3-a851391ea7fe
tag:Health Campaign,005249de-b907-476e-826f-f390a646eaae
tag:Health Campaign,005e24d7-6b3a-4b58-b5f3-477545f20817
tag:Health Campaign,006180a5-eaa1-4c1a-a500-811e203a72c0
tag:Health Campaign,0064cb8f-5005-4393-9b56-0c21d9e83a14
tag:Health Campaign,006a0002-aedf-4da6-95a6-bcfa1ee20517
tag:Health Campaign,006def40-b724-4f1c-aa4f-350d89f8d83b
tag:Health Campaign,0078c48d-8c8e-4c04-8819-4aef5b31bc22
tag:Health Campaign,007b74fb-1de1-48ff-993e-705d879acfd4
tag:Health Campaign,007d229a-7608-470c-8d6a-afffc3cde5bb
tag:Health Campaign,0088c489-5efa-4bc7-a911-4d5a16057c34
tag:Health Campaign,00962e74-e4ac-4d5a-8a10-8bf828325bc5
tag:Health Campaign,009e36be-fbae-4e19-aa31-c58d48853e61
tag:Health Campaign,00a5523a-cf6c-456f-a3c7-20f03081ce16
tag:Health Campaign,00b27d73-1df6-4960-a3e4-9075cc7bf01d
tag:Health Campaign,00b4020a-3891-4556-941e-e52989a45436
tag:Health Campaign,00c0b4a5-b635-456e-86cf-bf71180b016f
tag:Health Campaign,00c1880d-4933-4b6a-b98f-541e673f48ce
tag:Health Campaign,00c2d532-69a2-4c63-b3ed-1a9f91bed249
tag:Health Campaign,00d0cc8e-0c2a-499e-a8ca-dcdcb215d569
tag:Health Campaign,00d124d3-65f6-49be-9213-23aaba5d1060
tag:Health Campaign,00d2dcb2-4ee9-4469-aa45-a4b1f41aeaf5
tag:Health Campaign,00e0f0a1-5e63-49f8-b9dc-559381f5a870
tag:Health Campaign,00fac3c6-3122-426c-90b7-c0397ca5b244
tag:Health Campaign,0102bb5f-9461-4855-9eeb-bf7ec24bcf63
tag:Health Campaign,011168e9-e197-4cba-8bd0-4ffda5d4af7e
tag:Health Campaign,0113b77d-422a-4790-af26-d8a30ba00539
tag:Health Campaign,0131149f-64dc-4918-8949-b0b76db6b4ca
tag:Health Campaign,014d3631-cb98-45b3-9fee-a6968232da13
tag:Health Campaign,015669e3-ed15-4e4b-b808-9f2b9ac818af
tag:Health Campaign,015b8db5-9c17-419d-b79c-03e02cb219ea
tag:Health Campaign,01683a8b-e923-4f09-a5ed-ddd4bf19cb42
tag:Health Campaign,0168e657-f6d5-4d6e-942a-e611e09cd672
tag:Health Campaign,0178df8e-87d8-453f-9cd9-433d09f19663
tag:Health Campaign,017ccb29-89cd-4cd2-a08f-195881540344
tag:Health Campaign,0180cb84-9b1b-4532-b1a7-27e33afde27f
tag:Health Campaign,01919f6c-fa37-4fd5-9e97-ffacf4b32d6b
tag:Health Campaign,01a5a3a1-5898-46dd-b40c-6e94a94a44ab
tag:Health Campaign,01aab759-ab3f-4efb-9029-5a9cb90a45f1
tag:Health Campaign,01b01181-bc63-43ea-9d0e-867ba077c8a1
tag:Health Campaign,01bb8ba0-8885-42e5-b384-bf6beb987be1
tag:Health Campaign,01bed3a3-51fa-4740-bbef-767fbd2db6fc
tag:Health Campaign,01d0e878-5dbf-4806-a31e-df37100c87f1
tag:Health Campaign,01d43be7-9c66-4deb-88b0-861751da4149
tag:Health Campaign,01e9f049-2573-43f9-b9d3-9b6ffaccf54f
tag:Health Campaign,01f5c38b-ce4c-4890-8deb-0156fee2c36b
tag:Health Campaign,01f9413b-72ed-4466-8892-1aebe7109346
tag:Health Campaign,0218ac49-c4a3-47ba-8e93-64a3a913a34b
tag:Health Campaign,0219d9b2-2492-48d7-bcf2-53282b8b3bdd
tag:Health Campaign,021f4831-92a2-4da3-9798-2c8ae981592e
tag:Health Campaign,024d3ab3-b249-4594-a72f-fe7d507e23f9
tag:Health Campaign,024de6f0-0337-43c8-b09f-d0b9f691329f
tag:Health Campaign,024f5bb5-0577-4708-9cf2-13ee84e23840
tag:Health Campaign,025e0938-c14c-4457-9dd3-a2c5d21ce1a1
tag:Health Campaign,026cde10-ebfc-480d-b459-0993de934537
tag:Health Campaign,02766421-acbb-464e-bf18-432dbbd1d444
tag:Health Campaign,027f5ffd-5e38-472c-a509-c2e8b2592b13
tag:Health Campaign,027fd503-9f98-45c8-ab3d-cb0469fb39c6
tag:Health Campaign,02819b3b-b261-4935-9f7d-18922f901821
tag:Health Campaign,028b1cd8-ef83-4216-91fc-87d7dd5110d9
tag:Health Campaign,02994903-604d-4cb9-a059-91f3d005b8b0
tag:Health Campaign,029e418d-977a-46ed-b427-50b0659163c4
tag:Health Campaign,029ec933-4968-4ce3-8c09-23f8cdc1d65f
tag:Health Campaign,02b246a2-7c7d-4c51-91c4-4c83cd1e4f48
tag:Health Campaign,02baea62-d136-41ca-ac78-8b50fab36bae
tag:Health Campaign,02c145f8-c332-4dac-a4cb-24ef560c76a5
tag:Health Campaign,02ca4bc8-b420-4532-83be-b660395ff90e
tag:Health Campaign,02cae7d5-4cdb-4276-8ebb-f1a09e76624f
tag:Health Campaign,02cc0507-86c7-4375-8f26-66c53bb8305a
tag:Health Campaign,02ceaf11-89d1-498c-8a1f-7dd5232f27d4
tag:Health Campaign,02d04cce-d56a-4f45-b339-29709c933527
tag:Health Campaign,02e28150-70ac-47f7-99a7-09b75286136d
tag:Health Campaign,02e85ebb-dbcf-4287-a14a-b8a7c511062c
tag:Health Campaign,02f2adf1-0178-4646-86a1-6f96356a9334
tag:Health Campaign,03124385-e910-4eb6-a20d-e31fc8911aec
tag:Health Campaign,032981c9-9e60-4d2f-939e-5f9f84fc7b19
tag:Health Campaign,032c3aab-3292-4faf-b09a-526569d1f95f
tag:Health Campaign,032cda49-bb7e-4518-94b9-4575248b0e8a
tag:Health Campaign,0357728f-4900-4eaf-9e05-dd68cb27ff3c
tag:Health Campaign,0357a4bf-ba06-414d-9bd3-0d1b8f5696a6
tag:Health Campaign,036088fa-8188-46c4-9b23-6b44f92f8b35
tag:Health Campaign,036f25d3-73e6-4457-9cda-d5b6c98753c6
tag:Health Campaign,03aebec9-74be-4a9a-aacd-a2ccd69dbd43
tag:Health Campaign,03b47726-298b-4045-bb4b-6585f2c9e75c
tag:Health Campaign,03be03ba-4560-4c35-a905-ea9f91215cfa
tag:Health Campaign,03c147b1-09cd-4b76-b68b-f066581f008a
tag:Health Campaign,03c35616-ca17-4292-a194-f8e19acc6e93
tag:Health Campaign,03d8174b-279b-4728-a8d9-37a36d3fb070
tag:Health Campaign,03f05c82-34db-4bf2-9144-be03c27d40f0
tag:Health Campaign,03fc6d36-f2b4-41a8-bc78-3c577ea63c9e
tag:Health Campaign,04099692-ca3d-4496-9d9e-ae03f49b7bc7
tag:Health Campaign,040e28d8-9ba7-426f-bc63-aa3ac5fb866c
tag:Health Campaign,04205bb6-503a-4b12-9869-319b2a3c21c3
tag:Health Campaign,0420bf1f-c400-4903-ac60-905eb5400f62
tag:Health Campaign,042eabc4-ff95-449f-9c2d-3ee881e2ac81
tag:Health Campaign,0431fb15-101b-4aa3-9307-f3b9aa906e80
tag:Health Campaign,043b98a3-6746-441c-b95d-82f4212b6de4
tag:Health Campaign,043db06e-daef-4d75-98a8-5be8a8117f8c
tag:Health Campaign,0444459e-8f7a-428b-ad1c-3d499a9d0173
tag:Health Campaign,04571d27-d632-476d-b0ca-bf0edec13a22
tag:Health Campaign,046661ec-e43c-488d-a6cf-66d077813d6e
tag:Health Campaign,046e3a57-4881-4530-bb16-f3e26ecc2a82
tag:Health Campaign,048c9261-a2e9-4cad-bee5-01a15db5b7ba
tag:Health Campaign,04933e70-189d-4355-897a-63828a0a9802
tag:Health Campaign,04a516b0-337a-40d6-b024-5da305c959a4
tag:Health Campaign,04ab9a96-2da3-42b9-8d4a-b78e5599a07e
tag:Health Campaign,04acafad-b1ba-45fe-ad19-080bc7320cdf
tag:Health Campaign,04ba8f77-11d9-4a76-8c85-44152cb7ab2a
tag:Health Campaign,04bf7e06-5f36-4fbd-a3ff-09295777bcca
tag:Health Campaign,04c5d97d-573e-48d0-88ff-70374c48371f
tag:Health Campaign,04cdb5cb-a321-47f5-976a-e2ae982dbee3
tag:Health Campaign,04e12fdc-dd8a-470b-ab0c-360e3f78ed06
tag:Health Campaign,04eb7213-0ee0-467e-88b8-38e21e294ca9
tag:Health Campaign,04f83910-7373-4a85-9477-12df63e1f64f
tag:Health Campaign,04fce120-1c96-4778-b291-48236585b82e
tag:Health Campaign,0512c1a2-bd2e-4382-93a1-a13263ed6a4a
tag:Health Campaign,05330f73-0ead-4900-8396-17909e45be4e
tag:Health Campaign,053a560e-d901-4b13-854d-f0bc4055cd32
tag:Health Campaign,0553f745-ddd1-4238-913f-aeed748c03d2
tag:Health Campaign,0555590a-3950-448d-8e0d-313911859eb8
tag:Health Campaign,055ced34-621a-4d7d-bb8c-9cf22d399dbd
tag:Health Campaign,05649656-33ee-4254-b1b7-2ba5601da75c
tag:Health Campaign,057c1efc-aaf2-4da3-b2a2-ae4bc5ffcb7d
tag:Health Campaign,057c5de9-618d-4955-9be3-4cdbb5bc2e06
tag:Health Campaign,05830a6e-85c8-485f-a643-c2640211a88f
tag:Health Campaign,058f61e7-519e-4c14-a691-79c4da24fc47
tag:Health Campaign,05923d0c-d4c5-4429-8570-c1a18a75e028
tag:Health Campaign,059df7a8-2078-4111-b945-072013136a4b
tag:Health Campaign,05a18d8f-8a65-4dd9-b89d-16a735581428
tag:Health Campaign,05a23770-2e74-4c15-8fb7-efca6611e4d1
tag:Health Campaign,05ba4d9b-7160-44fc-b189-8f8b6d0835f0
tag:Health Campaign,05bb9518-3013-4ea9-9bd6-4f60d921aa8b
tag:Health Campaign,05c05346-9674-4f83-9c4e-f1d85506cac0
tag:Health Campaign,05c13c1f-bf29-49a9-b38c-c9411ecb73d2
tag:Health Campaign,05e99e98-43e5-4e2b-8f0c-8710f5ecf706
tag:Health Campaign,05f94bb9-fd2f-4053-974b-7ecfa7c7f349
tag:Health Campaign,0603b396-21f1-4065-88dd-9d23208d2573
tag:Health Campaign,0604114a-8547-4658-9d41-f90c8f122ff6
tag:Health Campaign,06057f48-fb12-4b5a-9edf-8ce11e00aca3
tag:Health Campaign,0611a27b-4603-462b-80e2-bb5f09ce7414
tag:Health Campaign,06155d6a-d65e-436f-8c81-6e20133fa4d4
tag:Health Campaign,062916f9-15bc-4e55-97fc-a95f802fa002
tag:Health Campaign,062e8526-c79e-4965-a08f-de6fb7581bb9
tag:Health Campaign,0637be41-5491-4360-8dce-9f090112df27
tag:Health Campaign,063b2bca-dd10-49ee-a53e-2e6746251af2
tag:Health Campaign,063c0e5d-cc40-46ac-ae62-119268f13ae2
tag:Health Campaign,064447c3-9dd2-4931-92a5-6b5d7ac62c71
tag:Health Campaign,064ed299-806f-4db6-a708-6e5cd8bb4827
tag:Health Campaign,065c366e-dd27-41d9-8635-f95866447b96
tag:Health Campaign,0669f6cb-5735-45ea-9e60-bc5173ff827a
tag:Health Campaign,06727301-5cda-40e5-9acc-e2d6f2bda5e0
tag:Health Campaign,0674875c-f924-4b32-b874-7552d00235aa
tag:Health Campaign,067ba940-2fec-4d2f-9cfc-f98b1caf6567
tag:Health Campaign,067dd006-17c4-4cb9-9dd8-f0a11174276d
tag:Health Campaign,0680b541-9302-4af9-8e00-fe0008f21bdc
tag:Health Campaign,068f0ed9-9b2f-42a9-b986-ac74dad87bc2
tag:Health Campaign,069d9ef6-1902-48ff-939d-c8a845acec11
tag:Health Campaign,06a13412-9cff-462d-a832-2e22dad76d86
tag:Health Campaign,06af85f6-5ee5-4cb2-8f0a-04538c63d11f
tag:Health Campaign,06b22024-6a8d-4961-827b-d72755c341a6
tag:Health Campaign,06bb5797-e0a2-4ad8-84c8-3d7a664001bd
tag:Health Campaign,06cb40ad-14cc-45a2-84ec-0734bda8437f
tag:Health Campaign,06cd4866-8a07-459b-a48e-323dcc471a0b
tag:Health Campaign,06d0b0cd-c3bc-4543-afc3-38ff96b53fa8
tag:Health Campaign,06d15a23-069a-4011-91e6-241ff0c8857f
tag:Health Campaign,06d8b94f-b132-480b-859a-e983e27deccb
tag:Health Campaign,06db90e1-77cf-49cd-8283-5ba7f8fca1d8
tag:Health Campaign,06dc338f-b55d-43b2-9693-cb552fc51c86
tag:Health Campaign,06e009f8-e471-458c-b890-66c57fbb1723
tag:Health Campaign,06e1629d-5f72-4220-88a4-85bcc62d2d75
tag:Health Campaign,06e549f0-e466-4b1c-bfb6-dae074d79e96
tag:Health Campaign,06eb8ad7-9870-481d-87c1-0a014e54c9a8
tag:Health Campaign,06ec72f9-a885-49aa-aa77-2c517c2d86db
tag:Health Campaign,06ee1d14-82d2-44a6-b345-164657940e69
tag:Health Campaign,0703051b-8595-4783-aa2c-1cae99e350a7
tag:Health Campaign,07087d87-38dc-4725-a772-651f36f81d4a
tag:Health Campaign,070ddda7-a1dc-4da1-8435-8e95df48c6d2
tag:Health Campaign,0728a2f7-a811-4eae-a589-f707c729166e
tag:Health Campaign,0728d03e-3acc-491c-a8a3-5af4b2b5917b
tag:Health Campaign,0739d9a6-bc8e-4f52-bee7-d4799d8c1f70
tag:Health Campaign,073f23f5-fe8c-434d-871b-8cc96ccd7acb
tag:Health Campaign,074370f2-39a8-420a-9b6d-821c52433450
tag:Health Campaign,07513f90-029f-4d2b-a9b8-4514ff760fe4
tag:Health Campaign,075f16db-dc81-46b7-a873-7cafbfe8807d
tag:Health Campaign,076404e0-047e-4e29-a3a7-1d9670c9a287
tag:Health Campaign,076afbb3-29df-4922-8c18-011847929702
tag:Health Campaign,07705ef2-c30f-4ab3-b3da-af949ace188e
tag:Health Campaign,0774358a-d18c-42b7-ae14-0ec8df31d391
tag:Health Campaign,07955153-b5e3-4671-88a0-cf19ed11f8d0
tag:Health Campaign,079bd1d8-6361-4645-9c22-842c1f82be5e
tag:Health Campaign,079d8b31-a923-4e49-86bb-c3983a4d4882
tag:Health Campaign,079e550d-8357-4383-863b-0fe11daa86dd
tag:Health Campaign,07a45fd8-3d0e-41bf-84d8-4c069f68047e
tag:Health Campaign,07acaadb-0553-4dc6-bd5b-f75349f41750
tag:Health Campaign,07ade26a-cdfc-4522-9c1e-87c6b815acf1
tag:Health Campaign,07b06dea-8bc3-4e71-a6aa-7e6388262d48
tag:Health Campaign,07b1c959-2fe4-4551-ba3f-206c5d254890
tag:Health Campaign,07b7d446-e123-4884-b55c-aaeb9f55abd9
tag:Health Campaign,07c31c33-2634-460a-ad0d-d743d7b2c1ac
tag:Health Campaign,07cf08eb-6064-434d-be86-9b05b23f97e4
tag:Health Campaign,07dbff45-5b0e-4c61-b71f-44fb195c7680
tag:Health Campaign,07e2ef60-f197-4190-855f-ef4822749ff9
tag:Health Campaign,07e427d5-fd8e-49e8-8531-3d73bbef6548
tag:Health Campaign,07e88aee-6510-42d9-abc0-8780cb575aff
tag:Health Campaign,07edf2f5-a496-4092-91cd-ddf3e8999466
tag:Health Campaign,0801aee5-b50b-4056-8bd5-66ab7fdf1ab4
tag:Health Campaign,0807c9b7-b52c-4cac-a40a-1f1b97641a81
tag:Health Campaign,08175fcc-a622-4cbf-8d62-b0bdafcf0856
tag:Health Campaign,081ab87e-f3b3-44cc-a23d-ca7b6c3898e5
tag:Health Campaign,0826facb-ddcc-4ccf-bdaa-b9a30217f49e
tag:Health Campaign,082dbaad-b098-46ec-b451-7c6eb15e344d
tag:Health Campaign,083d0dd5-7c9e-4328-83c6-9fddb2a4a0ca
tag:Health Campaign,083d54ce-e2f6-47bb-9b8b-3c2b97ac278d
tag:Health Campaign,083d96cb-f348-4163-a504-ae82dbf4edfd
tag:Health Campaign,0841fff1-b12e-48a4-8703-7248f42834fc
tag:Health Campaign,08547e53-ea5a-4b8f-b2b8-a4b1641d7fe6
tag:Health Campaign,086a155f-9728-4c17-8068-b76ea0584db0
tag:Health Campaign,086c22cf-a6ee-4d2b-870f-1feabec58de7
tag:Health Campaign,08792418-954e-4b5d-9bd7-b773e1f5d042
tag:Health Campaign,087e7dc0-9586-4a58-8118-bf183dc4479b
tag:Health Campaign,0883e0d7-e515-48fb-a40f-4795471dab8d
tag:Health Campaign,088c8465-48a0-4932-9ba0-2e9450280657
tag:Health Campaign,08a6e0af-10a7-4afa-aebb-b4bd6b79f6a1
tag:Health Campaign,08a9f5bf-dbbe-4e30-b126-ad4d3eac7d26
tag:Health Campaign,08aac871-4ba6-4626-bd47-b699f5a00d86
tag:Health Campaign,08af2107-f106-4802-afff-89e26d847e0b
tag:Health Campaign,08b057d3-b516-48a1-9431-b8ea9d26ad2e
tag:Health Campaign,08b2cdda-1527-433a-8058-5a999768ea64
tag:Health Campaign,08c84f0e-393b-447e-8a4a-97f06f211d79
tag:Health Campaign,08d3c341-a992-425c-9cf1-89f502ba38e2
tag:Health Campaign,08d61838-3cdd-4d90-a3c7-98bc12a391d6
tag:Health Campaign,08d6e7a0-0ab6-4d31-a277-9d492910c405
tag:Health Campaign,08dc4326-4929-4507-a702-256ff17150d4
tag:Health Campaign,08dd2666-11fd-4ad1-b4d5-39fcafdc258f
tag:Health Campaign,09054379-c2e9-486c-a26a-bd741166af4d
tag:Health Campaign,0915bf15-5c41-4531-a90c-f17b01f28e99
tag:Health Campaign,091c1381-07e6-4216-afee-28ae85ca5e2e
tag:Health Campaign,091e4ce4-3b35-41f3-8eea-233c47921e14
tag:Health Campaign,092cb84a-b3ce-46ac-a99e-1390e681f0bc
tag:Health Campaign,09386434-2733-46ea-a1ff-335bddbad628
tag:Health Campaign,09394044-bffe-4728-b1cf-b8fcb1c1e4fe
tag:Health Campaign,0944d468-d539-49a1-958e-e2cea3ae8a30
tag:Health Campaign,09494e1f-2b01-433c-8882-44e9f4a594b6
tag:Health Campaign,095a5567-e296-4e55-b712-a5a7882ede93
tag:Health Campaign,095c6927-db73-49d0-9a55-0d0182cc68ad
tag:Health Campaign,09602a7e-38e5-4cb7-90bc-1c43bcc44470
tag:Health Campaign,0964c316-5744-4323-a8fc-6d66502e0f58
tag:Health Campaign,096639ad-9671-44b1-bdc4-3f6fecf330b8
tag:Health Campaign,096a6124-67ce-4f04-9ad5-4afe19e1ed63
tag:Health Campaign,0972202f-c6ad-45b5-a236-b34339cc7056
tag:Health Campaign,098d50c7-8d22-49c3-b881-2791fe4360f2
tag:Health Campaign,0998005d-bef7-43cf-9553-cadefef07a50
tag:Health Campaign,099d2333-4927-4651-9040-3fcc50220e58
tag:Health Campaign,09ab6da3-4122-474c-a627-eaed5d532b39
tag:Health Campaign,09aed8b8-b16e-45ab-88fb-2d4b4ad9721b
tag:Health Campaign,09af1feb-ee58-4c7b-ab45-10b00c7ffbc2
tag:Health Campaign,09af8574-0643-44ef-b393-8a7f03ae220e
tag:Health Campaign,09b352c3-81d7-4cf6-a4c8-2a56bdbdc9f2
tag:Health Campaign,09bba2ce-d4c1-4213-89dd-1cd2ab5835b5
tag:Health Campaign,09bf32f8-2a86-40cd-8b92-9e39c5d79096
tag:Health Campaign,09dd546b-6636-4ab2-8b97-5e9469d3316b
tag:Health Campaign,09e1aa59-7410-48f8-bbf0-a966bde65c21
tag:Health Campaign,09fc07cc-bd48-44cc-8f99-a0ec7361b6fc
tag:Health Campaign,0a006559-f918-4ffd-b20e-a35b722be6ca
tag:Health Campaign,0a02b6e6-6ca8-490f-9282-fe2fe0d8b133
tag:Health Campaign,0a0ac9da-3bfb-47ed-b5a4-601c4732a6d8
tag:Health Campaign,0a0ea9b7-0f13-401d-b035-ea0f61a4aae2
tag:Health Campaign,0a0ee041-07da-4c1f-adc9-26e30d6d7017
tag:Health Campaign,0a12745e-a4e8-4036-8aac-7f3b60720b11
tag:Health Campaign,0a1f6332-607f-4059-a9f9-88872cc87c27
tag:Health Campaign,0a2661d5-ecf2-4538-a373-97e120bbea03
tag:Health Campaign,0a35b314-fedb-4d82-9278-7bdd89106caa
tag:Health Campaign,0a3a4c7e-3856-430c-9f4f-ecf326116c1b
tag:Health Campaign,0a5501a9-54fa-4192-b29c-faaa557a5dc1
tag:Health Campaign,0a57b87f-4900-479e-8979-567d1c4d6e14
tag:Health Campaign,0a5a7649-ec64-4fd0-a97f-51aad2cfdae2
tag:Health Campaign,0a6955ec-5547-4fda-80cd-9fb030382ac7
tag:Health Campaign,0a6e1c3f-1ab6-4bef-9142-c5b001387932
tag:Health Campaign,0a736cc9-3d33-4de2-9b8c-0b3c6c592e96
tag:Health Campaign,0a77eea6-7e72-4438-9be4-f86e301b0c9d
tag:Health Campaign,0a8653bc-52af-4579-9f2d-5fb770b24556
tag:Health Campaign,0a8caaaf-2691-4edf-94fd-458edef25bf2
tag:Health Campaign,0a9437e6-2b4d-4ccc-85e8-5b28b31ff32d
tag:Health Campaign,0a97137a-9873-4c06-9b61-689f76283fd4
tag:Health Campaign,0a9b4ffb-b9a2-4de6-b7a1-8949b4432b75
tag:Health Campaign,0a9f41e9-1f0b-4673-93a2-a8789ee3f976
tag:Health Campaign,0aa228f1-1743-44e3-895b-793ae91a20eb
tag:Health Campaign,0aa2d6b9-d0ad-41b8-8410-0ef1f481c09d
tag:Health Campaign,0aa74a05-11df-4b2a-9288-6a5b801f6884
tag:Health Campaign,0aaae886-4298-48c6-967c-2c9960add462
tag:Health Campaign,0ab33820-cc52-4d4c-9aac-fda78bb75931
tag:Health Campaign,0ab5fc98-5b94-4724-8ff9-fe3bd7cdaa75
tag:Health Campaign,0ad2af48-ce4e-4c0c-9cae-643f4f4d2f5b
tag:Health Campaign,0ad4109d-5257-4368-aa55-095291c80f58
tag:Health Campaign,0ae4f3f2-40f0-4de3-a816-13699d4ef237
tag:Health Campaign,0aec7689-a70e-4a4f-95f1-b5e5d362ed9c
tag:Health Campaign,0affc7e5-d27d-4579-9ca7-9860b82bf86f
tag:Health Campaign,0b088d74-3228-4cfc-9b49-d662430c6219
tag:Health Campaign,0b08c76a-b910-48ac-8754-76c905451983
tag:Health Campaign,0b18d772-8c3a-4929-95fd-33520cdd92ed
tag:Health Campaign,0b25ed6d-53a1-4423-accc-4d374b290709
tag:Health Campaign,0b28cd61-8f90-468e-adb6-b58285e46985
tag:Health Campaign,0b2ec619-c5af-4490-8f10-6165df35f8c2
tag:Health Campaign,0b31b436-c3ff-4bb5-b6ef-d2ad9a720ba4
tag:Health Campaign,0b4547e0-547f-4945-bff9-47b7ce6e5e50
tag:Health Campaign,0b45a2fd-5577-4bd6-9984-a228e2aa6362
tag:Health Campaign,0b56b4e4-997a-4dee-9343-b809fa534139
tag:Health Campaign,0b596f6f-5421-48a4-9ead-c00eb40d139d
tag:Health Campaign,0b6f7d15-3b5c-406b-8e27-9ec3c76b9aa1
tag:Health Campaign,0b72417f-2004-447e-971b-f6976e18221c
tag:Health Campaign,0b894d18-a088-4afb-871a-c9f3bd655a76
tag:Health Campaign,0b97e179-237d-4d66-92a9-ae0f3fa44b68
tag:Health Campaign,0bae326c-b57f-4524-a9e0-9c45f13e3696
tag:Health Campaign,0bb28146-8573-462e-9160-6a27638bfe48
tag:Health Campaign,0bb64d0d-1fb2-40d5-a4fb-bb0a4315323e
tag:Health Campaign,0bbea8ca-5fb8-4fe5-9777-8ce0663a8ecf
tag:Health Campaign,0bc7d250-1ad7-4c1c-b627-ec6f80c542ed
tag:Health Campaign,0be1b1e9-4274-48de-8028-c0066e49195d
tag:Health Campaign,0be4fae3-6c2d-4572-b42d-1c6dfbd90fa6
tag:Health Campaign,0becd836-a5fb-480a-ad67-dd58d80fa15c
tag:Health Campaign,0bfa91fb-099c-438c-89ef-d36cb04e7ba0
tag:Health Campaign,0c124853-7844-43db-a0dd-9f6598c0c969
tag:Health Campaign,0c17f0fe-4bbd-459e-bee9-f224fa570844
tag:Health Campaign,0c31f0a0-ff64-4ab2-9547-6e2cfd16a255
tag:Health Campaign,0c3ab170-051d-4211-9b6c-9338edaac7db
tag:Health Campaign,0c45dd68-9053-40a7-ade9-af9cc7098534
tag:Health Campaign,0c53ff82-ac8c-4a18-b789-ee45ca3af3db
tag:Health Campaign,0c549329-01f6-4b77-bfca-15d7098ba200
tag:Health Campaign,0c556600-5c3c-430e-bf23-7fed26b82772
tag:Health Campaign,0c6cfda6-91e2-489f-8b59-dab0895c7787
tag:Health Campaign,0c767aa4-771e-4692-8ddb-3e02910bd367
tag:Health Campaign,0c7933d3-cfcf-4dc7-af0f-dfc7336e8f3d
tag:Health Campaign,0c847340-2353-48a0-9102-b78c98aeac2e
tag:Health Campaign,0c8761b6-5489-44bb-9077-820fff9d0701
tag:Health Campaign,0ca7b850-1cae-42d0-ae45-250e625064fa
tag:Health Campaign,0ccb251a-abfc-472a-88c6-89472362448a
tag:Health Campaign,0ce25413-198c-49a6-8707-6a5e9ea97d2c
tag:Health Campaign,0cece6c6-4499-4fa2-b270-7140654ef42f
tag:Health Campaign,0cee2262-ef62-4e90-ba70-b5456277c4ba
tag:Health Campaign,0cf63a65-8050-4ffb-a1b0-44aa16e04680
tag:Health Campaign,0d00ad57-10d4-4f0c-b33c-9954a7734c53
tag:Health Campaign,0d017e25-e66d-4272-a8cd-b073311948ae
tag:Health Campaign,0d1212e3-f9ba-4bfe-89ff-40f2dd29f1ed
tag:Health Campaign,0d19f6b2-5dd5-48c3-b750-6e54376ab536
tag:Health Campaign,0d232ee4-22a4-420e-abc1-d8a81a2095d7
tag:Health Campaign,0d2c0ab5-e6ed-4d45-8a84-3dd3320b7020
tag:Health Campaign,0d327b37-b687-4139-b55e-670679f7abc6
tag:Health Campaign,0d35f4ad-d1e0-4235-bb7f-fa23e701a3c7
tag:Health Campaign,0d45724d-7c35-480b-9ef8-329e83dd2db6
tag:Health Campaign,0d55a26d-f36e-4224-9a85-7a7daf1057e6
tag:Health Campaign,0d59d6dd-9b11-44e3-940f-4ef9e852894a
tag:Health Campaign,0d61535e-76d4-4d28-94ec-2415954b600c
tag:Health Campaign,0d6530d4-802a-451e-82a3-aad3ea0881e8
tag:Health Campaign,0d690db1-b02c-4b69-8c55-162c38ae867d
tag:Health Campaign,0d70e0dc-3c4d-410c-a1ab-d5bc862619ea
tag:Health Campaign,0d791cdd-66d4-47d1-8510-c203a2399d1c
tag:Health Campaign,0d7d8778-c60a-4ad5-863e-472851a74947
tag:Health Campaign,0d843068-7691-4d58-b81f-1ad0b9dd9416
tag:Health Campaign,0d85c5a0-0499-4ce8-94f5-4cb7966c43fb
tag:Health Campaign,0d8ee065-db4c-466e-9591-7f54b063d337
tag:Health Campaign,0d9c4901-d86a-4be4-a9e7-ed7779b04199
tag:Health Campaign,0da7f2de-1dc2-4330-a460-55b2666447e8
tag:Health Campaign,0db2ec33-5f96-4678-8e0b-f0ed181f845c
tag:Health Campaign,0db5544d-033c-4021-a08f-fd78f4da023a
tag:Health Campaign,0dcbc6b5-5672-4909-96ec-bf69d83171b3
tag:Health Campaign,0de2960b-2263-481f-88e9-43ecc2ece99c
tag:Health Campaign,0dfcc14e-1ee0-4b25-84bb-64404f51a731
tag:Health Campaign,0dfe02be-c21f-4769-9fe9-5476bcbd01fd
tag:Health Campaign,0e01adf9-ff91-4436-b648-1843748f40fd
tag:Health Campaign,0e0df09f-5c1c-4a4c-95d2-1d00ea152242
tag:Health Campaign,0e112da2-4775-4e43-9b35-d60d81fefd41
tag:Health Campaign,0e1d9620-704f-46c1-99c0-07d039f1663d
tag:Health Campaign,0e281234-0d88-414a-9b89-d7dd76abddb0
tag:Health Campaign,0e2cb096-29d9-4d6f-8c94-531cf33a029c
tag:Health Campaign,0e2f7612-25a5-4dea-b89c-f3deb28d903d
tag:Health Campaign,0e3d40da-2f69-41e2-a04b-7de5aa48d7d8
tag:Health Campaign,0e3e6135-7f90-4f0a-b4af-843e2dddab99
tag:Health Campaign,0e42dde5-2381-4923-8eb4-d5902f2a99c1
tag:Health Campaign,0e481f2b-6b72-455d-aa52-d93b1861c33f
tag:Health Campaign,0e5dae86-d6aa-4717-87be-1625e689cd16
tag:Health Campaign,0e7b4021-45fe-45eb-8cb9-d7e3a3a5549c
tag:Health Campaign,0e7b9303-bb27-4e76-8007-2594827e67d9
tag:Health Campaign,0e7bc1b1-73ca-4aed-8557-5b6856385b53
tag:Health Campaign,0e83ed0c-5469-422c-9a0b-0fa7c1531a9f
tag:Health Campaign,0ea00eab-9c7d-44ff-856f-19c846114edd
tag:Health Campaign,0ea0d5de-e375-4cff-b03f-8caf116b507a
tag:Health Campaign,0ea628ee-8b72-4f4c-a1cf-d1aad7f18f55
tag:Health Campaign,0eaa39a0-d574-499b-9c91-8b3948e9a7bc
tag:Health Campaign,0ebe8217-75ce-41cd-b243-89450ff07a55
tag:Health Campaign,0ed1d5cd-dc73-4e0a-9d92-14fa3af8646b
tag:Health Campaign,0ed6e380-9e34-4b57-b4b4-fca9523ced33
tag:Health Campaign,0eddfb4f-5a86-4d06-9a81-e36e99dc2371
tag:Health Campaign,0edeb7b2-548c-4016-a23b-9c9f0d1ef630
tag:Health Campaign,0ee6a9cb-ab6f-4bc6-b301-55e7a9586f56
tag:Health Campaign,0ee70356-ea9a-444b-829a-19b4d48afba4
tag:Health Campaign,0ef3fa26-7c7c-4960-85e5-c9839b3e5d95
tag:Health Campaign,0efa4839-8b1e-43f1-91b4-bb1b00aa605d
tag:Health Campaign,0f01ef61-91af-439e-a497-ed2262a032a9
tag:Health Campaign,0f0e2bbc-b8bb-44a0-94d6-c1f2a01aa3b9
tag:Health Campaign,0f0ef054-ac95-46d8-84cc-5d6f379949c4
tag:Health Campaign,0f104709-8f6e-43a0-8b7a-66a66db40508
tag:Health Campaign,0f136aa6-baff-4113-8275-6bf577076f9d
tag:Health Campaign,0f1c0020-29fc-4dfd-b32d-1844cf3e1472
tag:Health Campaign,0f240b0c-3601-4690-bb48-0c604f3094fe
tag:Health Campaign,0f2b4a01-24b4-4153-bcfc-fe4871afa2fe
tag:Health Campaign,0f2ca7a6-9314-4581-87b7-28251652d6ca
tag:Health Campaign,0f492e4b-e876-401d-a422-df6cf3e89a7c
tag:Health Campaign,0f4a6dcf-9576-4595-a951-7cedf4c38550
tag:Health Campaign,0f52fab3-913f-4b06-9138-387adc765fbb
tag:Health Campaign,0f585527-16f6-42ad-b127-b0007a0c369f
tag:Health Campaign,0f5e8c8a-cd2d-47ea-a6ec-720c39d284f0
tag:Health Campaign,0f60656f-cc10-4c58-be56-12e405e5d59e
tag:Health Campaign,0f77780c-7803-4c2b-943f-70f5f79a9ea9
tag:Health Campaign,0f7b025a-93b6-4214-b547-10be3e8233f1
tag:Health Campaign,0f9886a8-127a-4c88-920e-9c8858077738
tag:Health Campaign,0f9e9559-e1fa-4267-a7fa-68d63dfcbf7d
tag:Health Campaign,0f9ff749-030a-4faa-9670-d0d750e1a64a
tag:Health Campaign,0fabbebb-e5fc-468e-b68d-0dc0a7f379e3
tag:Health Campaign,0faf8be2-3477-4fc1-941a-a5e36ba56256
tag:Health Campaign,0fb09364-9f89-4ec1-bca2-8109812b64da
tag:Health Campaign,0fba7e14-62ac-4cf5-a7c1-99cc9d6222a7
tag:Health Campaign,0fc27124-d371-4603-b670-e1d54c7bed68
tag:Health Campaign,0fc5a6f9-ae84-49f3-a61e-a83bce114e33
tag:Health Campaign,0fc7588a-8d18-4964-98cd-8ed1649ea447
tag:Health Campaign,0fcabb3b-ece9-4812-a2a4-ab04eff81a81
tag:Health Campaign,0fd6ce29-4b41-48e0-be0f-daa155e7641a
tag:Health Campaign,0fe2fcb9-876a-473d-aa18-af24224a194f
tag:Health Campaign,0ff77e8b-1b24-4d37-ac52-bde183b79cfc
tag:Health Campaign,100113-468008
tag:Health Campaign,100113-468159
tag:Health Campaign,100113-468195
tag:Health Campaign,100113-468284
tag:Health Campaign,100113-468290
tag:Health Campaign,100113-468430
tag:Health Campaign,100113-468546
tag:Health Campaign,100113-468658
tag:Health Campaign,100113-468956
tag:Health Campaign,100113-469195
tag:Health Campaign,100113-469630
tag:Health Campaign,100113-469766
tag:Health Campaign,100113-470202
tag:Health Campaign,100113-470659
tag:Health Campaign,100113-470773
tag:Health Campaign,100113-470834
tag:Health Campaign,100113-470918
tag:Health Campaign,100113-471192
tag:Health Campaign,100113-471200
tag:Health Campaign,100113-471598
tag:Health Campaign,100113-471601
tag:Health Campaign,100113-471683
tag:Health Campaign,100113-472134
tag:Health Campaign,100113-472176
tag:Health Campaign,100113-472273
tag:Health Campaign,100113-472388
tag:Health Campaign,100113-472389
tag:Health Campaign,100113-472847
tag:Health Campaign,100113-473342
tag:Health Campaign,100113-473530
tag:Health Campaign,100113-473574
tag:Health Campaign,100113-474741
tag:Health Campaign,100113-474978
tag:Health Campaign,100113-475856
tag:Health Campaign,100113-475950
tag:Health Campaign,100113-476028
tag:Health Campaign,100113-476258
tag:Health Campaign,100113-476368
tag:Health Campaign,100113-476595
tag:Health Campaign,100113-477010
tag:Health Campaign,100113-477372
tag:Health Campaign,100113-477500
tag:Health Campaign,100113-477777
tag:Health Campaign,100113-477842
tag:Health Campaign,100113-477981
tag:Health Campaign,100113-478275
tag:Health Campaign,100113-479011
tag:Health Campaign,100113-479020
tag:Health Campaign,100113-479093
tag:Health Campaign,100113-479504
tag:Health Campaign,100113-479702
tag:Health Campaign,100113-479934
tag:Health Campaign,100113-480032
tag:Health Campaign,100113-480863
tag:Health Campaign,100113-481626
tag:Health Campaign,100113-481707
tag:Health Campaign,100113-482139
tag:Health Campaign,100113-482301
tag:Health Campaign,100113-482459
tag:Health Campaign,100113-482472
tag:Health Campaign,100113-482592
tag:Health Campaign,100113-482876
tag:Health Campaign,100113-483452
tag:Health Campaign,100113-483623
tag:Health Campaign,100113-483762
tag:Health Campaign,100113-484870
tag:Health Campaign,100113-484953
tag:Health Campaign,100113-485099
tag:Health Campaign,100113-485141
tag:Health Campaign,100113-485322
tag:Health Campaign,100113-485616
tag:Health Campaign,100113-485687
tag:Health Campaign,100113-485904
tag:Health Campaign,100113-485995
tag:Health Campaign,100113-486431
tag:Health Campaign,100113-486905
tag:Health Campaign,100113-487145
tag:Health Campaign,100113-487230
tag:Health Campaign,100113-487657
tag:Health Campaign,100113-489109
tag:Health Campaign,100113-489352
tag:Health Campaign,100113-489429
tag:Health Campaign,100113-489515
tag:Health Campaign,100113-489583
tag:Health Campaign,100113-489756
tag:Health Campaign,100113-489986
tag:Health Campaign,100113-490108
tag:Health Campaign,100113-490603
tag:Health Campaign,100113-490616
tag:Health Campaign,100113-490632
tag:Health Campaign,100113-490676
tag:Health Campaign,100113-490845
tag:Health Campaign,100113-491198
tag:Health Campaign,100113-491650
tag:Health Campaign,100113-491688
tag:Health Campaign,100113-491848
tag:Health Campaign,100113-492101
tag:Health Campaign,100113-492714
tag:Health Campaign,100113-493052
tag:Health Campaign,100113-493363
tag:Health Campaign,100113-493599
tag:Health Campaign,100113-493946
tag:Health Campaign,100113-494052
tag:Health Campaign,100113-494331
tag:Health Campaign,100113-494515
tag:Health Campaign,100113-495330
tag:Health Campaign,100113-495365
tag:Health Campaign,100113-495509
tag:Health Campaign,100113-495619
tag:Health Campaign,100113-495990
tag:Health Campaign,100113-496185
tag:Health Campaign,100113-496263
tag:Health Campaign,100113-496738
tag:Health Campaign,100113-496974
tag:Health Campaign,100113-497513
tag:Health Campaign,100113-497791
tag:Health Campaign,100113-498129
tag:Health Campaign,100113-498141
tag:Health Campaign,100113-498175
tag:Health Campaign,100113-498258
tag:Health Campaign,100113-498364
tag:Health Campaign,100113-498373
tag:Health Campaign,100113-498374
tag:Health Campaign,100113-498565
tag:Health Campaign,100113-499195
tag:Health Campaign,100113-499328
tag:Health Campaign,100113-500045
tag:Health Campaign,100113-500055
tag:Health Campaign,100113-500391
tag:Health Campaign,100113-500402
tag:Health Campaign,100113-500423
tag:Health Campaign,100113-500527
tag:Health Campaign,100113-500573
tag:Health Campaign,100113-501598
tag:Health Campaign,100113-502308
tag:Health Campaign,100113-502456
tag:Health Campaign,100113-503423
tag:Health Campaign,100113-503558
tag:Health Campaign,100113-503593
tag:Health Campaign,100113-503637
tag:Health Campaign,100113-504125
tag:Health Campaign,100113-504398
tag:Health Campaign,100113-506460
tag:Health Campaign,100113-506918
tag:Health Campaign,100113-507236
tag:Health Campaign,100113-507391
tag:Health Campaign,100113-507481
tag:Health Campaign,100113-507545
tag:Health Campaign,100113-507921
tag:Health Campaign,100113-508253
tag:Health Campaign,100113-508582
tag:Health Campaign,100113-508961
tag:Health Campaign,100113-508974
tag:Health Campaign,100113-509178
tag:Health Campaign,100113-509476
tag:Health Campaign,100113-509516
tag:Health Campaign,100113-509696
tag:Health Campaign,100113-509965
tag:Health Campaign,100113-510052
tag:Health Campaign,100113-510106
tag:Health Campaign,100113-510269
tag:Health Campaign,100113-510456
tag:Health Campaign,100113-510545
tag:Health Campaign,100113-510617
tag:Health Campaign,100113-510702
tag:Health Campaign,100113-511091
tag:Health Campaign,100113-511166
tag:Health Campaign,100113-511360
tag:Health Campaign,100113-511830
tag:Health Campaign,100113-512329
tag:Health Campaign,100113-512552
tag:Health Campaign,100113-513414
tag:Health Campaign,100113-513602
tag:Health Campaign,100113-513763
tag:Health Campaign,100113-513996
tag:Health Campaign,100113-514410
tag:Health Campaign,100113-514412
tag:Health Campaign,100113-514447
tag:Health Campaign,100113-514504
tag:Health Campaign,100113-514671
tag:Health Campaign,100113-514839
tag:Health Campaign,100113-515210
tag:Health Campaign,100113-515216
tag:Health Campaign,100113-515290
tag:Health Campaign,100113-515697
tag:Health Campaign,100113-515838
tag:Health Campaign,100113-516259
tag:Health Campaign,100113-516345
tag:Health Campaign,100113-516355
tag:Health Campaign,100113-516482
tag:Health Campaign,100113-516728
tag:Health Campaign,100113-517478
tag:Health Campaign,100113-517720
tag:Health Campaign,100113-517798
tag:Health Campaign,100113-517816
tag:Health Campaign,100113-518380
tag:Health Campaign,100113-518850
tag:Health Campaign,100113-518884
tag:Health Campaign,100113-519169
tag:Health Campaign,100113-519214
tag:Health Campaign,100113-519375
tag:Health Campaign,100113-519504
tag:Health Campaign,100113-520810
tag:Health Campaign,100113-521112
tag:Health Campaign,100113-521321
tag:Health Campaign,100113-521638
tag:Health Campaign,100113-521946
tag:Health Campaign,100113-522190
tag:Health Campaign,100113-522887
tag:Health Campaign,100113-522993
tag:Health Campaign,100113-522999
tag:Health Campaign,100113-523191
tag:Health Campaign,100113-523293
tag:Health Campaign,100113-524278
tag:Health Campaign,100113-524285
tag:Health Campaign,100113-524474
tag:Health Campaign,100113-525021
tag:Health Campaign,100113-525302
tag:Health Campaign,100113-525411
tag:Health Campaign,100113-525420
tag:Health Campaign,100113-525541
tag:Health Campaign,100113-525800
tag:Health Campaign,100113-526126
tag:Health Campaign,100113-526131
tag:Health Campaign,100113-526498
tag:Health Campaign,100113-526566
tag:Health Campaign,100113-526659
tag:Health Campaign,100113-527123
tag:Health Campaign,100113-527354
tag:Health Campaign,100113-528058
tag:Health Campaign,100113-528081
tag:Health Campaign,100113-528141
tag:Health Campaign,100113-528173
tag:Health Campaign,100113-528229
tag:Health Campaign,100113-528345
tag:Health Campaign,100113-528367
tag:Health Campaign,100113-528940
tag:Health Campaign,100113-529043
tag:Health Campaign,100113-529307
tag:Health Campaign,100113-529406
tag:Health Campaign,100113-529483
tag:Health Campaign,100113-529916
tag:Health Campaign,100113-529984
tag:Health Campaign,100113-530258
tag:Health Campaign,100113-530298
tag:Health Campaign,100113-530975
tag:Health Campaign,100113-531256
tag:Health Campaign,100113-531583
tag:Health Campaign,100113-532023
tag:Health Campaign,100113-532332
tag:Health Campaign,100113-532693
tag:Health Campaign,100113-532995
tag:Health Campaign,100113-533524
tag:Health Campaign,100113-533811
tag:Health Campaign,100113-534842
tag:Health Campaign,100113-535188
tag:Health Campaign,100113-536254
tag:Health Campaign,100113-536339
tag:Health Campaign,100113-536341
tag:Health Campaign,100113-536391
tag:Health Campaign,100113-536572
tag:Health Campaign,100113-536708
tag:Health Campaign,100113-536860
tag:Health Campaign,100113-536875
tag:Health Campaign,100113-537048
tag:Health Campaign,100113-537130
tag:Health Campaign,100113-537469
tag:Health Campaign,100113-537572
tag:Health Campaign,100113-537588
tag:Health Campaign,100113-537622
tag:Health Campaign,100113-537778
tag:Health Campaign,100113-537991
tag:Health Campaign,100113-538165
tag:Health Campaign,100113-538351
tag:Health Campaign,100113-538499
tag:Health Campaign,100113-538638
tag:Health Campaign,100113-538828
tag:Health Campaign,100113-538849
tag:Health Campaign,100113-538909
tag:Health Campaign,100113-538919
tag:Health Campaign,100113-539395
tag:Health Campaign,100113-539577
tag:Health Campaign,100113-539597
tag:Health Campaign,100113-539611
tag:Health Campaign,100113-539620
tag:Health Campaign,100113-539692
tag:Health Campaign,100113-539912
tag:Health Campaign,100113-539935
tag:Health Campaign,100113-540093
tag:Health Campaign,100113-540130
tag:Health Campaign,100113-540451
tag:Health Campaign,100113-540595
tag:Health Campaign,100113-540612
tag:Health Campaign,100113-540760
tag:Health Campaign,100113-540785
tag:Health Campaign,100113-540838
tag:Health Campaign,100113-541281
tag:Health Campaign,100113-541932
tag:Health Campaign,100113-541967
tag:Health Campaign,100113-542812
tag:Health Campaign,100113-543332
tag:Health Campaign,100113-543618
tag:Health Campaign,100113-543725
tag:Health Campaign,100113-544074
tag:Health Campaign,100113-544128
tag:Health Campaign,100113-544134
tag:Health Campaign,100113-544252
tag:Health Campaign,100113-544443
tag:Health Campaign,100113-544534
tag:Health Campaign,100113-544536
tag:Health Campaign,100113-544692
tag:Health Campaign,100113-545289
tag:Health Campaign,100113-545396
tag:Health Campaign,100113-545451
tag:Health Campaign,100113-545522
tag:Health Campaign,100113-545821
tag:Health Campaign,100113-546118
tag:Health Campaign,100113-546356
tag:Health Campaign,100113-546433
tag:Health Campaign,100113-546647
tag:Health Campaign,100113-547508
tag:Health Campaign,100113-547509
tag:Health Campaign,100113-548293
tag:Health Campaign,100113-548807
tag:Health Campaign,100113-549055
tag:Health Campaign,100113-549150
tag:Health Campaign,100113-549163
tag:Health Campaign,100113-549569
tag:Health Campaign,100113-550086
tag:Health Campaign,100113-550239
tag:Health Campaign,100113-550387
tag:Health Campaign,100113-550676
tag:Health Campaign,100113-551070
tag:Health Campaign,100113-551171
tag:Health Campaign,100113-551651
tag:Health Campaign,100113-552538
tag:Health Campaign,100113-552740
tag:Health Campaign,100113-553967
tag:Health Campaign,100113-553969
tag:Health Campaign,100113-554503
tag:Health Campaign,100113-554654
tag:Health Campaign,100113-555465
tag:Health Campaign,100113-555524
tag:Health Campaign,100113-555975
tag:Health Campaign,100113-556374
tag:Health Campaign,100113-557181
tag:Health Campaign,100113-557260
tag:Health Campaign,100113-557341
tag:Health Campaign,100113-557517
tag:Health Campaign,100113-557630
tag:Health Campaign,100113-558236
tag:Health Campaign,100113-558553
tag:Health Campaign,100113-558563
tag:Health Campaign,100113-558984
tag:Health Campaign,100113-559632
tag:Health Campaign,100113-560477
tag:Health Campaign,100113-560542
tag:Health Campaign,100113-560840
tag:Health Campaign,100113-561125
tag:Health Campaign,100113-561134
tag:Health Campaign,100113-561385
tag:Health Campaign,100113-561658
tag:Health Campaign,100113-561817
tag:Health Campaign,100113-561970
tag:Health Campaign,100113-561971
tag:Health Campaign,100113-562295
tag:Health Campaign,100113-562579
tag:Health Campaign,100113-562633
tag:Health Campaign,100113-562739
tag:Health Campaign,100113-562913
tag:Health Campaign,100113-563019
tag:Health Campaign,100113-563112
tag:Health Campaign,100113-563346
tag:Health Campaign,100113-563535
tag:Health Campaign,100113-563830
tag:Health Campaign,100113-564334
tag:Health Campaign,100113-564516
tag:Health Campaign,100113-564812
tag:Health Campaign,100113-565496
tag:Health Campaign,100113-566190
tag:Health Campaign,100113-566478
tag:Health Campaign,100113-566479
tag:Health Campaign,100113-566481
tag:Health Campaign,100113-566867
tag:Health Campaign,100113-567337
tag:Health Campaign,100113-567631
tag:Health Campaign,100113-568123
tag:Health Campaign,100113-568282
tag:Health Campaign,100113-568551
tag:Health Campaign,100113-569470
tag:Health Campaign,100113-569666
tag:Health Campaign,100113-570117
tag:Health Campaign,100113-570639
tag:Health Campaign,100113-570817
tag:Health Campaign,100113-570858
tag:Health Campaign,100113-571198
tag:Health Campaign,100113-571382
tag:Health Campaign,100113-571463
tag:Health Campaign,100113-572470
tag:Health Campaign,100113-572612
tag:Health Campaign,100113-573440
tag:Health Campaign,100113-573634
tag:Health Campaign,100113-573854
tag:Health Campaign,100113-573919
tag:Health Campaign,100113-573973
tag:Health Campaign,100113-574453
tag:Health Campaign,100113-574545
tag:Health Campaign,100113-574916
tag:Health Campaign,100113-575681
tag:Health Campaign,100113-575859
tag:Health Campaign,100113-575976
tag:Health Campaign,100113-576596
tag:Health Campaign,100113-576748
tag:Health Campaign,100113-577411
tag:Health Campaign,100113-577441
tag:Health Campaign,100113-577740
tag:Health Campaign,100113-577751
tag:Health Campaign,100113-577972
tag:Health Campaign,100113-578742
tag:Health Campaign,100113-578873
tag:Health Campaign,100113-579001
tag:Health Campaign,100113-579270
tag:Health Campaign,100113-579892
tag:Health Campaign,100113-580139
tag:Health Campaign,100113-580184
tag:Health Campaign,100113-580527
tag:Health Campaign,100113-580831
tag:Health Campaign,100113-580983
tag:Health Campaign,100113-580993
tag:Health Campaign,100113-581520
tag:Health Campaign,100113-581744
tag:Health Campaign,100113-581973
tag:Health Campaign,100113-582096
tag:Health Campaign,100113-582150
tag:Health Campaign,100113-582184
tag:Health Campaign,100113-582252
tag:Health Campaign,100113-582503
tag:Health Campaign,100113-582875
tag:Health Campaign,100113-583486
tag:Health Campaign,100113-584058
tag:Health Campaign,100113-584106
tag:Health Campaign,100113-584375
tag:Health Campaign,100445-108891
tag:Health Campaign,100445-113089
tag:Health Campaign,100445-113090
tag:Health Campaign,100452-24476
tag:Health Campaign,100488-259502
tag:Health Campaign,100895-296306
tag:Health Campaign,100895-296679
tag:Health Campaign,100966-356784
tag:Health Campaign,100966-357450
tag:Health Campaign,100966-357890
tag:Health Campaign,100c6c03-9efb-41b2-a549-15a3a0be1d3d
tag:Health Campaign,100f4319-62fd-41a1-ade2-b87ddbebb5ac
tag:Health Campaign,101033-38031
tag:Health Campaign,101033-44873
tag:Health Campaign,101033-45431
tag:Health Campaign,10126644-a0a6-422c-991d-0171f82df2b6
tag:Health Campaign,101325-31633
tag:Health Campaign,101325-35816
tag:Health Campaign,102335-697421
tag:Health Campaign,102335-705731
tag:Health Campaign,102335-709688
tag:Health Campaign,102335-709796
tag:Health Campaign,102335-719482
tag:Health Campaign,102335-719865
tag:Health Campaign,102335-744462
tag:Health Campaign,102335-771248
tag:Health Campaign,102335-776768
tag:Health Campaign,102335-776785
tag:Health Campaign,102335-777024
tag:Health Campaign,102335-777040
tag:Health Campaign,102335-777051
tag:Health Campaign,102335-778759
tag:Health Campaign,102335-781545
tag:Health Campaign,102335-789745
tag:Health Campaign,102958-240293
tag:Health Campaign,102d2a05-137c-4db1-b36c-0afb234bb7a8
tag:Health Campaign,103046-442771
tag:Health Campaign,103046-451059
tag:Health Campaign,103046-452322
tag:Health Campaign,103046-455368
tag:Health Campaign,103046-455658
tag:Health Campaign,103046-456189
tag:Health Campaign,103046-459795
tag:Health Campaign,103046-460279
tag:Health Campaign,103330-173364
tag:Health Campaign,103521-229432
tag:Health Campaign,103521-232382
tag:Health Campaign,103521-236666
tag:Health Campaign,103521-236854
tag:Health Campaign,103521-237010
tag:Health Campaign,103588-164249
tag:Health Campaign,103623-320475
tag:Health Campaign,103623-321351
tag:Health Campaign,103660-10873
tag:Health Campaign,103660-10954
tag:Health Campaign,103660-11563
tag:Health Campaign,103660-11725
tag:Health Campaign,103660-11922
tag:Health Campaign,103660-12028
tag:Health Campaign,103660-12033
tag:Health Campaign,103660-12089
tag:Health Campaign,103660-12191
tag:Health Campaign,103660-12852
tag:Health Campaign,103660-13168
tag:Health Campaign,10406198-26b0-43f3-a5a0-ae0067c9f174
tag:Health Campaign,104196-11811
tag:Health Campaign,104939-1686437
tag:Health Campaign,104939-1689503
tag:Health Campaign,104939-1693968
tag:Health Campaign,104939-1703266
tag:Health Campaign,104939-1703423
tag:Health Campaign,104939-1721105
tag:Health Campaign,104939-1722564
tag:Health Campaign,104939-1723381
tag:Health Campaign,104939-1725763
tag:Health Campaign,104939-1730064
tag:Health Campaign,104939-1732532
tag:Health Campaign,104939-1736086
tag:Health Campaign,104939-1736433
tag:Health Campaign,104939-1739241
tag:Health Campaign,104939-1742924
tag:Health Campaign,104939-1745149
tag:Health Campaign,104939-1745218
tag:Health Campaign,104939-1749664
tag:Health Campaign,104939-1752224
tag:Health Campaign,104939-1761576
tag:Health Campaign,104939-1761712
tag:Health Campaign,104939-1762362
tag:Health Campaign,104939-1762650
tag:Health Campaign,104939-1762666
tag:Health Campaign,104939-1763070
tag:Health Campaign,104939-1763196
tag:Health Campaign,104939-1765666
tag:Health Campaign,104939-1766244
tag:Health Campaign,104939-1769911
tag:Health Campaign,104939-1770909
tag:Health Campaign,104939-1771417
tag:Health Campaign,104939-1773411
tag:Health Campaign,104939-1774821
tag:Health Campaign,104939-1776150
tag:Health Campaign,104939-1780434
tag:Health Campaign,104939-1780795
tag:Health Campaign,104939-1781924
tag:Health Campaign,104939-1782104
tag:Health Campaign,104939-1783556
tag:Health Campaign,104939-1784993
tag:Health Campaign,104939-1785917
tag:Health Campaign,104939-1791720
tag:Health Campaign,104939-1792658
tag:Health Campaign,104984-102134
tag:Health Campaign,104984-102692
tag:Health Campaign,104984-102811
tag:Health Campaign,104984-103882
tag:Health Campaign,104984-104353
tag:Health Campaign,104984-105128
tag:Health Campaign,104984-105207
tag:Health Campaign,104984-106871
tag:Health Campaign,104984-109063
tag:Health Campaign,104984-109470
tag:Health Campaign,104984-112023
tag:Health Campaign,104984-116088
tag:Health Campaign,104984-120633
tag:Health Campaign,104984-123217
tag:Health Campaign,104984-136031
tag:Health Campaign,104984-136076
tag:Health Campaign,104984-140016
tag:Health Campaign,104984-141269
tag:Health Campaign,104984-142096
tag:Health Campaign,104984-158163
tag:Health Campaign,104984-164286
tag:Health Campaign,104984-164554
tag:Health Campaign,104984-165673
tag:Health Campaign,104984-85776
tag:Health Campaign,104984-86351
tag:Health Campaign,104985-219970
tag:Health Campaign,1052bf00-cee2-47a8-976b-e2e0dfb4ec3d
tag:Health Campaign,106206-23348
tag:Health Campaign,106852-35175
tag:Health Campaign,107277-117646
tag:Health Campaign,107277-117976
tag:Health Campaign,107277-118512
tag:Health Campaign,107277-120612
tag:Health Campaign,107277-120724
tag:Health Campaign,107277-121307
tag:Health Campaign,107442-1040593
tag:Health Campaign,107442-1052896
tag:Health Campaign,107442-1055824
tag:Health Campaign,107442-1058519
tag:Health Campaign,107442-1062471
tag:Health Campaign,107442-1065856
tag:Health Campaign,107442-1068396
tag:Health Campaign,107442-1085696
tag:Health Campaign,107442-1089722
tag:Health Campaign,107442-1090437
tag:Health Campaign,107442-1111025
tag:Health Campaign,107442-1114367
tag:Health Campaign,107442-1129994
tag:Health Campaign,107442-1135240
tag:Health Campaign,107442-1153003
tag:Health Campaign,107442-1183979
tag:Health Campaign,107442-1196994
tag:Health Campaign,107442-1205711
tag:Health Campaign,107442-1206625
tag:Health Campaign,107442-1213562
tag:Health Campaign,107442-1227101
tag:Health Campaign,107442-1243531
tag:Health Campaign,107442-1274206
tag:Health Campaign,107442-1279010
tag:Health Campaign,107442-1280727
tag:Health Campaign,107442-1280983
tag:Health Campaign,107442-1281043
tag:Health Campaign,107442-1281748
tag:Health Campaign,107442-1281914
tag:Health Campaign,107442-1282628
tag:Health Campaign,107442-1283047
tag:Health Campaign,107442-1285633
tag:Health Campaign,107442-1297199
tag:Health Campaign,107442-1329774
tag:Health Campaign,107442-1355355
tag:Health Campaign,107442-1366508
tag:Health Campaign,107442-1389523
tag:Health Campaign,107442-1390298
tag:Health Campaign,107442-1390301
tag:Health Campaign,107442-1398532
tag:Health Campaign,107442-1404451
tag:Health Campaign,107442-1429890
tag:Health Campaign,107442-1431533
tag:Health Campaign,107442-1442363
tag:Health Campaign,10776c3e-06aa-4dc7-926c-546368045abb
tag:Health Campaign,107b4e39-5206-4718-9e03-c2951ceff3d9
tag:Health Campaign,107bafa3-114f-4a43-8671-61f7b1e66477
tag:Health Campaign,10850522-78c2-4ea6-81a2-3c54e1825041
tag:Health Campaign,108539-377260
tag:Health Campaign,108539-377289
tag:Health Campaign,108539-377362
tag:Health Campaign,108539-378822
tag:Health Campaign,108539-381095
tag:Health Campaign,1087-1387
tag:Health Campaign,1088429a-c326-420e-b171-1f224edf66f4
tag:Health Campaign,108bb6b7-1813-4012-9706-3d3d851a0d6b
tag:Health Campaign,1091-41181
tag:Health Campaign,109e0eb0-0457-4d5b-a12e-00067ffbf8ed
tag:Health Campaign,109fa281-9da2-4f51-b7fd-cc230507e157
tag:Health Campaign,10b2375f-d681-4f6c-8fe7-59a5a318f1f3
tag:Health Campaign,10b59691-f679-4a42-91ec-4be905b0872a
tag:Health Campaign,10b93b2a-3ba4-439e-8d21-2b4a020cf57a
tag:Health Campaign,10d1b160-87f5-40ff-b256-ed443240b13b
tag:Health Campaign,10d24b50-d03a-4b1f-8213-c190f41bd388
tag:Health Campaign,10e2a9fe-9ce1-4315-bf0c-efab2426603e
tag:Health Campaign,10e71b0d-bcb5-45ad-a2e3-c446ab32b9b1
tag:Health Campaign,10f435e1-cea8-4626-85f6-3c296b0fb10e
tag:Health Campaign,10fed53b-016e-4404-ba31-53698fb92388
tag:Health Campaign,110766-411909
tag:Health Campaign,110766-421739
tag:Health Campaign,110766-425512
tag:Health Campaign,110766-426985
tag:Health Campaign,110766-437840
tag:Health Campaign,110766-438291
tag:Health Campaign,110766-439283
tag:Health Campaign,110766-463557
tag:Health Campaign,110766-480083
tag:Health Campaign,110766-498200
tag:Health Campaign,110766-505864
tag:Health Campaign,110766-505870
tag:Health Campaign,110a6128-564d-4616-b696-b0e296db7319
tag:Health Campaign,111640b8-17e2-4e08-872b-5d28e404c87f
tag:Health Campaign,111c3e72-6645-4f4c-9191-bc593a55f0df
tag:Health Campaign,111d1994-8635-4c71-b678-8270037a36fa
tag:Health Campaign,1122-6811
tag:Health Campaign,112586-179153
tag:Health Campaign,112586-180080
tag:Health Campaign,112586-180568
tag:Health Campaign,112586-180569
tag:Health Campaign,112586-180572
tag:Health Campaign,112586-180593
tag:Health Campaign,112586-180595
tag:Health Campaign,112586-180602
tag:Health Campaign,112586-184069
tag:Health Campaign,112625-609174
tag:Health Campaign,112625-631237
tag:Health Campaign,112625-632089
tag:Health Campaign,112625-632110
tag:Health Campaign,112625-632139
tag:Health Campaign,112625-651466
tag:Health Campaign,112628-120927
tag:Health Campaign,112628-124879
tag:Health Campaign,112628-125755
tag:Health Campaign,112628-125854
tag:Health Campaign,112628-134172
tag:Health Campaign,112628-134387
tag:Health Campaign,112639-101650
tag:Health Campaign,112639-101796
tag:Health Campaign,112639-102912
tag:Health Campaign,112639-104816
tag:Health Campaign,112639-107516
tag:Health Campaign,112640-29744
tag:Health Campaign,112646-51458
tag:Health Campaign,112646-52286
tag:Health Campaign,112646-55905
tag:Health Campaign,112646-57736
tag:Health Campaign,112717-117905
tag:Health Campaign,112759-18345
tag:Health Campaign,112759-18362
tag:Health Campaign,112781-17224
tag:Health Campaign,112792-108281
tag:Health Campaign,112792-109810
tag:Health Campaign,112792-116639
tag:Health Campaign,112792-118308
tag:Health Campaign,112792-119729
tag:Health Campaign,112833-514776
tag:Health Campaign,112833-515510
tag:Health Campaign,112833-517531
tag:Health Campaign,112833-523449
tag:Health Campaign,112833-523542
tag:Health Campaign,112833-559224
tag:Health Campaign,112833-561871
tag:Health Campaign,112833-565439
tag:Health Campaign,112833-565743
tag:Health Campaign,112837-427968
tag:Health Campaign,112837-428166
tag:Health Campaign,112837-428188
tag:Health Campaign,112837-429896
tag:Health Campaign,112863-82826
tag:Health Campaign,112884-62234
tag:Health Campaign,112886-15753
tag:Health Campaign,112892-255693
tag:Health Campaign,112899-139409
tag:Health Campaign,112921-23399
tag:Health Campaign,112967-26068
tag:Health Campaign,112a161c-eb90-4e77-b09d-a8a0248cda0c
tag:Health Campaign,113001-112753
tag:Health Campaign,113160-16514
tag:Health Campaign,113160-16672
tag:Health Campaign,113160-16685
tag:Health Campaign,113218-45676
tag:Health Campaign,113223-127369
tag:Health Campaign,113223-131078
tag:Health Campaign,113223-131344
tag:Health Campaign,113223-132928
tag:Health Campaign,113223-134725
tag:Health Campaign,113223-136683
tag:Health Campaign,113223-137651
tag:Health Campaign,113223-138066
tag:Health Campaign,113223-138324
tag:Health Campaign,113223-138498
tag:Health Campaign,113223-138876
tag:Health Campaign,113223-138927
tag:Health Campaign,113223-139154
tag:Health Campaign,113223-139327
tag:Health Campaign,113223-139474
tag:Health Campaign,113223-140334
tag:Health Campaign,113223-140390
tag:Health Campaign,113223-141166
tag:Health Campaign,113223-142547
tag:Health Campaign,113223-142752
tag:Health Campaign,113223-144027
tag:Health Campaign,113223-144891
tag:Health Campaign,113223-145506
tag:Health Campaign,113223-147811
tag:Health Campaign,113223-148984
tag:Health Campaign,113223-149230
tag:Health Campaign,113223-149420
tag:Health Campaign,113228-29790
tag:Health Campaign,113408-826225
tag:Health Campaign,113441-88902
tag:Health Campaign,11344af3-c7b5-40ac-bd3b-0785e9cadff4
tag:Health Campaign,113451-37736
tag:Health Campaign,113471-21888
tag:Health Campaign,113489-263291
tag:Health Campaign,113489-271265
tag:Health Campaign,113489-392936
tag:Health Campaign,113489-406271
tag:Health Campaign,113489-407128
tag:Health Campaign,113489-409076
tag:Health Campaign,113489-409246
tag:Health Campaign,113489-409252
tag:Health Campaign,113489-409259
tag:Health Campaign,113489-491020
tag:Health Campaign,113489-493401
tag:Health Campaign,113489-520910
tag:Health Campaign,113489-524343
tag:Health Campaign,113489-528688
tag:Health Campaign,113519-1426468
tag:Health Campaign,113519-1524181
tag:Health Campaign,113519-1573925
tag:Health Campaign,113519-1595755
tag:Health Campaign,113519-1597970
tag:Health Campaign,113519-1599384
tag:Health Campaign,113519-1629684
tag:Health Campaign,113519-1632729
tag:Health Campaign,113519-1755400
tag:Health Campaign,113519-1757450
tag:Health Campaign,113519-1778210
tag:Health Campaign,113551-274640
tag:Health Campaign,113551-274772
tag:Health Campaign,113585-13981
tag:Health Campaign,113585-14031
tag:Health Campaign,113589-18855
tag:Health Campaign,113597-595011
tag:Health Campaign,113597-600360
tag:Health Campaign,113597-610629
tag:Health Campaign,113597-610650
tag:Health Campaign,113597-610992
tag:Health Campaign,113597-611085
tag:Health Campaign,113597-611690
tag:Health Campaign,113597-611930
tag:Health Campaign,113597-614574
tag:Health Campaign,113597-615338
tag:Health Campaign,113631-219398
tag:Health Campaign,113631-220679
tag:Health Campaign,113631-224293
tag:Health Campaign,113631-229846
tag:Health Campaign,113672-38426
tag:Health Campaign,113672-41203
tag:Health Campaign,113672-42037
tag:Health Campaign,113672-45096
tag:Health Campaign,113672-46416
tag:Health Campaign,113673-420289
tag:Health Campaign,113673-433794
tag:Health Campaign,113673-435796
tag:Health Campaign,113673-436741
tag:Health Campaign,113673-438836
tag:Health Campaign,113673-439025
tag:Health Campaign,113673-439031
tag:Health Campaign,113673-439039
tag:Health Campaign,113673-486133
tag:Health Campaign,113673-539796
tag:Health Campaign,113673-571334
tag:Health Campaign,113673-575048
tag:Health Campaign,113673-579937
tag:Health Campaign,113679-77334
tag:Health Campaign,113679-78990
tag:Health Campaign,113679-85148
tag:Health Campaign,113685-680810
tag:Health Campaign,113685-689918
tag:Health Campaign,113685-722415
tag:Health Campaign,113685-733015
tag:Health Campaign,113692-110847
tag:Health Campaign,113692-128225
tag:Health Campaign,113692-130275
tag:Health Campaign,113692-132109
tag:Health Campaign,113692-132447
tag:Health Campaign,113694-102949
tag:Health Campaign,113694-103072
tag:Health Campaign,113694-104276
tag:Health Campaign,113694-108605
tag:Health Campaign,113694-110115
tag:Health Campaign,113696-6816
tag:Health Campaign,113706-121204
tag:Health Campaign,113706-124484
tag:Health Campaign,113706-124755
tag:Health Campaign,113706-129570
tag:Health Campaign,113725-271285
tag:Health Campaign,113725-279575
tag:Health Campaign,113725-282979
tag:Health Campaign,113725-284362
tag:Health Campaign,113725-293821
tag:Health Campaign,113725-294225
tag:Health Campaign,113725-295332
tag:Health Campaign,113725-318780
tag:Health Campaign,113725-336831
tag:Health Campaign,113725-339107
tag:Health Campaign,113725-355552
tag:Health Campaign,113725-360419
tag:Health Campaign,113725-361079
tag:Health Campaign,113767-120555
tag:Health Campaign,113767-89467
tag:Health Campaign,113767-91124
tag:Health Campaign,113770-117627
tag:Health Campaign,113770-117952
tag:Health Campaign,113770-133544
tag:Health Campaign,113770-133584
tag:Health Campaign,113770-135584
tag:Health Campaign,113770-137080
tag:Health Campaign,113770-137596
tag:Health Campaign,113770-141673
tag:Health Campaign,113770-143293
tag:Health Campaign,113770-150165
tag:Health Campaign,113772-736401
tag:Health Campaign,113772-739221
tag:Health Campaign,113772-747152
tag:Health Campaign,113772-757636
tag:Health Campaign,113772-771497
tag:Health Campaign,113772-773958
tag:Health Campaign,113772-780767
tag:Health Campaign,113772-783869
tag:Health Campaign,113794-113643
tag:Health Campaign,113798-154289
tag:Health Campaign,113798-162355
tag:Health Campaign,113798-162508
tag:Health Campaign,113802-246090
tag:Health Campaign,113804-892602
tag:Health Campaign,113804-894476
tag:Health Campaign,113804-895742
tag:Health Campaign,113804-896304
tag:Health Campaign,113812-37745
tag:Health Campaign,113812-37763
tag:Health Campaign,113812-37811
tag:Health Campaign,113857-246555
tag:Health Campaign,113857-250102
tag:Health Campaign,113857-251334
tag:Health Campaign,113857-260038
tag:Health Campaign,113857-260437
tag:Health Campaign,113857-261545
tag:Health Campaign,113857-261648
tag:Health Campaign,113857-299096
tag:Health Campaign,113857-300747
tag:Health Campaign,113875-897388
tag:Health Campaign,113884-819045
tag:Health Campaign,113884-819360
tag:Health Campaign,113899-17309
tag:Health Campaign,113911-82440
tag:Health Campaign,113911-83410
tag:Health Campaign,113911-86859
tag:Health Campaign,113911-88516
tag:Health Campaign,113939-1384405
tag:Health Campaign,113941-302495
tag:Health Campaign,113941-312940
tag:Health Campaign,113941-332731
tag:Health Campaign,113941-333605
tag:Health Campaign,113941-334476
tag:Health Campaign,113941-342723
tag:Health Campaign,113941-351835
tag:Health Campaign,113941-387751
tag:Health Campaign,113941-406542
tag:Health Campaign,113941-407216
tag:Health Campaign,113941-407334
tag:Health Campaign,113941-413913
tag:Health Campaign,113941-429659
tag:Health Campaign,113958-764586
tag:Health Campaign,113958-770223
tag:Health Campaign,113958-775962
tag:Health Campaign,113958-777264
tag:Health Campaign,113958-777265
tag:Health Campaign,113958-784907
tag:Health Campaign,113959-210966
tag:Health Campaign,113959-213653
tag:Health Campaign,113975-294421
tag:Health Campaign,113975-309234
tag:Health Campaign,113975-317118
tag:Health Campaign,113975-317273
tag:Health Campaign,113975-333562
tag:Health Campaign,113975-334183
tag:Health Campaign,113975-342309
tag:Health Campaign,113975-362310
tag:Health Campaign,113975-377889
tag:Health Campaign,113975-379260
tag:Health Campaign,113975-414070
tag:Health Campaign,113981-325740
tag:Health Campaign,113981-340685
tag:Health Campaign,113981-347677
tag:Health Campaign,113981-363165
tag:Health Campaign,113981-363778
tag:Health Campaign,113981-405415
tag:Health Campaign,113981-407970
tag:Health Campaign,113981-409854
tag:Health Campaign,113981-422651
tag:Health Campaign,113981-429012
tag:Health Campaign,113981-429586
tag:Health Campaign,113988-330388
tag:Health Campaign,113988-333972
tag:Health Campaign,113988-341416
tag:Health Campaign,113991-209576
tag:Health Campaign,113991-213413
tag:Health Campaign,113991-221715
tag:Health Campaign,113991-227781
tag:Health Campaign,114012-40622
tag:Health Campaign,114018-322282
tag:Health Campaign,114018-337987
tag:Health Campaign,114018-343583
tag:Health Campaign,114018-345710
tag:Health Campaign,114018-361305
tag:Health Campaign,114018-361999
tag:Health Campaign,114018-362827
tag:Health Campaign,114018-369770
tag:Health Campaign,114018-395044
tag:Health Campaign,114018-410643
tag:Health Campaign,114018-415469
tag:Health Campaign,114018-415652
tag:Health Campaign,114018-430985
tag:Health Campaign,114018-431931
tag:Health Campaign,114018-435460
tag:Health Campaign,114022-258486
tag:Health Campaign,114022-268410
tag:Health Campaign,114022-273117
tag:Health Campaign,114022-282822
tag:Health Campaign,114022-283280
tag:Health Campaign,114022-284396
tag:Health Campaign,114022-321937
tag:Health Campaign,114022-323274
tag:Health Campaign,114022-337233
tag:Health Campaign,114032-195446
tag:Health Campaign,114032-195455
tag:Health Campaign,114046-1153307
tag:Health Campaign,114046-1156391
tag:Health Campaign,114046-1158507
tag:Health Campaign,114046-1161433
tag:Health Campaign,114050-1620265
tag:Health Campaign,114050-1645065
tag:Health Campaign,114050-1730798
tag:Health Campaign,114050-1751862
tag:Health Campaign,114050-1766876
tag:Health Campaign,114050-1768040
tag:Health Campaign,114050-1768864
tag:Health Campaign,114050-1795197
tag:Health Campaign,114050-1896852
tag:Health Campaign,114082-8415
tag:Health Campaign,114124-325608
tag:Health Campaign,114124-331992
tag:Health Campaign,114124-334026
tag:Health Campaign,114124-349403
tag:Health Campaign,114124-350085
tag:Health Campaign,114124-351275
tag:Health Campaign,114124-357935
tag:Health Campaign,114124-393811
tag:Health Campaign,114124-396542
tag:Health Campaign,114124-413127
tag:Health Campaign,114124-414054
tag:Health Campaign,114124-419212
tag:Health Campaign,114124-426658
tag:Health Campaign,114124-430020
tag:Health Campaign,114124-430025
tag:Health Campaign,114124-430090
tag:Health Campaign,114124-430128
tag:Health Campaign,114124-434692
tag:Health Campaign,114124-437765
tag:Health Campaign,114124-439557
tag:Health Campaign,114130-218056
tag:Health Campaign,114174-69791
tag:Health Campaign,114174-72855
tag:Health Campaign,114174-73774
tag:Health Campaign,114174-76925
tag:Health Campaign,114174-78562
tag:Health Campaign,114202-51473
tag:Health Campaign,114211-619474
tag:Health Campaign,114211-620343
tag:Health Campaign,114211-622842
tag:Health Campaign,114218-256245
tag:Health Campaign,114218-276694
tag:Health Campaign,114218-280433
tag:Health Campaign,114218-280455
tag:Health Campaign,114218-280475
tag:Health Campaign,114218-280481
tag:Health Campaign,114218-280482
tag:Health Campaign,114221-875805
tag:Health Campaign,114221-884579
tag:Health Campaign,114221-887832
tag:Health Campaign,114226-12892
tag:Health Campaign,114228-298974
tag:Health Campaign,114228-307113
tag:Health Campaign,114238-13717
tag:Health Campaign,114329-705972
tag:Health Campaign,114329-715331
tag:Health Campaign,114329-715589
tag:Health Campaign,114329-718941
tag:Health Campaign,114329-718943
tag:Health Campaign,114374-647146
tag:Health Campaign,114374-653106
tag:Health Campaign,114374-655467
tag:Health Campaign,114374-657824
tag:Health Campaign,114374-659195
tag:Health Campaign,114374-659196
tag:Health Campaign,114384-247261
tag:Health Campaign,114384-258030
tag:Health Campaign,114384-262744
tag:Health Campaign,114384-263034
tag:Health Campaign,114384-266117
tag:Health Campaign,114384-266149
tag:Health Campaign,114384-266406
tag:Health Campaign,114384-266416
tag:Health Campaign,114384-266479
tag:Health Campaign,114384-269074
tag:Health Campaign,114384-270453
tag:Health Campaign,114384-273808
tag:Health Campaign,114407-319169
tag:Health Campaign,114407-339162
tag:Health Campaign,114407-346855
tag:Health Campaign,114407-355724
tag:Health Campaign,114407-376979
tag:Health Campaign,114407-379408
tag:Health Campaign,114407-381673
tag:Health Campaign,114407-395883
tag:Health Campaign,114407-397178
tag:Health Campaign,114407-404568
tag:Health Campaign,114407-412701
tag:Health Campaign,114407-420938
tag:Health Campaign,114407-420965
tag:Health Campaign,114407-437366
tag:Health Campaign,114460-540355
tag:Health Campaign,114460-540532
tag:Health Campaign,114460-540554
tag:Health Campaign,114464-780117
tag:Health Campaign,114464-782622
tag:Health Campaign,114464-784655
tag:Health Campaign,114464-784657
tag:Health Campaign,114465-215455
tag:Health Campaign,114465-217482
tag:Health Campaign,114465-218869
tag:Health Campaign,114465-219295
tag:Health Campaign,114465-219644
tag:Health Campaign,114465-219857
tag:Health Campaign,114467-546545
tag:Health Campaign,114467-562282
tag:Health Campaign,114467-562535
tag:Health Campaign,114476-71683
tag:Health Campaign,114478-42207
tag:Health Campaign,114488-162956
tag:Health Campaign,114488-163429
tag:Health Campaign,114498-144183
tag:Health Campaign,114498-225424
tag:Health Campaign,114498-236077
tag:Health Campaign,114498-237716
tag:Health Campaign,114498-238325
tag:Health Campaign,114498-239395
tag:Health Campaign,114498-239555
tag:Health Campaign,114498-239562
tag:Health Campaign,114498-239572
tag:Health Campaign,114498-275910
tag:Health Campaign,114498-316085
tag:Health Campaign,114498-341085
tag:Health Campaign,114498-344371
tag:Health Campaign,114498-348321
tag:Health Campaign,114517-204312
tag:Health Campaign,114517-206097
tag:Health Campaign,114527-872619
tag:Health Campaign,114527-875172
tag:Health Campaign,114527-875464
tag:Health Campaign,114527-879446
tag:Health Campaign,114527-879449
tag:Health Campaign,114527-879489
tag:Health Campaign,114536-180800
tag:Health Campaign,114540-189820
tag:Health Campaign,114540-194428
tag:Health Campaign,114540-194826
tag:Health Campaign,114540-196020
tag:Health Campaign,114540-201857
tag:Health Campaign,114556-652726
tag:Health Campaign,114556-656218
tag:Health Campaign,114556-670229
tag:Health Campaign,114556-670806
tag:Health Campaign,114556-671662
tag:Health Campaign,114556-672628
tag:Health Campaign,114556-709641
tag:Health Campaign,114556-711570
tag:Health Campaign,114556-713520
tag:Health Campaign,114556-732015
tag:Health Campaign,114556-733813
tag:Health Campaign,114556-733864
tag:Health Campaign,114556-734745
tag:Health Campaign,114556-735360
tag:Health Campaign,114556-736232
tag:Health Campaign,114556-737435
tag:Health Campaign,114556-745245
tag:Health Campaign,114556-745370
tag:Health Campaign,114556-752319
tag:Health Campaign,114556-752789
tag:Health Campaign,114556-753605
tag:Health Campaign,114556-753728
tag:Health Campaign,114556-753736
tag:Health Campaign,114556-753752
tag:Health Campaign,114556-753756
tag:Health Campaign,114556-757718
tag:Health Campaign,114556-758644
tag:Health Campaign,114557-88390
tag:Health Campaign,114558-593784
tag:Health Campaign,114558-597658
tag:Health Campaign,114558-608399
tag:Health Campaign,114558-617249
tag:Health Campaign,114558-629923
tag:Health Campaign,114558-634157
tag:Health Campaign,114558-634653
tag:Health Campaign,114558-635013
tag:Health Campaign,114558-635595
tag:Health Campaign,114558-636202
tag:Health Campaign,114558-636554
tag:Health Campaign,114558-636673
tag:Health Campaign,114558-637792
tag:Health Campaign,114558-638345
tag:Health Campaign,114558-638770
tag:Health Campaign,114558-639953
tag:Health Campaign,114558-642990
tag:Health Campaign,114558-643365
tag:Health Campaign,114558-643449
tag:Health Campaign,114558-643636
tag:Health Campaign,114558-643931
tag:Health Campaign,114558-644143
tag:Health Campaign,114558-644430
tag:Health Campaign,114558-644650
tag:Health Campaign,114558-645377
tag:Health Campaign,114558-648372
tag:Health Campaign,114558-649091
tag:Health Campaign,114558-649618
tag:Health Campaign,114558-651490
tag:Health Campaign,114558-654410
tag:Health Campaign,114558-662983
tag:Health Campaign,114558-670262
tag:Health Campaign,114558-684997
tag:Health Campaign,114558-696798
tag:Health Campaign,114561-633308
tag:Health Campaign,114562-158408
tag:Health Campaign,114571-354103
tag:Health Campaign,114572-375980
tag:Health Campaign,114572-381109
tag:Health Campaign,114572-382595
tag:Health Campaign,114575-240290
tag:Health Campaign,114577-718193
tag:Health Campaign,114577-726993
tag:Health Campaign,114577-730525
tag:Health Campaign,114577-731929
tag:Health Campaign,114577-742306
tag:Health Campaign,114577-743534
tag:Health Campaign,114577-769981
tag:Health Campaign,114577-780236
tag:Health Campaign,114577-782746
tag:Health Campaign,114577-784587
tag:Health Campaign,114577-799656
tag:Health Campaign,114577-800606
tag:Health Campaign,114577-801564
tag:Health Campaign,114577-803048
tag:Health Campaign,114577-803660
tag:Health Campaign,114577-803853
tag:Health Campaign,114577-803944
tag:Health Campaign,114577-803988
tag:Health Campaign,114577-804249
tag:Health Campaign,114577-804348
tag:Health Campaign,114577-805718
tag:Health Campaign,114577-806397
tag:Health Campaign,114577-807934
tag:Health Campaign,114577-808916
tag:Health Campaign,114577-809223
tag:Health Campaign,114577-812605
tag:Health Campaign,114581-104275
tag:Health Campaign,114581-104277
tag:Health Campaign,114582-132159
tag:Health Campaign,114582-133058
tag:Health Campaign,114582-151672
tag:Health Campaign,114582-154363
tag:Health Campaign,114585-87867
tag:Health Campaign,114586-522530
tag:Health Campaign,114586-526566
tag:Health Campaign,114586-533713
tag:Health Campaign,114586-536130
tag:Health Campaign,114586-536570
tag:Health Campaign,114586-536952
tag:Health Campaign,114586-537137
tag:Health Campaign,114586-537767
tag:Health Campaign,114586-538011
tag:Health Campaign,114586-538076
tag:Health Campaign,114586-538895
tag:Health Campaign,114586-539087
tag:Health Campaign,114586-539716
tag:Health Campaign,114586-540503
tag:Health Campaign,114586-540653
tag:Health Campaign,114586-540956
tag:Health Campaign,114586-541022
tag:Health Campaign,114587-651173
tag:Health Campaign,114587-657227
tag:Health Campaign,114587-662832
tag:Health Campaign,114587-663812
tag:Health Campaign,114587-664233
tag:Health Campaign,114587-664598
tag:Health Campaign,114587-665944
tag:Health Campaign,114587-666007
tag:Health Campaign,114587-666796
tag:Health Campaign,114587-666814
tag:Health Campaign,114587-666916
tag:Health Campaign,114587-666935
tag:Health Campaign,114587-667296
tag:Health Campaign,114587-667693
tag:Health Campaign,114587-669964
tag:Health Campaign,114587-670400
tag:Health Campaign,114587-673005
tag:Health Campaign,114587-677560
tag:Health Campaign,114587-681632
tag:Health Campaign,114587-684088
tag:Health Campaign,114587-685550
tag:Health Campaign,114587-693337
tag:Health Campaign,114587-697433
tag:Health Campaign,114587-698763
tag:Health Campaign,114587-722988
tag:Health Campaign,114587-724276
tag:Health Campaign,114587-753532
tag:Health Campaign,114587-770383
tag:Health Campaign,114589-105498
tag:Health Campaign,114589-108606
tag:Health Campaign,114589-112485
tag:Health Campaign,114589-75907
tag:Health Campaign,114589-80246
tag:Health Campaign,114591-1006836
tag:Health Campaign,114591-1008346
tag:Health Campaign,114591-1008755
tag:Health Campaign,114591-1026823
tag:Health Campaign,114591-1026836
tag:Health Campaign,114591-995002
tag:Health Campaign,114601-146290
tag:Health Campaign,114601-146931
tag:Health Campaign,114601-151006
tag:Health Campaign,114610-849440
tag:Health Campaign,114610-852686
tag:Health Campaign,114610-858332
tag:Health Campaign,114610-858333
tag:Health Campaign,114610-858388
tag:Health Campaign,114614-284901
tag:Health Campaign,114614-305451
tag:Health Campaign,114614-313688
tag:Health Campaign,114614-313695
tag:Health Campaign,114626-104730
tag:Health Campaign,114626-105035
tag:Health Campaign,114626-96146
tag:Health Campaign,114627-1061379
tag:Health Campaign,114627-1066144
tag:Health Campaign,114627-1066145
tag:Health Campaign,114637-104761
tag:Health Campaign,114642-292003
tag:Health Campaign,114642-298454
tag:Health Campaign,114644-546365
tag:Health Campaign,114644-562043
tag:Health Campaign,114653-311099
tag:Health Campaign,114653-314280
tag:Health Campaign,114653-324749
tag:Health Campaign,114653-325998
tag:Health Campaign,114653-341428
tag:Health Campaign,114653-368106
tag:Health Campaign,114653-368774
tag:Health Campaign,114656-165715
tag:Health Campaign,114656-170151
tag:Health Campaign,114656-170196
tag:Health Campaign,114657-1229222
tag:Health Campaign,114657-1248790
tag:Health Campaign,114657-1264431
tag:Health Campaign,114657-1264442
tag:Health Campaign,114657-1270209
tag:Health Campaign,114657-1284498
tag:Health Campaign,114657-1284531
tag:Health Campaign,114657-1284596
tag:Health Campaign,114657-1284767
tag:Health Campaign,114657-1285114
tag:Health Campaign,114657-1285158
tag:Health Campaign,114657-1285681
tag:Health Campaign,114657-1286641
tag:Health Campaign,114657-1286671
tag:Health Campaign,114657-1286722
tag:Health Campaign,114657-1287803
tag:Health Campaign,114657-1287840
tag:Health Campaign,114657-1287843
tag:Health Campaign,114657-1287845
tag:Health Campaign,114657-1287933
tag:Health Campaign,114657-1287942
tag:Health Campaign,114657-1288465
tag:Health Campaign,114657-1288946
tag:Health Campaign,114657-1289074
tag:Health Campaign,114657-1289928
tag:Health Campaign,114657-1291693
tag:Health Campaign,114657-1291697
tag:Health Campaign,114657-1292051
tag:Health Campaign,114657-1298547
tag:Health Campaign,114657-1299583
tag:Health Campaign,114657-1299732
tag:Health Campaign,114657-1300813
tag:Health Campaign,114657-1301232
tag:Health Campaign,114657-1306229
tag:Health Campaign,114657-1306231
tag:Health Campaign,114657-1309218
tag:Health Campaign,114657-1309582
tag:Health Campaign,114657-1309584
tag:Health Campaign,114657-1310082
tag:Health Campaign,114657-1311618
tag:Health Campaign,114657-1312417
tag:Health Campaign,114657-1319352
tag:Health Campaign,114657-1320014
tag:Health Campaign,114657-1320335
tag:Health Campaign,114657-1331707
tag:Health Campaign,114657-1338549
tag:Health Campaign,114657-1338550
tag:Health Campaign,114657-1345348
tag:Health Campaign,114657-1345469
tag:Health Campaign,114657-1345502
tag:Health Campaign,114657-1346727
tag:Health Campaign,114657-1347996
tag:Health Campaign,114657-1352487
tag:Health Campaign,114657-1353327
tag:Health Campaign,114657-1358389
tag:Health Campaign,114657-1368606
tag:Health Campaign,114657-1369519
tag:Health Campaign,114657-1376351
tag:Health Campaign,114657-1379254
tag:Health Campaign,114657-1380441
tag:Health Campaign,114657-1386680
tag:Health Campaign,114662-503405
tag:Health Campaign,114662-507222
tag:Health Campaign,114662-517846
tag:Health Campaign,114662-526547
tag:Health Campaign,114662-538985
tag:Health Campaign,114662-542723
tag:Health Campaign,114662-543182
tag:Health Campaign,114662-543669
tag:Health Campaign,114662-544024
tag:Health Campaign,114662-545205
tag:Health Campaign,114662-545557
tag:Health Campaign,114662-545674
tag:Health Campaign,114662-545828
tag:Health Campaign,114662-546766
tag:Health Campaign,114662-547314
tag:Health Campaign,114662-547633
tag:Health Campaign,114662-547734
tag:Health Campaign,114662-548898
tag:Health Campaign,114662-551158
tag:Health Campaign,114662-551333
tag:Health Campaign,114662-551711
tag:Health Campaign,114662-551797
tag:Health Campaign,114662-552206
tag:Health Campaign,114662-552430
tag:Health Campaign,114662-552717
tag:Health Campaign,114662-552928
tag:Health Campaign,114662-553660
tag:Health Campaign,114662-554586
tag:Health Campaign,114662-556695
tag:Health Campaign,114662-557418
tag:Health Campaign,114662-557942
tag:Health Campaign,114662-559810
tag:Health Campaign,114662-562679
tag:Health Campaign,114662-571251
tag:Health Campaign,114662-578240
tag:Health Campaign,114662-578505
tag:Health Campaign,114662-593159
tag:Health Campaign,114662-604887
tag:Health Campaign,114667-604522
tag:Health Campaign,114667-608630
tag:Health Campaign,114667-619868
tag:Health Campaign,114667-629266
tag:Health Campaign,114667-642561
tag:Health Campaign,114667-646521
tag:Health Campaign,114667-647018
tag:Health Campaign,114667-647565
tag:Health Campaign,114667-647956
tag:Health Campaign,114667-649245
tag:Health Campaign,114667-649624
tag:Health Campaign,114667-649746
tag:Health Campaign,114667-649913
tag:Health Campaign,114667-650931
tag:Health Campaign,114667-651529
tag:Health Campaign,114667-651873
tag:Health Campaign,114667-651976
tag:Health Campaign,114667-653326
tag:Health Campaign,114667-655440
tag:Health Campaign,114667-655633
tag:Health Campaign,114667-656032
tag:Health Campaign,114667-656125
tag:Health Campaign,114667-656577
tag:Health Campaign,114667-656715
tag:Health Campaign,114667-657015
tag:Health Campaign,114667-657966
tag:Health Campaign,114667-658878
tag:Health Campaign,114667-660919
tag:Health Campaign,114667-661695
tag:Health Campaign,114667-662253
tag:Health Campaign,114667-664206
tag:Health Campaign,114667-666783
tag:Health Campaign,114667-675059
tag:Health Campaign,114667-681590
tag:Health Campaign,114667-695281
tag:Health Campaign,114667-707193
tag:Health Campaign,114668-649129
tag:Health Campaign,114668-658270
tag:Health Campaign,114668-661544
tag:Health Campaign,114668-662829
tag:Health Campaign,114668-673112
tag:Health Campaign,114668-674367
tag:Health Campaign,114668-711717
tag:Health Campaign,114668-712399
tag:Health Campaign,114668-713287
tag:Health Campaign,114668-713357
tag:Health Campaign,114668-713425
tag:Health Campaign,114668-714382
tag:Health Campaign,114668-721541
tag:Health Campaign,114668-721764
tag:Health Campaign,114668-721778
tag:Health Campaign,114668-721818
tag:Health Campaign,114668-722060
tag:Health Campaign,114668-724333
tag:Health Campaign,114668-726061
tag:Health Campaign,114669-300527
tag:Health Campaign,114669-310067
tag:Health Campaign,114669-310076
tag:Health Campaign,114669-310220
tag:Health Campaign,114669-310223
tag:Health Campaign,114676-264316
tag:Health Campaign,114676-264794
tag:Health Campaign,114676-275881
tag:Health Campaign,114676-276448
tag:Health Campaign,114676-276545
tag:Health Campaign,114676-279340
tag:Health Campaign,114676-279363
tag:Health Campaign,114676-279395
tag:Health Campaign,114677-890058
tag:Health Campaign,114677-893328
tag:Health Campaign,114681-812245
tag:Health Campaign,114682-596989
tag:Health Campaign,114682-600805
tag:Health Campaign,114682-612340
tag:Health Campaign,114682-621851
tag:Health Campaign,114682-639719
tag:Health Campaign,114682-640237
tag:Health Campaign,114682-640791
tag:Health Campaign,114682-641183
tag:Health Campaign,114682-642534
tag:Health Campaign,114682-642923
tag:Health Campaign,114682-643048
tag:Health Campaign,114682-643228
tag:Health Campaign,114682-644280
tag:Health Campaign,114682-644897
tag:Health Campaign,114682-645256
tag:Health Campaign,114682-645365
tag:Health Campaign,114682-646701
tag:Health Campaign,114682-648962
tag:Health Campaign,114682-649157
tag:Health Campaign,114682-649580
tag:Health Campaign,114682-649704
tag:Health Campaign,114682-650068
tag:Health Campaign,114682-650309
tag:Health Campaign,114682-650632
tag:Health Campaign,114682-650877
tag:Health Campaign,114682-651710
tag:Health Campaign,114682-652715
tag:Health Campaign,114682-655164
tag:Health Campaign,114682-655348
tag:Health Campaign,114682-656120
tag:Health Campaign,114682-656703
tag:Health Campaign,114682-658768
tag:Health Campaign,114682-661914
tag:Health Campaign,114682-671094
tag:Health Campaign,114682-678608
tag:Health Campaign,114682-678888
tag:Health Campaign,114682-694329
tag:Health Campaign,114682-706756
tag:Health Campaign,114694-135110
tag:Health Campaign,114694-135607
tag:Health Campaign,114694-161402
tag:Health Campaign,114694-164834
tag:Health Campaign,114694-167125
tag:Health Campaign,114694-167898
tag:Health Campaign,114694-170051
tag:Health Campaign,114694-176582
tag:Health Campaign,114694-178899
tag:Health Campaign,114694-182458
tag:Health Campaign,114694-188151
tag:Health Campaign,114703-369494
tag:Health Campaign,114703-377912
tag:Health Campaign,114709-213737
tag:Health Campaign,114711-708565
tag:Health Campaign,114711-710761
tag:Health Campaign,114711-712065
tag:Health Campaign,114711-713035
tag:Health Campaign,114711-713036
tag:Health Campaign,114716-204495
tag:Health Campaign,114716-206589
tag:Health Campaign,114716-206631
tag:Health Campaign,114716-206819
tag:Health Campaign,114716-207909
tag:Health Campaign,114716-208307
tag:Health Campaign,114716-208611
tag:Health Campaign,114716-208797
tag:Health Campaign,114716-210053
tag:Health Campaign,114716-215101
tag:Health Campaign,114722-846585
tag:Health Campaign,114722-874366
tag:Health Campaign,114722-898483
tag:Health Campaign,114722-898529
00b27d73-1df6-4960-a3e4-9075cc7bf01d,tag:Public Health
00d124d3-65f6-49be-9213-23aaba5d1060,tag:Public Health
0178df8e-87d8-453f-9cd9-433d09f19663,tag:Public Health
02819b3b-b261-4935-9f7d-18922f901821,tag:Public Health
028b1cd8-ef83-4216-91fc-87d7dd5110d9,tag:Public Health
02cae7d5-4cdb-4276-8ebb-f1a09e76624f,tag:Public Health
02d04cce-d56a-4f45-b339-29709c933527,tag:Public Health
02e85ebb-dbcf-4287-a14a-b8a7c511062c,tag:Public Health
02f2adf1-0178-4646-86a1-6f96356a9334,tag:Public Health
0b7e3c98-ac37-4c71-a07d-41da319bd581,tag:Last Smoke Campaign
tag:Last Smoke Campaign,0cb29407-c039-4ad1-9026-8104a20befac
tag:Last Smoke Campaign,116684-355498
tag:Last Smoke Campaign,139662-2328202
tag:Last Smoke Campaign,139662-2851995
tag:Last Smoke Campaign,44d7be06-4c5c-40f2-b565-4a20a0519d02
tag:Last Smoke Campaign,465e9490-e05c-48a9-b95e-62eedb99c7f4
tag:Last Smoke Campaign,5b744dba-2385-4ac0-b145-71ddc9b5f827
tag:Last Smoke Campaign,6a6d0e99-1928-4bc9-953a-3184388520de
tag:Last Smoke Campaign,6dd85830-8704-4edf-92bf-279f30333d2d
tag:Last Smoke Campaign,6e2bf75c-d5f5-47ba-ab55-6220f2037b55
tag:Last Smoke Campaign,8918dc7e-5344-498f-8952-30a18bebba9b
tag:Last Smoke Campaign,8aa7420b-9187-46f1-bd0d-0895e7f1c743
tag:Last Smoke Campaign,bac02419-693b-44cc-a0a5-2d8eb288ba7a
tag:Last Smoke Campaign,ca26adba-b78d-4cac-8f21-614a6bd3dc17
tag:Last Smoke Campaign,cc05cfa8-5fe2-44cf-b696-5ec6a4abd072
tag:Last Smoke Campaign,dc0d5f00-2d86-4a54-b796-0c4fd43a5541
tag:Last Smoke Campaign,f7676d0e-5343-4169-ab3a-90b394ac4127
12-2936123,tag:NHS Reform
tag:NHS Reform,13607-29793
tag:NHS Reform,139662-3326028
tag:NHS Reform,139662-4421036
tag:NHS Reform,156422-896651
tag:NHS Reform,1699228387397
tag:NHS Reform,1730425599141
tag:NHS Reform,1765270387574
tag:NHS Reform,1770467807890
tag:NHS Reform,1809957725968777281
tag:NHS Reform,1832784906419626330
tag:NHS Reform,200055039
tag:NHS Reform,203022997
tag:NHS Reform,206578-514284
tag:NHS Reform,213233-1171638
tag:NHS Reform,213233-1210006
tag:NHS Reform,213233-1243106
tag:NHS Reform,213233-1253905
tag:NHS Reform,213233-1313313
tag:NHS Reform,215566-79709
tag:NHS Reform,251544-24016238
tag:NHS Reform,251544-24890840
tag:NHS Reform,251544-27317131
tag:NHS Reform,251544-27663455
tag:NHS Reform,251544-27721926
tag:NHS Reform,251544-27766451
tag:NHS Reform,251544-28178879
tag:NHS Reform,251544-28373103
tag:NHS Reform,251544-28490510
tag:NHS Reform,251544-28729450
tag:NHS Reform,251544-28828844
tag:NHS Reform,251544-28923992
tag:NHS Reform,251544-29738790
tag:NHS Reform,257363-642986
tag:NHS Reform,257363-669307
tag:NHS Reform,268422-376857
tag:NHS Reform,268535-1028987
tag:NHS Reform,268535-1029727
tag:NHS Reform,268535-1038971
tag:NHS Reform,268535-1089221
tag:NHS Reform,268535-1099823
tag:NHS Reform,268535-1118758
tag:NHS Reform,268535-1172239
tag:NHS Reform,271209-10132280
tag:NHS Reform,271209-10139695
tag:NHS Reform,271209-10154009
tag:NHS Reform,271209-10305820
tag:NHS Reform,271209-9657064
tag:NHS Reform,286141-1675847
tag:NHS Reform,286141-1686133
tag:NHS Reform,286141-1738966
tag:NHS Reform,28738-7920637
tag:NHS Reform,287548-417566
tag:NHS Reform,287818-621607
tag:NHS Reform,287818-674118
tag:NHS Reform,292524-236764
tag:NHS Reform,294035-700734
tag:NHS Reform,294035-734502
tag:NHS Reform,2c8b9dec-48d3-43f8-be04-cb0c5ca0c3ef
tag:NHS Reform,303158-740601
tag:NHS Reform,303158-777033
tag:NHS Reform,304219-53526
tag:NHS Reform,304219-62659
tag:NHS Reform,305253-311987
tag:NHS Reform,305253-341563
tag:NHS Reform,308273-279161
tag:NHS Reform,308273-297070
tag:NHS Reform,308273-304241
tag:NHS Reform,309509-361602
tag:NHS Reform,317963-36908
tag:NHS Reform,318775-82343
tag:NHS Reform,320440-166061
tag:NHS Reform,320440-188225
tag:NHS Reform,320440-193079
tag:NHS Reform,323150-145098
tag:NHS Reform,332661-261599
tag:NHS Reform,333232-418272
tag:NHS Reform,34bc559e-aab3-42bd-be5b-6bd4787d4906
tag:NHS Reform,352516-123250
tag:NHS Reform,352516-188996
tag:NHS Reform,352516-195444
tag:NHS Reform,352516-207661
tag:NHS Reform,352516-215819
tag:NHS Reform,353222-55759
tag:NHS Reform,353943-626892
tag:NHS Reform,354015-91696
tag:NHS Reform,360268-18134
tag:NHS Reform,362214-2498
tag:NHS Reform,367939-1970450
tag:NHS Reform,367939-2340360
tag:NHS Reform,367939-2816868
tag:NHS Reform,367939-2853713
tag:NHS Reform,367939-596607
tag:NHS Reform,3c66b4f7-020c-4b84-a216-2136f7a1dd08
tag:NHS Reform,428859-16670
tag:NHS Reform,428859-17250
tag:NHS Reform,428859-36496
tag:NHS Reform,428859-83554
tag:NHS Reform,428859-8625
tag:NHS Reform,432005-14512
tag:NHS Reform,432451-35338
tag:NHS Reform,435187-68790
tag:NHS Reform,437742-19082
tag:NHS Reform,446330-106129
tag:NHS Reform,446330-117447
tag:NHS Reform,446330-120285
tag:NHS Reform,446330-60260
tag:NHS Reform,450938-21532
tag:NHS Reform,52572811-7ce3-452f-88c0-2e3d3aa59731
tag:NHS Reform,5c06339a-631c-40fa-9a34-89807e32d161
tag:NHS Reform,64386970-fe23-4e4b-ba7c-7fa6871a7a96
tag:NHS Reform,64cade27-adf6-4ddf-a062-6b7b5a8a5c80
tag:NHS Reform,674beb7a-3114-49a3-afe1-d062db2c58fc
tag:NHS Reform,685fb6ad-2890-47ef-ba98-42f609714d4d
tag:NHS Reform,6a7828db-a554-48d5-a583-c692561ac2af
tag:NHS Reform,6bca7a7b-a8de-4385-bad1-a9f21200cf68
tag:NHS Reform,764b8737-d06d-4882-941c-c0b7f564e82d
tag:NHS Reform,8863bd0a-7611-4ecb-8a7a-85ab8585b056
tag:NHS Reform,91b92678-b0b8-4318-a999-1fc232ccaea6
tag:NHS Reform,9407cc52-b0c4-45f5-a57a-db8d7345e1ae
tag:NHS Reform,b2b182d3-1b6d-4a8a-b791-596d4c53bac0
tag:NHS Reform,b803e844-3118-41c6-b717-c089e45fa1ec
tag:NHS Reform,baa31ae5-ce16-4b11-906a-93aa1fc2d6a3
tag:NHS Reform,c738ed40-5198-4e15-b74e-805be11fa1bc
tag:NHS Reform,cce5adff-953e-410c-97cb-77f5e15e18d0
tag:NHS Reform,ceded6ec-5098-47d7-9cb5-3662f1b66d02
tag:NHS Reform,d9755369-c4e3-4b97-8e5b-877cf2000e96
tag:NHS Reform,e129caa0-ed95-4469-aeb5-8483dd85b615
tag:NHS Reform,fc55681a-9ffa-4ec2-84a2-a6587f24e58f
tag:NHS Reform,https://www.inkl.com/news/gps-in-england-will-be-able-to-claim-20-for-every-time-patient-is-not-sent-to-hospital
tag:NHS Reform,https://www.inkl.com/news/nhs-waiting-list-for-planned-treatment-falls-to-lowest-level-in-two-years
tag:NHS Reform,https://www.medscape.com/viewarticle/nhs-reform-hinges-funding-and-staff-say-leaders-2025a1000hsr
tag:NHS Reform,https://www.newsminimalist.com/articles/police-deny-detainees-vital-medicines-risking-health-1b6c50a5
tag:NHS Reform,https://www.politico.eu/podcast/politics-at-jack-and-sams/starmers-pre-christmas-grilling/
tag:NHS Reform,https://www.politico.eu/podcast/politics-at-sam-and-annes/how-fishy-is-macrons-state-visit/
tag:NHS Reform,https://www.the-sun.com/news/11862280/labour-councils-homes-planning-system/
tag:NHS Reform,https://www.theepochtimes.com/world/can-reform-uk-break-through-in-devolved-nations-5852506
tag:NHS Reform,https://www.theguardian.com/commentisfree/2024/dec/31/the-guardian-view-on-labours-nhs-reform-structural-change-while-slashing-waiting-lists-is-a-big-ask
tag:NHS Reform,https://www.theguardian.com/commentisfree/2024/nov/13/the-guardian-view-on-nhs-reform-evidence-not-dogma-should-be-the-guide
tag:NHS Reform,https://www.theguardian.com/commentisfree/article/2024/jun/13/the-guardian-view-on-the-labour-manifesto-keir-starmers-plans-could-face-a-long-haul
tag:NHS Reform,https://www.theguardian.com/politics/audio/2024/oct/21/labour-wants-your-views-nhs-politics-weekly-westminster
tag:NHS Reform,https://www.theguardian.com/society/2025/apr/17/gps-in-england-will-be-able-to-claim-20-for-every-time-patient-is-not-sent-to-hospital
tag:NHS Reform,https://www.theguardian.com/society/2025/mar/28/use-data-science-approach-to-boost-nhs-standards-and-patient-safety
tag:NHS Reform,https://www.theguardian.com/society/video/2024/sep/12/broken-but-not-beaten-starmer-outlines-plans-for-major-nhs-reform-video
--R_yrsTE_hv2p-xM2y8_IjPHpM,tag:Public Health
tag:Public Health,-4V0t98p1VHFfBWoD_CsOz--I2g
tag:Public Health,-4Xrl-RGiXRbqyHLxxtKi-FDxDs
tag:Public Health,-56DsCFXy1HjmG93NkS1Q3RZZvk
tag:Public Health,-CEOFmhuvod0x5CiO74lSfwWERg
tag:Public Health,-DzrpB2Ly9lJjojza7rlY_jOvoM
tag:Public Health,-Mo3AQ9Fd2w4Zx-YqB5Ej4y3BJQ
tag:Public Health,-QJM1F6uJDaMXTTJPvyVZB4kTEY
tag:Public Health,-TsEXvK866IfLmRHiLxty5OUAPs
tag:Public Health,-W176IHOvZoF-FntfG6dBG50D0Q
tag:Public Health,-Znz93BeirSHzrR8I0upTIEfeW0
tag:Public Health,-_SOPcin19W1zEjyVsVpcG2jvqE
tag:Public Health,-b38nSkgY7IcOzWF-MktaGi8FZg
tag:Public Health,-b3KD-5fEM9ASJ--tn1zP-oK5uM
tag:Public Health,-cePOJOQ35RU2-dygAjPWY4bJ4w
tag:Public Health,-isMf04q37MBQnl1k3EAhqDAWwA
tag:Public Health,-mWCGK0DXEslAHolqnSUlvgyzC4
tag:Public Health,-pE2KAM73TD7pONAbF8TIVwpP14
tag:Public Health,-rqr-YAHifuuHb2uKKW72ufYN30
tag:Public Health,-wyyxjMn1qBlv51CLG1G0qzekbw
tag:Public Health,-xt9Skl9OZ7drnSpokXpcm_RZls
tag:Public Health,00006314-cd0c-430b-a861-c3d41ff34e25
tag:Public Health,0000d0cc-cd04-49fb-8ee6-9504f2312531
tag:Public Health,00013604-90ef-4b2d-a7eb-34a93e611a0d
tag:Public Health,00017e98-101b-484a-96a5-661ad68031ab
tag:Public Health,00020a4c-64f5-4067-a5af-95e4eba89f1e
tag:Public Health,00026f7d-b7eb-4e41-b177-fa500d4c0eb1
tag:Public Health,0002c0e6-908d-4355-b887-2acf5f4581d7
tag:Public Health,0002e621-559a-4c20-9c02-5be234373ede
tag:Public Health,00031add-b32f-48a3-b176-a3829ed66574
tag:Public Health,00047c7c-eea4-4787-82dd-40e319c241b9
tag:Public Health,0004c1c0-b40f-4a1a-901b-bbc109df4876
tag:Public Health,00053707-2715-4921-90f0-fd53df033bca
tag:Public Health,0005cfe9-d1b0-41b9-8950-37985a371c27
tag:Public Health,0005d147-91f6-4910-a914-12a380929b70
tag:Public Health,00065580-3e20-4e7b-92ea-8932be3040ba
tag:Public Health,00066faa-1313-4273-899a-f5bd2a77717e
tag:Public Health,0006e627-e210-46b3-9150-48daf14a897b
tag:Public Health,0007346b-bccd-4f61-96b1-44a12c0dc2a1
tag:Public Health,00075e0d-6717-4f92-aea0-53bc85574f39
tag:Public Health,0007e815-a780-43bc-9420-9cd060d16fd1
tag:Public Health,00080764-72fa-4f54-931d-0b186f717c98
tag:Public Health,00083294-805c-4b5c-90a0-61dd43314705
tag:Public Health,0008d119-a3ad-4456-b2b5-8d20c37aabec
tag:Public Health,0008d471-98e0-4c45-b255-7eebc4823336
tag:Public Health,0008f1f5-dc2c-43fe-95eb-04f04eab51ab
tag:Public Health,00099c2e-ef0c-4c3e-bd3e-62b0441672c3
tag:Public Health,0009b862-5735-487e-931b-43703f100fcb
tag:Public Health,0009d27f-3e10-4101-a47a-3576df5d49d7
tag:Public Health,0009f09c-e238-4325-85ae-d081aaa69785
tag:Public Health,000a12a2-a74c-4d77-bfa0-83bb5ce7cd0e
tag:Public Health,000a207e-4ce1-4766-8dac-5e8fb425384a
tag:Public Health,000a84b9-980b-4a6f-889a-774f85f16b8c
tag:Public Health,000ac637-cffd-4238-bdf5-30a6282b51a3
tag:Public Health,000b3b76-6425-4158-9450-1ece113838e2
tag:Public Health,000b7828-6173-4ca2-ae19-002dc5ff3731
tag:Public Health,000c1e49-e018-4cbd-bc3b-eb4bf5b175d7
tag:Public Health,000c9ae9-5e4d-48b3-9b20-8ed63be4c6b8
tag:Public Health,000d3c9f-f136-435e-a724-153210249eba
tag:Public Health,000d6698-ba22-4e66-aa25-5d8df0913e6d
tag:Public Health,000ea21b-d77d-447a-87e0-6d5c359a5166
tag:Public Health,000f563e-20df-40fc-85d6-094b54cdc38b
tag:Public Health,000f7327-cfd3-4649-ad9e-a83d8bc87a08
tag:Public Health,000fdcb4-5d17-46a1-b901-9b6a8e09e0ef
tag:Public Health,000fdd27-1250-4241-9df1-ee134d8bd2d4
tag:Public Health,00105d1a-a0cc-4aea-988e-d32dcff2dc49
tag:Public Health,0010bb95-87c1-44c8-bfa9-5b4b1f34330f
tag:Public Health,0010c9fd-2603-4213-b1f4-b09b400a15fe
tag:Public Health,0010fe32-89a0-48bd-9a3b-7cac098014c5
tag:Public Health,0011057a-da98-483a-a69f-ab70829490e7
tag:Public Health,0012831d-7238-4032-8ebc-99cfc09a0fe2
tag:Public Health,00129bbc-e5b0-479a-8af9-c2ecc565262d
tag:Public Health,0013df77-702d-4b69-a246-1d61c4716ed9
tag:Public Health,0014832c-62ad-4448-949b-6e3407524290
tag:Public Health,0014a150-dda0-4291-9ed5-4701987eb3b2
tag:Public Health,00151e6d-7b69-44b0-bdc4-e9ee67d0eab5
tag:Public Health,00158ff4-562c-4c64-aae7-bb6de5009fbb
tag:Public Health,0015ce8e-a80e-4a43-8091-c599af42f24c
tag:Public Health,0015da72-656e-457a-bbfb-7261b14b4c46
tag:Public Health,00166e57-6e86-4929-988f-426030b5724a
tag:Public Health,00169736-de08-450f-86ef-fca94326fd3f
tag:Public Health,0016a15b-41c3-4be3-9ed3-3fc3768fc6ff
tag:Public Health,001732ea-38f7-43ba-8057-76873b218904
tag:Public Health,00176682-8e8a-445e-b448-16c4267dcd21
tag:Public Health,0017bfc2-4df7-49bf-a83a-0a793167c986
tag:Public Health,0017e11e-4325-40c1-94f8-7b2556c36bc2
tag:Public Health,0018896b-a794-4bc6-9f81-5cc303c2aacc
tag:Public Health,0018cdba-3c26-4c34-842e-6e4a8f70999b
tag:Public Health,00195b8b-835b-4710-a8ff-446a8c807267
tag:Public Health,0019d4b8-56dd-4357-b52e-af2818d31ccd
tag:Public Health,001a0f28-f031-4f04-810a-f126c1930247
tag:Public Health,001a3244-66ed-4eba-af50-25568eec5f0e
tag:Public Health,001a731a-7880-4bb6-95f2-f4a086ac2895
tag:Public Health,001abfdb-3e90-4f0d-98bb-127a224f5510
tag:Public Health,001ac7e3-86e7-40f9-a762-10eed6cbb371
tag:Public Health,001ada74-7002-48bf-acc9-7c55afd283b8
tag:Public Health,001af107-3c5d-47ef-bd67-76c3405b1719
tag:Public Health,001b7f16-7b11-4b15-81a5-4d3015b9fe5f
tag:Public Health,001b8263-ae1f-46f3-ad38-4f50e766ae4d
tag:Public Health,001bd3b0-cb02-49db-a78c-4223efbfaaf5
tag:Public Health,001c009c-c6b4-4ea4-8da6-67c83ebf4e9a
tag:Public Health,001cc9d9-f089-4595-81d4-53745b751463
tag:Public Health,001ccfa6-2091-402c-bee2-309b0d63215d
tag:Public Health,001cd34f-b7f5-4035-9942-77ef17403090
tag:Public Health,001cd39f-fcc5-4493-a9f6-cdcd37f58c9d
tag:Public Health,001ce2c0-8900-48c7-9683-8073f2aa1b09
tag:Public Health,001d2acd-b448-44d0-9a6d-19b9fbaadeae
tag:Public Health,001d82bd-a1e9-462f-82ef-a812be003191
tag:Public Health,001e5311-a155-43c3-a6f3-f044e00e80a4
tag:Public Health,001e780d-cab7-41b4-8bed-80e2bda34f63
tag:Public Health,001e8e44-ba62-4ea5-9b1f-35b77a7e0cde
tag:Public Health,001ec978-ca03-43e9-9930-76fd45061074
tag:Public Health,001f36f5-c077-4089-af4a-e9292fa60fea
tag:Public Health,001f8ecf-85f2-48d7-9354-40a011c5ea56
tag:Public Health,001fc0c0-56db-4c37-a156-625d303e2dd6
tag:Public Health,0021a59c-ad4f-4287-b0a0-d647802d5963
tag:Public Health,0021a988-33be-4d15-9314-19253108aefb
tag:Public Health,0021d3b7-e4fe-429d-958c-6211c7ccfa13
tag:Public Health,002206ba-ba73-4b7c-97ba-bc10ce066cd8
tag:Public Health,002358fc-179f-4efa-8018-c438d6762c66
tag:Public Health,00235b54-6c68-4a9b-9442-6cfea2a2d444
tag:Public Health,00238b15-02ef-4174-87f2-5b7e4ad4e761
tag:Public Health,00245e2e-732d-431a-a2ea-650b585f380b
tag:Public Health,002486f4-8339-4f4d-a961-ad082f5867fb
tag:Public Health,00250560-a1e9-47eb-a721-9fdf59894a10
tag:Public Health,00260db3-2adb-4f26-8515-b123e3b0748a
tag:Public Health,00261115-1d1f-4758-831e-990ea65cd5fe
tag:Public Health,00263406-4454-45e4-ba23-c7117a30987b
tag:Public Health,0026ac06-4c19-4cac-8faa-e0e70c7f45ef
tag:Public Health,0027345d-5f86-48aa-9435-882b79abf890
tag:Public Health,00286198-9cfd-415d-916c-11cd04955abb
tag:Public Health,00289468-5a04-4f12-aeb7-e1ff4305d0d7
tag:Public Health,0028fa98-1e00-41a0-ae85-844b891ec8cd
tag:Public Health,0029e07a-8640-418e-af11-121868fa850e
tag:Public Health,0029f554-8456-4e6e-b2f7-86ce02a27d49
tag:Public Health,002b0226-8fc7-415c-909c-66728b2688c2
tag:Public Health,002b3308-b42a-4cb9-983f-170cfd2d99fb
tag:Public Health,002ba306-1fb8-4624-9297-87ddffeacab8
tag:Public Health,002bd1b4-281b-4ba0-a47d-dbc83c1e1acd
tag:Public Health,002bdc22-f455-4892-9dc4-07bcfb88a068
tag:Public Health,002d0093-cd7e-4751-adb3-8b03fff4bdae
tag:Public Health,002d4b92-a7b7-4c6e-b52e-d943d5ab09af
tag:Public Health,002d6a7b-52fe-4ccd-8de3-edcde951af5f
tag:Public Health,002dc825-41af-4b7f-b522-78f3a4d49063
tag:Public Health,002dde0e-0410-4823-aff3-469a9f5319fe
tag:Public Health,002ddfa7-5bce-42ef-93c7-d58df62db813
tag:Public Health,002e6a9f-9e57-4a81-b7cc-785f123ee609
tag:Public Health,002f26a2-e991-4915-a2d7-aabb7f27f7d4
tag:Public Health,002f785b-942c-475d-aab9-26650cdab3f3
tag:Public Health,002fea96-d22c-4371-8f60-1c162cf8ea39
tag:Public Health,003027a6-ec5e-4bef-b19b-fc85a5d0bd28
tag:Public Health,0030807b-63d2-47b3-9970-9bd92dd94b46
tag:Public Health,0030bea8-3f64-4936-ba7d-57522b57ad75
tag:Public Health,0030fd66-df00-461e-95fd-d2dc23ba7759
tag:Public Health,0031205b-e609-4ef2-9642-f7613b5eb0b2
tag:Public Health,00312afe-1c81-479c-8a2e-2ea3e41e0ae5
tag:Public Health,0033227d-636b-4962-b183-6820f3ea2531
tag:Public Health,0033a4ea-c052-4f95-bef5-9f63d2e4888a
tag:Public Health,0033c004-a716-438e-a37a-3af95ebd8740
tag:Public Health,0033e145-6025-4ce5-a5da-0f11d38e82e2
tag:Public Health,00345045-ba65-47e0-85d5-6fa75fdef250
tag:Public Health,003520f6-5ca0-4ece-b635-29abe97d5da8
tag:Public Health,003560cc-040a-40fe-bc6e-e91dd1aca851
tag:Public Health,00360b2c-a2cd-4a2f-ae7c-6f5869c030e1
tag:Public Health,00361c2d-aed2-453f-80f7-f6ed21d63bc2
tag:Public Health,00364d94-ae9d-45d1-881e-0d512a1f40a1
tag:Public Health,00364fa3-156f-4370-aef4-b96fab37ee4e
tag:Public Health,00370493-9ff9-45a0-a4ee-c22ee60c1f23
tag:Public Health,00373a51-e62e-4105-a3b9-bb851b75bae9
tag:Public Health,003788f1-fe4a-4eae-931e-03efbbce2ae6
tag:Public Health,00382b37-a6d1-4ca4-806f-4f6aabed020e
tag:Public Health,003838f3-3a6c-4149-a3ba-bca64df92b3b
tag:Public Health,00388418-5bdb-4963-bca6-4ce789a467e4
tag:Public Health,0038ea47-de16-4f07-b5c4-0094c18e80ef
tag:Public Health,00396486-3ddd-4454-8657-5523e351ae4f
tag:Public Health,00397f27-9e99-4995-a33e-e64cd606e153
tag:Public Health,00399f0a-4f93-4fa5-9151-d5f880534cb2
tag:Public Health,0039f1d4-978d-43c4-8550-132a32d6c170
tag:Public Health,003a7609-903e-4054-82ba-3284279dd459
tag:Public Health,003aa8ec-d69a-42e1-8fac-5e82ce70d794
tag:Public Health,003ad7be-4ede-4de9-9891-9692f38be382
tag:Public Health,003c4fd1-2f1e-40b7-b41e-28039c77fe48
tag:Public Health,003c8ea3-85db-4aca-88d1-d6e88656d1e5
tag:Public Health,003cb554-e499-4691-b490-4421799c238c
tag:Public Health,003cbf92-410c-4af7-85d0-a95ef2ba38c3
tag:Public Health,003d7be7-ac33-41d8-ade8-f025c0f8d0fd
tag:Public Health,003d875c-2f8c-4745-9611-cd4d340ca503
tag:Public Health,003da469-9819-4dd5-b311-dd5ecb5f825b
tag:Public Health,003de80e-e276-43b4-b29d-6b3b84ecc139
tag:Public Health,003e9c55-41fd-408e-a064-074706f4716d
tag:Public Health,003efb6b-962f-4091-9227-ce634fa3c32e
tag:Public Health,003f2921-0bc0-43b1-be66-69812fbffb70
tag:Public Health,003f5520-e1ac-4280-8aef-5b594185dcb1
tag:Public Health,003f59b0-ae7c-44f4-829c-fc062e15ce76
tag:Public Health,003fb7d2-4d5f-473e-9a89-0ebb079e393c
tag:Public Health,003fd4f7-cbf5-4fba-ab8a-c3e830600059
tag:Public Health,00409531-5dda-4d61-86d7-32bf5c5b7350
tag:Public Health,0040e0e2-1bda-4123-9008-dc8eaca92633
tag:Public Health,00411b5b-59fe-4853-8cb4-17fe6229fc8e
tag:Public Health,0041a4de-b1fe-4607-957b-ab633b7a35bb
tag:Public Health,0042ddda-ecab-4eb4-a9b8-2b581dde259d
tag:Public Health,0043698b-b84f-45d9-a148-091a6a3913f3
tag:Public Health,00436d75-423b-4c1f-9dc5-2d8c9e1228b2
tag:Public Health,0043a376-2a74-4470-80c7-be660af69103
tag:Public Health,00443571-d5ae-46e5-b3be-3fcbbd5f57a4
tag:Public Health,0044d788-f0c4-4b2e-ac25-0d07d3b5dd27
tag:Public Health,0044f494-4c8c-4719-a849-b198dfea276c
tag:Public Health,0045be50-f156-4dc8-8cf6-12b7f7655663
tag:Public Health,0045d6ae-5a86-4889-8fa4-9a9bf3d8f370
tag:Public Health,0046e069-09a5-4f4e-b413-0a81446376f9
tag:Public Health,00475c71-37a0-4168-9517-40be63976180
tag:Public Health,004772d1-ac66-4748-8afd-4b728fce52b0
tag:Public Health,0047decd-1219-4bcd-ac09-8d03d6a346b4
tag:Public Health,0048984c-082f-4422-b46f-d9ed0d1a27b3
tag:Public Health,0048ac92-dfb0-4d34-a582-6505da9d3ab2
tag:Public Health,0048e2f7-091d-49b7-af9a-61f20e7e6768
tag:Public Health,0049ba6d-2ba5-4f16-a705-ce0f7b0617c6
tag:Public Health,004a4546-71b3-4655-b8b0-3b2dbe87f074
tag:Public Health,004b0354-310e-4fd1-b085-a717cd0a8abd
tag:Public Health,004badcf-6b23-4c10-b273-000b3c6d4030
tag:Public Health,004c7656-de41-4473-90e4-1b8c55b71fa1
tag:Public Health,004c87aa-00a5-4473-a1a7-27e0d9fed010
tag:Public Health,004cb319-25d9-4789-b25b-94d360ba4eba
tag:Public Health,004d21d3-aa87-43ae-8bca-f9ba8d4e00af
tag:Public Health,004e253e-8863-4e80-bb05-d8585cf82504
tag:Public Health,004e3f65-5dd6-40b8-82ed-418974eb00ac
tag:Public Health,004e90b7-51ec-47b1-9ed6-6fba6b74363a
tag:Public Health,004f393e-a0c1-436c-8fb6-4d24be535a1d
tag:Public Health,004facec-5cd5-4fc3-9262-66812c19127b
tag:Public Health,00503a75-8b09-42ee-89e4-0fc224610225
tag:Public Health,005048f4-5c72-4818-908f-2625f726b4b1
tag:Public Health,0050825a-f4dc-49f5-8f4e-1808bce51643
tag:Public Health,0050c83e-2b6c-46da-ba65-8f7ff615224f
tag:Public Health,005155c7-7db2-4fe6-9a08-4b79c74eac71
tag:Public Health,00518aa8-3290-4ee2-bb3b-c2f26e1ce5c8
tag:Public Health,0051b8f0-7256-4e05-8d97-ba24c12b7d89
tag:Public Health,0051ddff-3c99-4aa6-99db-b465781859bb
tag:Public Health,00526630-6e4f-454d-be91-2de639ff65e6
tag:Public Health,0052b246-b7a4-4469-b6d6-878546e0a382
tag:Public Health,00530330-b6fb-42fc-a6d5-d5c87a25ef2a
tag:Public Health,00538a97-f219-483e-940f-bceacb264063
tag:Public Health,0053ec8e-23b7-44f9-b57c-d5b8671597b0
tag:Public Health,0053ff51-2c4c-467e-aebd-82fbdefea9b9
tag:Public Health,00540f47-0f4d-457a-9b61-893ff0976dd2
tag:Public Health,0054a1df-b000-440a-a47e-e854c159d469
tag:Public Health,00553585-1798-44a3-9478-0245a9a543d8
tag:Public Health,0055b81a-8ac8-4a75-98ea-7a3e27387929
tag:Public Health,0055bcf7-94a4-4936-8b36-2ad560db7de9
tag:Public Health,005679e9-036c-451b-baa3-d0e82245ef4c
tag:Public Health,0056e008-ffea-448b-9743-a49ff175e3d7
tag:Public Health,00573228-4328-41a7-a84c-a12fc644bad4
tag:Public Health,00577816-bdfd-4dbd-b731-bbe531cfb248
tag:Public Health,0057a320-c6d9-4964-985a-a2d79412b627
tag:Public Health,005889c0-6bb5-4934-872f-42f3ff9a9db3
tag:Public Health,00588df5-1fca-47ca-9bd5-a961bd3d8897
tag:Public Health,0058ed73-da58-445e-bd34-b4e5f795657b
tag:Public Health,0058ff0f-5341-42b4-9214-35cc25d5e5c2
tag:Public Health,00596507-6b1a-41c8-b34e-04297edd9b87
tag:Public Health,005971f6-37af-48da-934c-f384c8c4eae2
tag:Public Health,0059ff90-934e-469a-847f-d70ed78d53ed
tag:Public Health,005af2f4-35ba-445b-8514-227fb5fa9483
tag:Public Health,005b0edc-d0c6-4b14-823e-3946ea710cfc
tag:Public Health,005b3014-2768-466a-a555-b79a89427390
tag:Public Health,005b9b21-93b7-4433-9f64-0c2dccc543f4
tag:Public Health,005bed30-6fb6-497b-9f86-7af06f87769e
tag:Public Health,005c22be-0fa7-47a6-b739-6d1f4452c874
tag:Public Health,005c45be-5294-4f76-869c-823531c1e4a4
tag:Public Health,005d39b9-4f66-4f73-8738-fe1cb3da4696
tag:Public Health,005d518a-45f6-4cc3-886f-9549a5120396
tag:Public Health,005d6649-35a2-4ee0-8392-7704030d92b2
tag:Public Health,005de065-95fb-4d3f-b12b-ae10317e2055
tag:Public Health,005e2252-c04a-4951-a566-d9950390f77a
tag:Public Health,005f202e-a73e-4ee8-bb3d-3255ab9502df
tag:Public Health,005f4835-a29e-4a9f-8b98-035889a708a4
tag:Public Health,005f6446-f5b1-43aa-81e6-fb9e653d13ce
tag:Public Health,005f739c-b6fb-4d31-8d3a-3fc1422e0a48
tag:Public Health,005f969d-3bb0-4c16-b4fc-976c9ba03760
tag:Public Health,0060b980-6255-4178-a0c9-f3decbf3c4da
tag:Public Health,0061020d-e570-4a1e-bab1-c59414c5c007
tag:Public Health,006108d2-85e2-4a4a-83f1-ba3bd5e5fc6e
tag:Public Health,0061b7e7-0f18-46a6-a842-29528ef1b4e7
tag:Public Health,00622c9e-cce7-42ee-90e7-3e40a062d41f
tag:Public Health,0062482f-0147-41fd-ad84-61656a9a3e6f
tag:Public Health,0062b005-3076-4b06-b7d5-164118ec5ad9
tag:Public Health,00631eea-78e6-435a-acc1-ac6a657092d0
tag:Public Health,006321ab-076d-4952-9875-45aaf533d490
tag:Public Health,00632250-d01a-4bdd-89a2-cb11395630d9
tag:Public Health,0063241f-bf16-4588-a893-6d4756befff6
tag:Public Health,00635d9c-b6c8-422d-a00e-3f2ddc6fffc7
tag:Public Health,00637f58-57d8-4ac3-8ba2-558d27fd6692
tag:Public Health,0063d22b-4d0c-4818-9d98-14ce9a33f4a2
tag:Public Health,00643be3-8d38-450d-a5ec-e2739bde8ffe
tag:Public Health,006457c6-24e2-4c6b-8dc8-ff66a28e7d1d
tag:Public Health,00646a8f-2c87-4f10-92d2-a0434fe23500
tag:Public Health,0064b17f-9761-48a4-8588-f8cd5cae2e5e
tag:Public Health,0064dfa6-1c05-4854-b9a9-78981ae7a1a8
tag:Public Health,006528dc-b34d-4196-84d9-7dc7cb1becce
tag:Public Health,0065467b-037c-43ab-8909-ff9169effe36
tag:Public Health,0065becf-be86-40da-a5a1-b151806c23ad
tag:Public Health,006655af-c0b6-41c9-bc60-03d41910ba11
tag:Public Health,0066630b-8c95-489b-a6fe-dd821f15ffe0
tag:Public Health,00670256-1189-4be7-bdee-6569e7cad806
tag:Public Health,00676f1f-3b01-46be-b5f6-72d59123248e
tag:Public Health,00678d4b-b2b8-4400-b003-8ca898c4e526
tag:Public Health,0068893f-6d13-41df-83e8-64582a0941f1
tag:Public Health,00688bc5-b5d3-4343-b19c-cef578d4ce78
tag:Public Health,00690a54-f26c-4ef0-b73f-6ba8f1cbd525
tag:Public Health,006985b5-477b-49a6-9bc3-a962eab147eb
tag:Public Health,006a38e7-74de-4922-a2ee-4bd81e6e392d
tag:Public Health,006c697f-2588-4749-9c38-dde144f6b84d
tag:Public Health,006ca63d-28db-4346-aa9a-98482fd9d8b8
tag:Public Health,006ce713-81e4-4261-a612-399a143659fa
tag:Public Health,006cf68c-4f79-4b5c-b21e-3e425e0daf56
tag:Public Health,006d32a7-684d-4190-b52b-2c4fbb7e6f58
tag:Public Health,006df65e-7df6-472c-9ee5-e3126d7b830f
tag:Public Health,006e06f1-7cff-4acd-887e-36ac29517bc7
tag:Public Health,006e1802-2bf3-4033-b4bb-1b1be427567f
tag:Public Health,006eca8b-8d08-46a2-8908-bfa6b15217f6
tag:Public Health,006f1ee3-673c-4cfa-a0e3-7bb5a7b29311
tag:Public Health,006fc55f-9ffb-490d-a662-bce551b31ab1
tag:Public Health,00706605-f10f-4bc0-abd2-b49a871ddfd6
tag:Public Health,00709a4c-23cd-42da-b8c1-e59ab6416c6e
tag:Public Health,0070dfdc-9c83-4ad4-8434-2206f24be338
tag:Public Health,00712ccb-fb80-4224-9a2b-978f4131b487
tag:Public Health,0071564b-bf99-412a-b418-fd1a14c55cce
tag:Public Health,0071711f-4aa7-4629-8bf8-4482e202bfcf
tag:Public Health,00718fec-93bf-4dce-ba95-f08239e1af6f
tag:Public Health,0071a378-eb2c-40e7-8d61-c585f41e3394
tag:Public Health,0071c682-f040-4ac8-8d60-7cdf6985dbc5
tag:Public Health,0071ca72-ed10-479b-b8f6-09fe75694c96
tag:Public Health,0071f2c5-182f-41b6-a6ff-a8b1ba52636a
tag:Public Health,00726466-a9db-43f2-83c0-0e59f734c830
tag:Public Health,0072b658-bd07-493a-a397-60ed24db2ff8
tag:Public Health,0072dea6-b9ab-4bfa-9eba-4e3703a3bcaf
tag:Public Health,007359b2-e845-4198-bb2b-0798ea527fb8
tag:Public Health,0073a6c4-da39-4d27-bdc1-d0af6d1a4a10
tag:Public Health,007425c3-e804-41bd-90ec-616f87409909
tag:Public Health,007553cc-8969-42bd-ab9e-a56b09bb0f5c
tag:Public Health,0075556b-d31c-4a4f-83f6-82fa04e1811d
tag:Public Health,00756060-5f7f-4a53-af53-3f3601f71f24
tag:Public Health,00757213-20d7-4a99-844e-638d2c3c19ce
tag:Public Health,0075fb3e-0dc6-46c4-b6d0-e6acaeb0ce27
tag:Public Health,00764151-a3b7-47ba-aa4a-27302842a99f
tag:Public Health,0076ee26-0a3b-4a07-ad7e-2bd56b5bbc94
tag:Public Health,00774f36-e2e2-4328-8382-7c8b4c1b9923
tag:Public Health,0077683e-15a6-4627-83bb-ffabba16590f
tag:Public Health,0077ec11-3e1e-472c-8473-36717f1c71fe
tag:Public Health,007896dc-97ff-4c2b-9d6b-45ac7b1d83c0
tag:Public Health,0078fd32-a128-4c15-b037-9db79c74bf15
tag:Public Health,0079531b-8f27-447b-be7e-881afe1813af
tag:Public Health,007b0f3e-94ab-408c-b3ee-5075e1904b4b
tag:Public Health,007b5156-c956-4e0f-b6fd-9f169b675a49
tag:Public Health,007be74e-f1cd-4db9-8435-83267d7dcb40
tag:Public Health,007c0b2d-3dc6-4761-b826-0b5332f4e5a6
tag:Public Health,007c84e9-1787-420b-b416-a7942b85a5b0
tag:Public Health,007c9279-c7d5-40eb-89e3-ab79585ab570
tag:Public Health,007cb362-969c-4ea8-9022-c0bd3da3117e
tag:Public Health,007ccbfe-4efd-4147-95d8-e2c881106d29
tag:Public Health,007ccc01-6c7c-4010-bd7a-00a1cce02da6
tag:Public Health,007cd94a-a922-45c9-80c9-59968ffb2355
tag:Public Health,007ceb72-73cb-44a8-8094-d19f252dc4ce
tag:Public Health,007d2914-d664-4f5e-844b-8c3b338b5003
tag:Public Health,007db25d-598f-44e0-bbe9-bfd182ebf1a9
tag:Public Health,007f322c-a227-48c1-bbaa-4506fd83161b
tag:Public Health,007f7fb6-395d-49ab-9f2d-4008adc2fbea
tag:Public Health,007fd1db-c806-4e80-9434-78627abc9d2f
tag:Public Health,007fdf44-a089-42de-82fb-e626db967ecc
tag:Public Health,0080d119-e097-46fe-9191-25cca958e734
tag:Public Health,0082196f-165a-4d0f-afa5-a21a4df879ec
tag:Public Health,008250c8-ee98-46f4-8dff-cad24b917c31
tag:Public Health,0082a22d-b9eb-4330-b426-6bce9c349327
tag:Public Health,0082f69c-32b2-458a-807e-a7c298db71e8
tag:Public Health,00838825-8b62-4088-8e74-c5fac833e01a
tag:Public Health,0083c107-b0a3-446d-a631-599f26ea178e
tag:Public Health,00841531-0d7c-4048-8706-b490e3b76db7
tag:Public Health,00845c1f-230a-4593-868b-38f4e2469443
tag:Public Health,0084d239-f018-4f4c-974e-477613e33250
tag:Public Health,0084eb63-5b1c-46bf-9a30-7b1719ad9174
tag:Public Health,00854556-2659-4d5e-924e-923e55dbb995
tag:Public Health,00854702-a50b-4774-ae18-5900c93471cc
tag:Public Health,008548bc-0f13-46fd-ad68-f2407e10f54d
tag:Public Health,008700b4-8346-4695-a3e4-c8116e4ebdc8
tag:Public Health,008725b7-9be4-4855-b6ff-a3c5b9995d0e
tag:Public Health,008762d0-74c2-4955-8544-5a0cdce30f29
tag:Public Health,00877204-5187-43bf-b2ab-2939f8e2043a
tag:Public Health,008774e7-85e4-4c13-a01e-6fced662f430
tag:Public Health,0087b084-25c7-4ef5-bd9b-a58d4a80c84d
tag:Public Health,008807b8-a911-4343-afbf-d5bd946c9229
tag:Public Health,008890ae-dd7b-4c0e-b85e-90dffd6fdff3
tag:Public Health,0088abf1-c15c-498d-8cea-e51946f907c7
tag:Public Health,0088db05-9352-4291-8c7f-7b599cae8797
tag:Public Health,00894f69-824f-4e10-a412-e17dc32e9753
tag:Public Health,00896a3a-d0c9-4621-8229-7249b67c4dca
tag:Public Health,0089ac46-4971-4ae0-a280-db9f55bb5266
tag:Public Health,008c6912-e14e-40ae-a9a3-b6425264f95c
tag:Public Health,008cae4b-7946-48bc-8f00-2a20b4de0b4f
tag:Public Health,008ce0a4-5e3c-4ad5-8bae-aa06cec7ef87
tag:Public Health,008d5dd2-7172-488e-835a-ca7f4dee5f08
tag:Public Health,008d8554-5015-4b5b-9048-e94cfee9e5e7
tag:Public Health,008daa1e-b0c7-4912-a0aa-e94b97bd84fa
tag:Public Health,008dd6d0-f336-4045-b127-c31821927be4
tag:Public Health,008e0bdc-5fea-4b0a-ada3-6cb40499a1af
tag:Public Health,008e4f2a-9229-4563-a3c3-92517c1c133b
tag:Public Health,008ea86b-0294-4170-a587-8e6ff70fdf81
tag:Public Health,008eaa57-c223-4691-90b5-698d71e3973a
tag:Public Health,008f0fe1-d088-40e5-8b73-848dc800debb
tag:Public Health,008f4560-3beb-4e8e-8de5-ac1cff25d7ca
tag:Public Health,008f5c62-decb-42f6-83cb-f965d14e9c78
tag:Public Health,008f9d57-e5e7-46b8-bc75-ddfd80fcf43d
tag:Public Health,008fd9b7-c354-4a03-8923-fa346d7c3cf9
tag:Public Health,008fef07-64f7-46e0-a831-1d0731527ba7
tag:Public Health,00900508-ee11-40b6-93ed-b9712bd5e4c0
tag:Public Health,00911529-a90d-483a-a70e-484da0e758b9
tag:Public Health,009190dd-1b6f-4d62-8a6a-80e78f8f8da6
tag:Public Health,0091d483-429d-4e46-bf12-b47052973264
tag:Public Health,009206a7-2384-4156-b5d6-8e85a15c00d3
tag:Public Health,00923c45-a0cc-44cd-8fd9-8a6a6b32b6d5
tag:Public Health,0092a7ec-dc31-4ad3-b3a5-12c60d20e383
tag:Public Health,0092c1d5-48e6-4f8d-83d9-a7e130c00540
tag:Public Health,0092c378-5451-4482-b270-a81c7c8aa22a
tag:Public Health,0092e84a-416e-46be-871c-98c03beaf648
tag:Public Health,00939ab1-9d86-4cb7-80f1-53be9083f27a
tag:Public Health,0094165e-eec4-424e-a26b-e11354de9b91
tag:Public Health,009565eb-36d2-4348-b4c3-45064396809c
tag:Public Health,00956b5e-991d-4b80-b862-8474557d78f1
tag:Public Health,0095edd9-e8e9-44e4-884d-512a29527eb8
tag:Public Health,00967a29-d588-4839-a446-767c0043a692
tag:Public Health,00971ba2-b199-4906-b3be-d6b1713c930b
tag:Public Health,0097f693-9a25-4397-b3b9-5f7b886a3cec
tag:Public Health,00986c3b-8c71-4ff3-8a09-0e6b66d5a373
tag:Public Health,0098e12d-957a-4c4a-9c93-32ec734e05f2
tag:Public Health,00998640-3bfe-4e20-9ae0-2b616731fdff
tag:Public Health,009a4d2c-7d26-4a1f-8110-f53bd6f8dcdd
tag:Public Health,009a7173-0948-46cc-b73f-105effe2d72c
tag:Public Health,009a869b-2153-48b3-8c2a-09d06ebc9de4
tag:Public Health,009b4f54-a9e2-4ba4-bd39-858b0e060c78
tag:Public Health,009c4074-7afc-4df3-a868-acbd72fa12c7
tag:Public Health,009c580e-7383-46de-beac-951e2a870cdf
tag:Public Health,009d785b-333d-4fa2-8117-c8f3d025f309
tag:Public Health,009dc0a8-3bca-471a-939f-fa409adafe61
tag:Public Health,009dd4b1-10fe-49ab-9d0a-5cfb79ec8ae2
tag:Public Health,009e0b4a-976f-460a-92d4-19fe52d1d5d0
tag:Public Health,009e4cfb-2c94-470a-9654-272f9814784f
tag:Public Health,00a06915-233c-4076-901a-9fde212ba71b
tag:Public Health,00a077b0-1e38-47c5-9eec-7caedd4659f2
tag:Public Health,00a0f26c-8301-4231-ba58-9ada2d01199b
tag:Public Health,00a0f5b6-a4d3-4015-a91b-2a00aa5d4370
tag:Public Health,00a20c59-a1d3-4422-9e3e-09b7454fff5f
tag:Public Health,00a24f28-6632-45a8-a922-2308b0a5935c
tag:Public Health,00a2f698-66c7-4900-b8fe-f08d484dfa03
tag:Public Health,00a31f0a-39dc-4f9a-a84f-23b5f21af712
tag:Public Health,00a32896-2611-4f08-8478-dbeef0ea6701
tag:Public Health,00a3483a-bb37-4f53-ad99-254e647daa92
tag:Public Health,00a348c0-eb18-46dd-abd0-813799acde92
tag:Public Health,00a36db0-5844-4ebd-befb-7c0cf09e1718
tag:Public Health,00a37b2b-1f3a-4502-b348-cbcf14be27fd
tag:Public Health,00a3ac70-964a-443f-bdec-97ff6a8b15a4
tag:Public Health,00a3e62f-53b9-44cd-8537-f105ed6f8958
tag:Public Health,00a4d9a4-ebbb-4990-88af-1745282f58b1
tag:Public Health,00a53e10-ad65-427c-9bb7-3af87f9d8d78
tag:Public Health,00a61d7c-d2e4-47d5-946a-f76343519d60
tag:Public Health,00a640c9-e8cd-4ea0-91f1-49924095327c
tag:Public Health,00a641b7-1108-49b5-a72e-1bf6f2e71e78
tag:Public Health,00a72304-2e06-4783-8ed5-b908e9fca98b
tag:Public Health,00a76963-ba8a-48ef-a06d-44b95665373c
tag:Public Health,00a77c98-deba-415a-b971-c22fe557900d
tag:Public Health,00a85c6d-de91-4aeb-98d0-562ff4c1301c
tag:Public Health,00a8f650-fc4b-4395-b9a2-a70ea9eef5b7
tag:Public Health,00a952ca-fda3-415c-aeb6-5e1b8d9d5263
tag:Public Health,00a9af30-52c2-4b4c-841f-1dd332e0a226
tag:Public Health,00aa4cd7-b483-493d-b1f4-2e0af58d48af
tag:Public Health,00aa8941-7b8e-4568-9a34-f09bce6c381b
tag:Public Health,00aaa8bf-b32d-41f0-b41d-4ebedfe01859
tag:Public Health,00aab7a4-249f-4a2a-b22e-acf4dfad4490
tag:Public Health,00ab8a2e-800e-4989-adc5-3127f6fd7df6
tag:Public Health,00ab9756-df15-4fb7-935d-694e4f991e2b
tag:Public Health,00aca3f1-35e7-4d7b-8dd1-6974497dcbc1
tag:Public Health,00acc9e3-851e-4978-8699-496334e750ec
tag:Public Health,00accb1e-176f-4750-987d-9d5857570d05
tag:Public Health,00ace033-18d3-4365-98f6-070db8b11c5f
tag:Public Health,00aced02-4c07-42fe-acec-8b3e508f372f
tag:Public Health,00ae027d-26c8-4736-994f-2b661bf7e2b5
tag:Public Health,00ae1e7b-a9a9-4fb6-8a47-c41c9595740d
tag:Public Health,00ae21ba-aa86-4ccd-884c-90faa0dd2c99
tag:Public Health,00af0e68-002d-4292-a27a-cc9c00d03aac
tag:Public Health,00af1c33-d2b2-4518-924a-77141d7c2673
tag:Public Health,00af7662-d11d-4d88-95b4-834cb0d4463c
tag:Public Health,00af8562-f3fd-4dff-9924-c5d7a9fe4a51
tag:Public Health,00b00fbd-6c08-40c5-bae9-8ad7aaac73cd
tag:Public Health,00b056e3-f8d5-4bee-8727-81bdfd2175a6
tag:Public Health,00b0b2fb-a4f3-4a33-99f0-3890ef038099
tag:Public Health,00b0d00c-3bfe-4323-ad1f-832c13d15044
tag:Public Health,00b155de-604f-4d64-9532-d78779d04ed7
tag:Public Health,00b1c092-4850-4ab6-a2cc-df96d3cbd98c
tag:Public Health,00b26fdd-a5a4-41fe-9998-345018aabfb6
tag:Public Health,00b2a777-f9d5-4e71-972d-228c87df223f
tag:Public Health,00b2c1ad-1ea1-48a9-8622-d266160c55a3
tag:Public Health,00b2c652-9742-41db-81d9-68c7e24de80f
tag:Public Health,00b2efb9-9975-4b13-ac23-b6834c6c1693
tag:Public Health,00b363ff-b50f-414c-84e4-800dcc8d2d8b
tag:Public Health,00b43345-4dc0-41b8-b9c1-40134e3e179c
tag:Public Health,00b4c5a6-a4f5-4ed2-9704-cb2da8f8d4cf
tag:Public Health,00b4e437-3ac6-49fa-b4bd-3c504becd313
tag:Public Health,00b5b985-b423-4206-a9ab-3075a36712ec
tag:Public Health,00b5ba62-4af8-4f9b-951e-f0b98d60cb82
tag:Public Health,00b5cd68-d54b-4657-bba1-d40e4c2d5395
tag:Public Health,00b5ec63-9f30-45c2-ac79-c04288b4cdfe
tag:Public Health,00b7a03b-d830-4d33-925e-56641065d0be
tag:Public Health,00b83b62-ba8e-48d4-b0ef-7ccdc5b6a7b8
tag:Public Health,00b8cbe5-7e74-43e5-84be-e586580d602c
tag:Public Health,00b93c12-2efb-4f25-974b-0adc91fc7c48
tag:Public Health,00ba3a07-a4d3-4ee4-a0a8-bf8387cb11f6
tag:Public Health,00ba5f68-1d91-449b-b0fc-0f7213d37958
tag:Public Health,00bab546-6eed-47ed-b075-7e465ef5c64e
tag:Public Health,00bb6f3d-3c58-4cae-bf3c-734670246c69
tag:Public Health,00bb9933-2e97-4f29-a391-2adb634f2f3d
tag:Public Health,00bd9f29-7334-43f3-b77a-0d12a2c6f621
tag:Public Health,00bdf57f-a4ad-40bc-a8dc-d31cc8a7bcf0
tag:Public Health,00beb288-0e1f-471b-abaa-07fd6b9801a1
tag:Public Health,00bffc3e-cd89-4ff9-9f89-2451aefd37a3
tag:Public Health,00c07f50-4be1-4f69-9a16-ca0e18ab3733
tag:Public Health,00c2cc47-8e0d-46a5-919b-0361ce66643e
tag:Public Health,00c31608-aae0-4113-9bc1-4c2fe47f0463
tag:Public Health,00c41dcd-a79c-44ce-9afe-02d80897ed62
tag:Public Health,00c4999a-63a8-4b76-987e-67d45dd22acf
tag:Public Health,00c4b35a-3038-4a3e-8380-2bb8c65e6f1e
tag:Public Health,00c5c0f6-5e43-4e74-af3c-4f3e50140c38
tag:Public Health,00c65716-fbbc-478a-a0b4-16bfca2588e0
tag:Public Health,00c6baee-da96-4cf4-b1ce-007a233949e4
tag:Public Health,00c6d425-3c8b-42fa-ab56-cdb3ed054da7
tag:Public Health,00c6ec56-7ecc-48d8-a183-e66e6437c57c
tag:Public Health,00c7572c-45ac-44ea-a3ea-c2c4c907118c
tag:Public Health,00c79a61-1574-4ca8-9f34-4e2a058e2632
tag:Public Health,00c79be8-24c5-4a32-baf2-34e9351e0480
tag:Public Health,00c7f117-d070-4d37-8fe9-ec47cca91dfa
tag:Public Health,00c812b7-9983-4877-a165-8495e56f2f5d
tag:Public Health,00c8429c-7813-4ff2-86a6-c46ec3bde919
tag:Public Health,00c92f37-ba8d-4eb1-8af8-5135313635f9
tag:Public Health,00c97373-b9b7-4cdd-882d-726fa6e10893
tag:Public Health,00c9d464-2a5a-46b0-b00e-c9764cccadc1
tag:Public Health,00ca23f9-6da3-4f99-be7f-03dfc9db798d
tag:Public Health,00cae61f-d3d3-49d0-8f6c-88bfe01ce9ba
tag:Public Health,00cbadee-d4c0-4237-adae-d72e952e357b
tag:Public Health,00cbb052-820a-4beb-9576-6ca9fb191099
tag:Public Health,00cc1e08-1e39-41df-97b4-d02af9218e07
tag:Public Health,00ccbb2c-099d-48c4-aaef-a4b192f1a229
tag:Public Health,00cd3678-06b5-4d31-bc42-a8a21299a72c
tag:Public Health,00cd3a0b-5c7e-4c42-a642-3e30f21ff335
tag:Public Health,00cd55fe-5bb1-4d8d-814a-c57f6fa0e6cf
tag:Public Health,00cdc99e-5703-419d-9c71-4803094f8694
tag:Public Health,00ce1454-c3dc-4155-a3c7-9e7d0505b38e
tag:Public Health,00ce6631-2c47-4d20-94c7-de9d1ceb8fda
tag:Public Health,00cef2f7-c17f-4901-98b0-b0b52b177ca7
tag:Public Health,00cefd23-8bc9-44e9-91c7-e39410e45573
tag:Public Health,00cf0a1e-f6e6-4cad-94d9-b6ba3fbb5083
tag:Public Health,00d0066a-61a6-4f6f-bfc7-ae2e54bd9468
tag:Public Health,00d07e2e-694d-472d-a112-4ca5f797623c
tag:Public Health,00d08ba4-f327-4532-8e8f-1551715f3e74
tag:Public Health,00d15a18-28ef-4b73-b5c5-c7ee52451669
tag:Public Health,00d1e6af-2dee-4123-a4e6-51fbc8aec1f2
tag:Public Health,00d2429c-b640-4d36-8688-52a30987198f
tag:Public Health,00d25b25-526d-45d5-b0ca-0d5881759b93
tag:Public Health,00d2bc87-9c1e-4493-bc84-30f284fa1eaf
tag:Public Health,00d3bf6d-aa1f-4439-914d-597e6727d42e
tag:Public Health,00d3deff-82f8-4a48-9e27-32fd0f64bbb6
tag:Public Health,00d404a4-edc7-4b0b-8ef5-74f0ea485657
tag:Public Health,00d49bbe-4cd3-49f6-870a-cf6c57687468
tag:Public Health,00d4ace7-c9e9-4de8-830d-1df81e7e3d17
tag:Public Health,00d54821-2b80-4f97-aaf9-6e7c6b0e4f60
tag:Public Health,00d567b6-124b-4af5-80d9-69c4b248cad2
tag:Public Health,00d65887-2533-4eec-97df-8c09380bf176
tag:Public Health,00d6aeb8-9d38-4114-b43f-8c876f27472b
tag:Public Health,00d6fa0d-767e-4d39-bbf9-430c90059291
tag:Public Health,00d7bb7a-6a41-4077-b2ed-c04a2414446c
tag:Public Health,00d85609-e367-4881-b5bd-1ecb2761fddd
tag:Public Health,00d8c691-48ab-4f55-977a-eb735afb4808
tag:Public Health,00d8d994-28bc-49de-b4c5-b1c1aa7b98a6
tag:Public Health,00d8ece2-f5d9-4b57-821e-4254e1ba5374
tag:Public Health,00d8f54c-0c48-470e-93b7-8ae97988d481
tag:Public Health,00d999bf-2d2b-41b8-bacb-a0a16347c795
tag:Public Health,00d9aa47-5900-4119-82af-2f937cefb76b
tag:Public Health,00d9d712-13c2-4fc0-9b34-613445480e33
tag:Public Health,00da5cab-509d-48a8-b05a-081eefd37503
tag:Public Health,00db13e2-e563-4c7f-9b23-e67cc153aa8b
tag:Public Health,00db4f56-6d29-4e50-aff1-30be6ca0ebf6
tag:Public Health,00dbe366-f0d4-4ad4-8095-0f75a2eed367
tag:Public Health,00dc12b0-69c2-4662-bfe9-2883d275dc4d
tag:Public Health,00dc8cde-ed8b-4cea-9649-875dcf700812
tag:Public Health,00ddbdad-febd-4a62-b151-f18ab91ccdc7
tag:Public Health,00dea8f3-f983-465a-941b-b4c68e10a418
tag:Public Health,00decc28-3bea-4a0f-9383-a05ef98bbf45
tag:Public Health,00ded2f4-9565-4500-873c-f8e5f8a20ae5
tag:Public Health,00def96a-6d9d-4c54-8894-d0d9a0b34cbd
tag:Public Health,00df8796-8364-4825-806e-e3d7b28bdec8
tag:Public Health,00dfa3f8-b5d8-40a6-863e-d84159b3650c
tag:Public Health,00e07f57-8d91-4996-8f0a-a0fb3d977c1b
tag:Public Health,00e0d5b2-6fde-4161-8889-081ea65427f1
tag:Public Health,00e14189-1348-4178-a5e6-f3212971de48
tag:Public Health,00e18846-5a08-45e0-af67-456712796e79
tag:Public Health,00e19b07-020c-453f-ae84-da021762ddb4
tag:Public Health,00e1c6c9-db2f-4ab5-bdb8-9526381f194f
tag:Public Health,00e27a28-8db8-4412-a851-eba58cb02d53
tag:Public Health,00e2a304-b5c7-45b8-a246-2c205937f253
tag:Public Health,00e2c1b3-3887-4c35-b297-0de9095ede0b
tag:Public Health,00e2ed9d-4f64-42f3-ae3d-80cee09a327d
tag:Public Health,00e363cf-1128-4101-a371-5deb26d45a32
tag:Public Health,00e39c74-31c0-441c-8e0c-1e87e0bb9db3
tag:Public Health,00e4530f-b738-451b-a4d0-ebe3324f7a1b
tag:Public Health,00e4aa23-4ee5-4b4b-8926-9aaec23fa39d
tag:Public Health,00e4ac47-dc8b-4284-8288-3ea335c00562
tag:Public Health,00e528dc-1868-459c-8b11-238f69ac95ff
tag:Public Health,00e56c85-1df7-46c9-a228-fbaffbae9076
tag:Public Health,00e584f7-34c4-442e-a468-02cb40c1a457
tag:Public Health,00e5859c-eeb0-4c74-b330-5ddb7aba29ad
tag:Public Health,00e68344-546a-43a3-8711-3593ae931e3f
tag:Public Health,00e6d462-da0c-4dd4-a51b-a2a2a51c43d4
tag:Public Health,00e7a81a-5003-4df2-9633-02056630a363
tag:Public Health,00e7c26c-00c1-40a2-bb57-ddebdb7e5ca2
tag:Public Health,00e84fad-8b0f-4c02-9a04-facf8f9dade7
tag:Public Health,00e8d4e3-8fd6-4c33-9ad6-df3c7f9be6a7
tag:Public Health,00e9d66d-c364-47d1-89e6-8b91b6140345
tag:Public Health,00eab60f-b791-4195-aba4-66b714eb0178
tag:Public Health,00eb1cc3-a1f7-4e27-b8eb-f6984613a08c
tag:Public Health,00eb508e-13a8-49a6-84d6-c31ce5167621
tag:Public Health,00ebacf4-a822-42ff-bcdf-07f39cd40a85
tag:Public Health,00ebbcb0-d53b-4d74-a374-912a3fcf1d45
tag:Public Health,00ecab43-2f75-4229-b1c1-40d0450743d1
tag:Public Health,00ee1038-df16-4e30-8ae9-ad8cce8bfc8e
tag:Public Health,00eec023-999e-49af-a348-22093ba8af72
tag:Public Health,00ef041c-776f-4c0f-b790-ec56b5d9b606
tag:Public Health,00ef22ed-8812-4ef2-87b3-4be15171d817
tag:Public Health,00ef2dfd-a631-44c7-8125-420e8d6ec03f
tag:Public Health,00ef3c77-175e-4b8c-9737-a4d659b44dcd
tag:Public Health,00f0ba20-88ca-4a0e-84f7-a316fef1158f
tag:Public Health,00f0bd55-ff86-4dc9-8165-8f8d78e3ad7d
tag:Public Health,00f266e1-adf0-4c42-a15b-74f657e6f82d
tag:Public Health,00f36c60-bca7-4b9f-a60e-0f851e14280f
tag:Public Health,00f3aa6e-c4e7-400d-80f7-d69a2292cd32
tag:Public Health,00f3ba9d-6d1c-4553-99d6-c2f85f5d50b7
tag:Public Health,00f3fdd1-45c2-406e-97e2-95387fb0148a
tag:Public Health,00f4f021-5c8f-4ced-b84c-46f6dd551570
tag:Public Health,00f5023c-a278-40b2-901a-4a0152754d76
tag:Public Health,00f524e5-b85a-4f1f-95d5-234466b7f5b7
tag:Public Health,00f5cb00-20d4-42fe-be92-fc6d8c1d5227
tag:Public Health,00f751b3-4809-4c93-bd88-795db0c9400e
tag:Public Health,00f7f75e-b482-4676-b015-64cc3fb91a79
tag:Public Health,00f7f9b5-c451-4f1d-b6a5-e3a12179cd65
tag:Public Health,00f811c3-b30b-497b-a2ac-49687d325626
tag:Public Health,00f8a3ca-3d04-4f29-a292-c408debb36ad
tag:Public Health,00f8d0ca-469f-4cfb-b072-980e364a6bdb
tag:Public Health,00f9284a-5372-4548-ac94-850b3f980dd3
tag:Public Health,00f939d0-2053-489d-bced-4fef89b2d836
tag:Public Health,00fa40ce-1b96-4dc1-82e5-6c158c39ce10
tag:Public Health,00fa8225-6443-41f9-9921-69ab8d7fd11c
tag:Public Health,00fa96f4-ee1b-4b09-a20d-9e986ac8a839
tag:Public Health,00fa9e2b-2ce6-4c61-8688-78f7121f3772
tag:Public Health,00faa7e3-bb27-4144-adcf-2afb5e9c1291
tag:Public Health,00fad877-d7aa-4863-bbb7-52d1d1327d50
tag:Public Health,00fb7c78-f872-4a39-a939-20fde1e06540
tag:Public Health,00fb93e7-9d2f-497d-979b-16dd4c8411c0
tag:Public Health,00fbe23d-ea68-4842-b4f7-c71d9f40db83
tag:Public Health,00fc1037-9b9a-4b26-86f3-e6289bf2af43
tag:Public Health,00fc1f6b-d570-4c24-ad36-70486c17a315
tag:Public Health,00fc7739-e237-4f5a-b30c-809bbe6771dd
tag:Public Health,00fca468-0804-40b2-b81d-50057fa9905a
tag:Public Health,00fcb479-f63f-43c5-8551-30c070882124
tag:Public Health,00fcf64d-20ee-45b3-ba51-a021eadac595
tag:Public Health,00fe0fe5-76af-4d81-a9d8-077204f01510
tag:Public Health,00fe8538-049e-43cb-9f26-fba71def6c28
tag:Public Health,00fe8ebe-6f55-434e-857a-8b422703f757
tag:Public Health,00fe9109-7d11-4ae6-86a7-c81effe631d7
tag:Public Health,00fef69b-aa0a-4736-b501-36d8c10376b6
tag:Public Health,00ff1294-4b79-496c-9de2-64d542e9d5b9
tag:Public Health,00ff92fb-e970-45c0-b45e-5bd12efcc7ec
tag:Public Health,010006a4-d15a-485c-a921-d5b0a2659b1b
tag:Public Health,0100a696-341d-4be6-995f-87e2433b2d29
tag:Public Health,0102119d-21ef-4515-a064-197c9924f571
tag:Public Health,010235db-bf97-47e9-8cdc-de809e01f460
tag:Public Health,0103834e-a2d2-4fd1-9110-a62465c00125
tag:Public Health,0103940d-3f32-4bc5-a2a2-b9631abb18d3
tag:Public Health,01052cb2-8f84-4c95-b04d-586f021da83e
tag:Public Health,01055b22-82cd-47ff-9051-6fc7cd8f45ef
tag:Public Health,0105ab0f-eb12-4f44-b73c-61cee1bc6af8
tag:Public Health,0105fc4f-9a2e-4768-bd69-c86be1dd1edb
tag:Public Health,01064d03-4ea8-4fc5-8e16-a6249ce24959
tag:Public Health,0106bbcb-bc77-45dd-bae0-34e3940649d5
tag:Public Health,0108f8d2-6536-4a43-944e-f7878776c0f8
tag:Public Health,01090b4a-5879-4581-879f-99ded891cd14
tag:Public Health,01099577-fb05-4ace-80ea-7f55d0e3e965
tag:Public Health,010a7909-5f09-4424-bd63-c14ed31096ec
tag:Public Health,010abaea-82d4-4dc5-a2ca-33cb52b8d3b8
tag:Public Health,010ac70b-945e-4c7a-b05d-1177a924c4eb
tag:Public Health,010bc8f9-084b-425a-b539-f519368354ed
tag:Public Health,010bdc86-d481-4fcc-9bce-d271c2ac3238
tag:Public Health,010c751b-f5c2-402f-aafe-561913b001f7
tag:Public Health,010c7ada-4478-4da0-a0d9-3685f1cb1e65
tag:Public Health,010d0268-c0d1-4334-b7d6-64cbd5a9868d
tag:Public Health,010eac8f-dde4-4a1f-abbc-d6c2dfb45ef0
tag:Public Health,010ee062-5b84-45d3-bdd6-8abd98fbf32e
tag:Public Health,010f1279-dca0-4f8c-aa6a-c9f3a00ec84f
tag:Public Health,010f229a-53d2-4638-ba72-17c7ddee6cc9
tag:Public Health,010f32b3-e5bd-450b-b318-0d487e7486f2
tag:Public Health,0110561f-9d08-41db-b7c8-37ce38f7c6c0
tag:Public Health,0110b40d-8c80-4190-b14e-3f4799fc3405
tag:Public Health,01117f6f-e94f-4b59-86dd-ec41e915eaa4
tag:Public Health,0111a157-4bf7-4d26-961a-a899d461f6e1
tag:Public Health,0112192f-5387-46a3-8387-2dcf9166c912
tag:Public Health,0112cb57-4923-4974-9b8c-62f5e5c92220
tag:Public Health,01131df3-73ab-4e30-93be-0265c9095044
tag:Public Health,011324d1-1d10-4e48-b08f-c158cfead39a
tag:Public Health,0113a95b-c908-4d7c-af86-c4a09c00d5e3
tag:Public Health,0113b346-0207-490a-8346-05b6037fb362
tag:Public Health,0113dedc-eef9-4471-88b7-adcd367789af
tag:Public Health,011407b3-b5fd-4e23-936d-793a6d8f3236
tag:Public Health,0114115f-de3f-4d5a-a79a-1d531ba84686
tag:Public Health,0114336c-8d63-49d4-8a36-94598470e813
tag:Public Health,011471c6-e10a-4b90-8818-f9f53cda849c
tag:Public Health,01153cc4-4457-41c3-a265-e457ea162f57
tag:Public Health,0115a020-7678-47c2-b212-ec765e8228c1
tag:Public Health,011629c7-6af5-4f2b-b739-e1e47018bcc6
tag:Public Health,01164603-714c-40fb-af39-e993e3f446e9
tag:Public Health,01165313-dd9a-47aa-9a17-2264f53e20cd
tag:Public Health,0116dcdc-ee52-4b0e-8f26-91ee92c42f04
tag:Public Health,01173905-1773-4d46-88d9-714d863c8c70
tag:Public Health,011778af-e1ca-4212-ae41-cbd4f86f6c61
tag:Public Health,01177b32-783b-46c0-b847-9993eb7b548a
tag:Public Health,0117d328-21ce-47a9-99f7-031232054235
tag:Public Health,0117fc9e-8ddb-41bb-935a-e67a86018065
tag:Public Health,0118d319-5c00-4e6d-b1e8-44e6023da605
tag:Public Health,01191d9a-469c-4297-9d14-05c7550b67dd
tag:Public Health,01191e41-2043-4777-90bb-84119de2f195
tag:Public Health,0119e699-b16d-4f17-9990-b7f4c71d655f
tag:Public Health,011a69a1-7c15-457c-be51-ff68dc915dc2
tag:Public Health,011b07be-9f24-47bf-b14e-31114f8f21da
tag:Public Health,011bb70c-3194-437b-9f42-9b9c8afcbe5a
tag:Public Health,011bf540-9f3c-449f-acef-85e5d1b9f35b
tag:Public Health,011c3b89-62ae-411e-9e3e-07137c7e87e1
tag:Public Health,011cdc71-8e01-44e8-b759-edc189ceaf35
tag:Public Health,011d59db-5595-4f24-8f87-a30e0fba1ae7
tag:Public Health,011d8494-93c8-4c76-9302-7e961b9463c6
tag:Public Health,011dc964-8a45-476a-ac13-fdb5ecffa53e
tag:Public Health,011e016e-c477-4e5e-9aba-c59a8021f6f3
tag:Public Health,011e47b4-6301-43a7-9122-6270d4ae14bc
tag:Public Health,011e56ce-3316-42de-986c-22cdc701569d
tag:Public Health,011e68d2-71da-49ec-ab3b-64f85354f8d1
tag:Public Health,011ea59e-ef5f-417f-967f-33b02c8a60ed
tag:Public Health,011f6bd7-6fae-47b2-b04d-a87b5f4990b6
tag:Public Health,011fcbb6-804f-4414-a6ae-ae0dba07fa7c
tag:Public Health,011fe154-1ef3-4197-867d-d85b6fdb233c
tag:Public Health,012043e4-a144-41e1-b4e7-3f26bd5dc309
tag:Public Health,012099b6-cd97-4f01-a019-7fa9140b8212
tag:Public Health,0120fd87-7871-44a8-b321-edcd4918e5b0
tag:Public Health,01219638-efc1-4774-91d9-feb77358c128
tag:Public Health,0121f0e8-7cae-4aab-a6c0-1922b4202bbf
tag:Public Health,0122191a-68a2-495a-8628-cbe1b94fa0dc
tag:Public Health,01224ec0-ef5f-4c87-a167-576976fd524b
tag:Public Health,0122bccc-420c-43ca-9d4d-a7d42aa7eb76
tag:Public Health,01249d7a-9029-4d14-8f6e-6844a89d6217
tag:Public Health,012516cb-f4d7-4304-84b3-2eb9410c4a5f
tag:Public Health,0125459a-14c2-471c-9c0d-2052c33d41ff
tag:Public Health,0125d38c-fcb6-40ee-8712-aa6ff49737c1
tag:Public Health,0126056b-2246-41d6-b64e-0dd697b3e480
tag:Public Health,012647e4-a2e9-416f-9d18-22aaca653bb5
tag:Public Health,01265aec-da49-446d-989a-069301bda71a
tag:Public Health,01267f98-e890-45d7-81f6-20e84e21041d
tag:Public Health,0126c421-44d9-4195-80d1-610c506a452a
tag:Public Health,01278def-5148-4b8b-8eb1-a8ecb48287f0
tag:Public Health,0127b579-e854-4156-ae79-d8486a78b7a4
tag:Public Health,0127bf68-dd71-4f5c-ad45-a0fd610d25f5
tag:Public Health,0127d5bf-9f7e-4b95-b299-982a60827d6d
tag:Public Health,012aa4ef-a3f8-48a1-bf67-894efc8b6493
tag:Public Health,012abecf-26f5-45cf-ab62-c016a39eec51
tag:Public Health,012c1130-8d8c-4a9e-96ca-917d50123041
tag:Public Health,012c757a-dd55-43d1-8870-a311ac488e1c
tag:Public Health,012c78ef-de35-479d-bebc-cfb018e7b7ac
tag:Public Health,012c8721-9ce1-49a2-b3c3-4355f89c1efa
tag:Public Health,012d2111-b3ce-4ca4-a99a-9fdfc725231d
tag:Public Health,012d4d4c-e3c3-4e1b-a63a-06c3114914dc
tag:Public Health,012d62ea-afeb-4c8a-9bb2-3f7df855503c
tag:Public Health,012ede06-3bad-4a34-9729-222879231245
tag:Public Health,012f0863-a5c1-4ed2-9507-0de98c83380b
tag:Public Health,012f28de-829c-44c2-8ed0-730441a5d6c0
tag:Public Health,012f2f7e-5531-405f-aee5-d31b3fb67bb3
tag:Public Health,012fd2f7-7516-4f36-a9b9-7946318e3155
tag:Public Health,0130c3e7-b487-477c-96e1-e64efc3e17c5
tag:Public Health,0130d087-00c8-41fc-9f0b-f428a0b2ed8d
tag:Public Health,0130f771-05e0-4fd5-8498-593f15a1bf6b
tag:Public Health,01328b1d-2f74-471a-846c-9f62f4ccf2a0
tag:Public Health,0132a343-7af3-4cc8-b61f-6840582db402
tag:Public Health,0132fb0e-9bf2-4002-9700-463e8946e19e
tag:Public Health,01346fa0-d5f7-48ea-bbd5-a9f34995e09c
tag:Public Health,0134aefc-af73-4eb9-9b60-ae9929dcb6fd
tag:Public Health,0134b577-46a5-4ff1-a38a-819bed70bb90
tag:Public Health,01357183-8f1b-4ebd-bc49-c2a5e61d6283
tag:Public Health,0135c9ff-b7b4-4e36-914c-b53485b5aac8
tag:Public Health,013752b9-c68e-42d1-83ff-faf7d39af441
tag:Public Health,0137ce72-aaaf-48e6-8c99-5b168f86ca1c
tag:Public Health,0137fa82-8f65-4f5d-a196-a3c5aa17f29e
tag:Public Health,013833b6-7a84-42b2-80ca-d39f4bf722ec
tag:Public Health,01384968-c284-4c8b-9855-5b3711ff91ce
tag:Public Health,01389536-6d18-42c4-aadb-ecc33773bf38
tag:Public Health,01399516-9cb8-4f10-a2a3-0a3addb5edec
tag:Public Health,0139982f-c6ab-4181-900c-627e0559d3ff
tag:Public Health,0139c600-4a25-4928-b8d9-6682a4d8c302
tag:Public Health,0139cb7b-4479-4883-821f-d6380f5d0664
tag:Public Health,0139d874-2b1a-4743-bc08-77295e3556d3
tag:Public Health,013b6cdf-b097-4535-9c92-86e15bda8868
tag:Public Health,013bb7b0-ca21-433b-b861-15d2b72b7fda
tag:Public Health,013c031a-d0f1-4a11-bee0-33f6e6bec84f
tag:Public Health,013c74de-3aec-40d1-9c2c-e08c0586cc03
tag:Public Health,013cef4b-f263-4413-97f1-d1115ef6a773
tag:Public Health,013d58cb-8f2c-441b-8e1b-3de38dcfe56e
tag:Public Health,013d61ea-3c3e-457e-9dac-9721a9dee928
tag:Public Health,013d88e4-3aa0-41b9-bc9d-b86240b7148f
tag:Public Health,013dd167-37d6-4fc2-a1f5-696274dbf760
tag:Public Health,013dfec6-64e5-46f0-b8d4-6780fcd8200c
tag:Public Health,013e5923-0d25-45da-be68-51037f5b6f7f
tag:Public Health,013e6b71-5080-459f-becb-d5053f5ecb3d
tag:Public Health,013eccc5-651f-4268-ad6b-5c6c51a919d7
tag:Public Health,013f614d-b4fc-4058-abb9-c39d9e6a466b
tag:Public Health,013fbe14-715c-4582-bfed-b8488be13d17
tag:Public Health,013feb2d-1cf0-4156-8fc4-19e72482b8b8
tag:Public Health,01403fce-127f-473b-81cd-164ea36a6284
tag:Public Health,01407aaf-7e76-4eca-9d2d-813523544642
tag:Public Health,0140fcba-0bb9-4d3f-adbe-02c397d4ded1
tag:Public Health,0141997f-0830-4fd8-9598-417734c6ebd6
tag:Public Health,0141ac4f-f2ea-49d4-872c-bda486e3bdb1
tag:Public Health,014289d5-cee9-4240-b868-5f7c829a0eb7
tag:Public Health,01431224-d748-415b-85f2-9c1f50607494
tag:Public Health,0143b02c-d031-4f86-bd99-af7034d5c420
tag:Public Health,0144080d-c229-4202-98c7-bb2c94284ad9
tag:Public Health,014466bd-e361-4b59-8440-0fc0083d5175
tag:Public Health,01448f53-0153-45bb-9c66-fa15abbe5d04
tag:Public Health,0144bb0c-eeaf-4cb5-a1ed-dd56810f7d71
tag:Public Health,0144eda5-ac33-42e3-a95c-f682a69d1ab2
tag:Public Health,01450968-50fc-46fd-985d-88926a87dd6c
tag:Public Health,0145fb00-c69d-4cc4-9fa5-57cf0abd9a0a
tag:Public Health,014743e5-ef6e-4d42-bcbf-d37b9a16baf4
tag:Public Health,01475fba-e759-4f44-9806-cfd3f84534bc
tag:Public Health,0147fe20-b434-49b3-b1b0-6a5524d5a9e1
tag:Public Health,0148620b-3c0a-4ae7-92ba-836273750ce5
tag:Public Health,0148b593-c91c-4623-bf5b-2bec68b8c1c0
tag:Public Health,0149abb4-333e-4c56-aaa5-60f8c7b7cc9f
tag:Public Health,014afe94-99d0-4a06-90f1-8b7923a99ed4
tag:Public Health,014b2838-66f0-4f55-a02f-fd9fb6b91a7a
tag:Public Health,014b76fb-3e70-4380-b8b2-2ce7fa4c4209
tag:Public Health,014be610-e050-458c-9e49-3639532b177c
tag:Public Health,014c1cbb-75d3-4fcf-b315-dd7843efaddb
tag:Public Health,014c5f21-f974-40cc-83ba-ac842a59dc5d
tag:Public Health,014ca631-2518-4ce0-b2c8-58638eff4392
tag:Public Health,014ca883-36db-4b02-94a8-598bc2f33e81
tag:Public Health,014cde10-f14e-46d0-a4db-aa8aff4532e4
tag:Public Health,014cf20f-f650-4a33-bb27-1082c7ff69ac
tag:Public Health,014d0bbe-ca58-4826-a03e-67b0e1e00441
tag:Public Health,014d2ac2-487f-4f42-8b8c-3c352d8b9b7d
tag:Public Health,014d7a16-5232-4bf3-af66-e502f1508c32
tag:Public Health,014ed1cd-7bba-4b03-8666-acf62507fbb5
tag:Public Health,014f449d-d2a6-4292-a208-d97de5df4eb6
tag:Public Health,014ff09c-8436-43b4-ba41-7b40de81715f
tag:Public Health,01517089-3ee8-4be9-a3ad-3f6df75b2ed2
tag:Public Health,0152be42-5092-4466-8f5d-a8964df2765a
tag:Public Health,01530d16-b65e-487a-83f8-d052be7435e7
tag:Public Health,01531ce4-b0ac-42bb-b9b6-97714e31ecd6
tag:Public Health,015354eb-6ddc-4230-969e-3170196b8e14
tag:Public Health,0153ba84-6632-41cb-8d95-9afd4ff3a763
tag:Public Health,0153e721-06a1-4f98-93d6-1f507e4b709b
tag:Public Health,01542cf9-71ce-4d1a-b8dc-6661872b28a3
tag:Public Health,0155214a-6889-4ed8-8cc3-c2f4a927ad88
tag:Public Health,01554dac-93f1-4e17-8a58-f34ee611e497
tag:Public Health,015558f3-1b70-4337-81d4-9d9c95f20bea
tag:Public Health,015578c1-1734-4796-9e8c-b03cbd0dd547
tag:Public Health,01558dbe-c8a1-4afd-aa29-9ce84ed8841f
tag:Public Health,01559c8b-7c50-4b9e-ae9f-3a1bdc8f5f01
tag:Public Health,0155bd82-11ef-417f-9a96-554925ba4863
tag:Public Health,0155d920-5774-438e-9d46-a20480614458
tag:Public Health,01563ce1-066a-4ba2-ac9b-d508f5e444be
tag:Public Health,015666d9-38ed-469c-9b0a-737d2b3e1d36
tag:Public Health,015749df-f4ab-4764-8041-f0571db6235d
tag:Public Health,01579274-8bb8-4beb-946f-41eb575a0557
tag:Public Health,0157b76f-1f33-42eb-b58e-b724fd63c154
tag:Public Health,015822d8-84c0-4915-a9ff-1c3cad4e3173
tag:Public Health,01583266-bc0a-4035-8acb-918d510d056e
tag:Public Health,01589ffc-b5b0-46f4-b82b-7fb09fc9b9b8
tag:Public Health,0158c422-bc39-48e3-9ee6-e33ed2812aaa
tag:Public Health,0158efdf-c420-4b70-8edf-3704e89c5dfd
tag:Public Health,015a1cce-6bb6-443f-a477-b4182d822149
tag:Public Health,015a2d1b-5e0c-4157-8806-08339adaff38
tag:Public Health,015aa2df-d5a0-4eee-a519-6810f671369c
tag:Public Health,015aed67-a94b-4ed0-b9a3-4ccde2592dc9
tag:Public Health,015b066d-dbe9-4a68-baae-9efb87189b90
tag:Public Health,015b54a5-b4f1-4512-839b-bbd6f9eac2ce
tag:Public Health,015b70b6-bcd4-41f1-81a3-5d9c698bc288
tag:Public Health,015ba8bf-c06d-427b-a8c1-6ada95c93399
tag:Public Health,015bc9e8-3eef-4e10-81f1-a34c3003c614
tag:Public Health,015c5172-5a32-42b7-83bc-5cb9bb0885a2
tag:Public Health,015cb78b-d28b-4eed-ba60-2a4691faa717
tag:Public Health,015ce198-0b39-49c5-a452-6fdd436ee6f4
tag:Public Health,015cf7f2-944c-4c90-a9a3-f16cceb311ec
tag:Public Health,015d582d-0583-44d8-bdac-8790b526583e
tag:Public Health,015d5f02-6533-4403-a35d-261c94c9622d
tag:Public Health,015d7b76-8d7b-43f7-a597-63052643d1aa
tag:Public Health,015ddc08-9b9b-4cff-9294-10e7827fc423
tag:Public Health,015eac46-fdc6-4bf2-bd5b-08075f8e17c6
tag:Public Health,015ec7ac-7683-4c3a-8663-902caf24dce7
tag:Public Health,015f1089-1cdc-4963-bab8-c7a535d226ac
tag:Public Health,015f5237-2b44-4496-915b-d36a1b34f25f
tag:Public Health,015fcb46-3d34-4ff3-8f57-c433ea81e605
tag:Public Health,015fd9d1-128c-49b9-b384-e418051f79d3
tag:Public Health,015fe6a2-53ea-4ac0-bb21-c7cfc535e080
tag:Public Health,016025be-6da9-42e1-94a2-5e3ace92fcdd
tag:Public Health,0160a702-f78a-41b5-9cdd-f86fbbd032ac
tag:Public Health,0161243a-4731-48c5-b860-098fd020aeba
tag:Public Health,0161d808-92f1-4e33-95af-0a52a7efd90e
tag:Public Health,0161dc44-9d40-4293-8603-3fe7337804a8
tag:Public Health,0161e7b8-b3e9-4f77-b4f1-67e91d532e33
tag:Public Health,0161e90d-fe33-4d5e-96c7-b6f17c3ecb74
tag:Public Health,0162841e-cce7-4320-97a0-6ceb2133f524
tag:Public Health,0162c85e-aa44-4566-b709-4d9ab6b7bc95
tag:Public Health,0162e55a-30ad-47b6-8a0a-b042554ce191
tag:Public Health,0163838d-44d9-4e66-857d-14a902af3d0b
tag:Public Health,01639bc6-6f2f-480e-a21f-4d68b68e5a77
tag:Public Health,0163e39b-7e70-4219-910c-1a71493651a1
tag:Public Health,01658544-c91a-4d31-8e91-17a355616c11
tag:Public Health,0165e66a-25b6-4c68-a457-3b44d2ae7f3c
tag:Public Health,016663b7-cd2c-48a4-bc3d-0ad3e77f9da6
tag:Public Health,0166c954-3817-420d-b714-7943dd2e0500
tag:Public Health,0166dd20-70a8-4b73-8664-8837d9a259f7
tag:Public Health,0167023e-8df3-4a5d-a65e-d6ef6e0956c9
tag:Public Health,01673af3-cc15-4874-b91a-b1a62e0badeb
tag:Public Health,016785dc-8a56-4a2d-bbdb-a3dd2edc149a
tag:Public Health,016811ba-a034-446e-bd1d-a1b6a2cb8879
tag:Public Health,016811ec-5aee-4593-bc74-0c79544cf378
tag:Public Health,016a0888-a9e7-4ee7-a2f5-477885d0f100
tag:Public Health,016a4410-eac1-4d6f-9f68-032846a031c5
tag:Public Health,016a7295-caa3-4b97-a659-d73639ec30fc
tag:Public Health,016aa03a-7c2f-4739-8b7c-1cba20443ab1
tag:Public Health,016ab5b7-86ad-4c28-b4f4-7417e3cb3ff0
tag:Public Health,016acc93-bcbf-42a6-b38a-0ac1be49d224
tag:Public Health,016af406-6d5a-441d-8c3f-b16291376601
tag:Public Health,016afbcb-1a6b-4af0-a43b-d817d45fb958
tag:Public Health,016be351-ffb2-492e-bcb3-1d390c029e79
tag:Public Health,016cc466-362a-4099-8783-29e1cdb6a3b0
tag:Public Health,016d6589-86e3-41a6-aa4c-884b7c7e2788
tag:Public Health,016e4f0d-373b-42d4-9aec-a47f46dd89f6
tag:Public Health,016ee51c-535c-45f2-825d-100023b50fdc
tag:Public Health,016f0331-a11c-450c-865f-0e572619193e
tag:Public Health,016fe389-9caf-44dc-8ff9-da2c70d5da47
tag:Public Health,017066ae-5368-4418-b6ef-5b6cdb3eedb8
tag:Public Health,017068f0-01c5-4b5f-9383-8826b29824c6
tag:Public Health,01713c0b-ac37-4f41-9d64-48b537c83f6d
tag:Public Health,0171e1e7-97fc-49af-9135-1a998c3113df
tag:Public Health,017292b9-f839-400a-9f08-f94fbf5551c0
tag:Public Health,0172c0ef-2d68-45c7-8a49-95d9cadd842c
tag:Public Health,0173179d-419a-4f7b-90aa-682220da28c7
tag:Public Health,0173a04b-7279-4253-9c57-9bec8ff87e87
tag:Public Health,0173cfff-9fcb-46e2-bc43-65dbc3ae9989
tag:Public Health,01744daa-d630-42ce-b6e8-b9f9a4e4b2cd
tag:Public Health,01749fba-05e2-4196-a178-9ddb0e6e7a80
tag:Public Health,017502b1-ad91-49a1-aba2-c62894e81e5e
tag:Public Health,017597e5-13b3-4f7c-be01-acccc7899aff
tag:Public Health,0175f0b9-8bc7-4fbf-8edc-9d6c1ba210a1
tag:Public Health,01769483-0e2c-451b-b6d3-115cb742a05a
tag:Public Health,0177103a-18f2-4a9a-8b2a-813388fc0c4f
tag:Public Health,01780725-36a9-46b0-9572-a5ff2c5679e4
tag:Public Health,0178f331-a488-4504-b64c-1df23dc4627c
tag:Public Health,0178f58d-790d-47e6-a295-8c77bffad492
tag:Public Health,0179c24d-426a-4320-a206-d6f4ffbfddcb
tag:Public Health,0179d171-99a1-4814-a11b-bfa023b7b271
tag:Public Health,017a419d-3799-47d1-856b-146cadabd982
tag:Public Health,017b177f-4d6a-4872-8aff-09a9890fe461
tag:Public Health,017b87c2-bfb3-40fe-9c49-5a9fd4b3d4ad
tag:Public Health,017c1612-60a3-4f28-b036-434b32fa77d8
tag:Public Health,017c3cbf-76e5-4d35-bb17-284943d43973
tag:Public Health,017cab3c-8644-4a36-a32e-9aba57158771
tag:Public Health,017d7f84-48a2-4dde-893c-010c0546352b
tag:Public Health,017de608-5d56-4852-9415-207a61adf13e
tag:Public Health,017df7be-ac33-4eae-8df1-9a9c57e66446
tag:Public Health,017e12f7-7e33-47f2-bbeb-77d4546b486d
tag:Public Health,017e313c-3c9a-4bbd-8cd0-0085d1e34d6f
tag:Public Health,017e8ce8-2510-4fe8-8a29-a024b14f4b14
tag:Public Health,017e955b-0d79-42d7-8dd4-27b846384fbb
tag:Public Health,017e992d-ab55-4d8c-baec-7d2a480a958f
tag:Public Health,017ed7b0-6d91-4168-b4e3-5185b3c690de
tag:Public Health,017f8578-7a65-44c5-8704-f20a4e2435b1
tag:Public Health,017fa6b9-3e2d-4f47-8c29-5c829aaae103
tag:Public Health,017fd3d6-6ede-4403-86d7-68671b13dd35
tag:Public Health,017ffe1d-8013-425d-a061-d75b2e9e0189
tag:Public Health,0180301f-771d-412c-9dc6-229786d3a882
tag:Public Health,018058ec-6d5f-457f-a29f-040f34fe798d
tag:Public Health,0181ee1b-729f-40dc-bc26-984854eefd94
tag:Public Health,018333d3-8484-4777-b7c8-2d3e55d0bc5c
tag:Public Health,018356cb-fefa-4b8b-a679-edebc34896b3
tag:Public Health,0184b392-ec54-4ecc-92f1-b1f331975f31
tag:Public Health,0185932a-026a-4f47-9616-b0ff5792fe0d
tag:Public Health,018608d4-f2da-4fe2-9348-73e991499774
tag:Public Health,01861b2c-d953-4467-ab71-259997ac245e
tag:Public Health,01865673-59e2-449d-ae93-63b7aea5472a
tag:Public Health,0186787e-380a-4303-a05f-2e81712c744f
tag:Public Health,0187892a-d431-4406-96a1-e3a33d8fb7c7
tag:Public Health,01888aa9-44d3-4d15-b87a-647b9ad7d0d6
tag:Public Health,0188c8f7-c9f9-461b-814b-57e96d38e170
tag:Public Health,018925b2-1da0-4f96-be36-aed863e68773
tag:Public Health,01895ae4-7661-47d2-be0f-6b4bf65f587f
tag:Public Health,0189ad36-b50e-4a0d-aff7-f310451136ec
tag:Public Health,0189d0e4-0e0f-4e90-a55f-b120eaa16340
tag:Public Health,018a0621-de2e-4fb7-be0f-58098263f6e6
tag:Public Health,018a0890-c43e-445c-aab0-e1c18ec6db75
tag:Public Health,018b11c7-bc67-4952-88e7-f60fdcd4bc1b
tag:Public Health,018b26ea-a0d7-4aea-8a75-b6c5d64c9fd4
tag:Public Health,018c162b-09b5-48c5-9f0b-33bad43e08e6
tag:Public Health,018c42f1-b52b-44df-83f4-33280d8a8199
tag:Public Health,018cf0a6-abf9-4c6e-826f-91ab6507e68b
tag:Public Health,018e3912-cca0-4127-b4d5-a05d20cd288f
tag:Public Health,018e87d1-d20c-4024-a786-8e3c9d0ca71f
tag:Public Health,018edbcf-b5de-46db-a50e-d4b317bddcb0
tag:Public Health,018eedd0-9432-4215-8073-a7845cb0218c
tag:Public Health,018f046c-911d-4406-8ddb-71e7a4585a26
tag:Public Health,018f1ea4-e8b7-4dd6-99fc-f31caf5beab2
tag:Public Health,018f9e36-03e7-4c2d-9416-30115bd941f7
tag:Public Health,018fb9c5-e6f2-4bda-8c45-330ff40b13c4
tag:Public Health,018fd8a9-c76d-4893-88ba-330f9f5ad846
tag:Public Health,01901f99-41db-4574-a34a-57e7c18a899b
tag:Public Health,0190f3fd-bb9d-4962-8c02-557d3432b0a6
tag:Public Health,01915328-fc38-4959-bf10-45fa27bd04ea
tag:Public Health,0191d5a6-65df-46c3-b57e-277f4c63cb05
tag:Public Health,0191e327-b564-4003-9f7e-bc9ba967e3ba
tag:Public Health,01928952-63f8-49f8-b759-a0955141dae3
tag:Public Health,0192b785-875d-4566-85e5-e47e08c583aa
tag:Public Health,0192be55-2ab1-48e1-8a9d-efe60a1aa838
tag:Public Health,0192eca1-952b-49fb-9e75-bd1c6c910524
tag:Public Health,01936379-0ccc-45c6-8860-7eb23bf258cd
tag:Public Health,01936ff3-6680-473f-8c5f-4a5cf21af217
tag:Public Health,0194693a-71b5-4b12-b7c3-29746f73ad99
tag:Public Health,0195030f-ce87-4cbc-9915-577c0678f97e
tag:Public Health,0195bada-a929-433a-9004-e23e072c1be4
tag:Public Health,0195cf84-8219-48f6-9ad2-8b885624eeab
tag:Public Health,01963400-31d8-4548-8bdf-13f119d0f8ea
tag:Public Health,01972f9d-8231-4c12-bf71-a76c341e838a
tag:Public Health,0197c2ea-c73e-4076-a80c-f1138c710f0e
tag:Public Health,01981487-b4ad-45c5-bf10-702ef13af3c1
tag:Public Health,01982753-0e28-4733-bd8c-c6cded8f2fda
tag:Public Health,01982eac-27e5-42e1-bb5f-f899d70e50d6
tag:Public Health,01985eee-dcb8-4b09-ac6d-edcfc4abda13
tag:Public Health,0198d084-7714-4932-a0c2-d189c56c47fc
tag:Public Health,0198d8b1-f477-4cb9-aa56-8c4d3bf009c1
tag:Public Health,0198e194-b4d6-4657-8ce7-5c6b848fbb57
tag:Public Health,01992031-f864-4734-bbfe-b0d5bb6a83b4
tag:Public Health,019a267c-dd36-4ccd-8ea4-01e9144efacc
tag:Public Health,019aa519-2dfb-4dc1-af66-05e36e524533
tag:Public Health,019b0981-c85d-40bd-983d-d2557308c67f
tag:Public Health,019bd60c-96d2-45d4-a268-9c3018140e81
tag:Public Health,019c370c-038a-439b-94e3-071f30637e85
tag:Public Health,019c4ae7-dbf7-45b1-876e-ed743e2d9331
tag:Public Health,019c98d8-98cd-4b25-942e-d1be4611043e
tag:Public Health,019cbea2-3dd5-47a7-9dfb-9232152afcd8
tag:Public Health,019d97ea-8408-4d86-aa95-53257416a670
tag:Public Health,019e3988-bcf8-49cb-8662-a2c03fc6b570
tag:Public Health,019e909c-6fb2-48fe-97d1-2c85dce76fa3
tag:Public Health,019ea280-d80c-4663-bc1d-fcd54353bd36
tag:Public Health,01a036c7-3abd-4bf1-a439-a8486baf1cf2
tag:Public Health,01a0b370-738f-423b-8f31-f0eb57193ce5
tag:Public Health,01a0ba37-770a-4ad8-98ba-0b49a6673e9b
tag:Public Health,01a0d133-2bb1-498d-ba15-511ff32ad5d1
tag:Public Health,01a0e981-2c7d-4131-847a-497678ccbeb1
tag:Public Health,01a15441-6681-4ee2-b139-8c269d0a8561
tag:Public Health,01a1d8c4-7a3f-4a72-bb6d-f9a7e6b5a18f
tag:Public Health,01a2180d-cf78-44b3-bfef-adc15dcb3d60
tag:Public Health,01a2b744-26e2-4856-b3f5-e48d53d92662
tag:Public Health,01a2c3ca-a631-45a1-b577-e3c2e0a29d39
tag:Public Health,01a38bd7-0c70-4ae8-8d60-af9d149e8c8a
tag:Public Health,01a38e71-8e7b-4d0d-afdb-d04e36c9938e
tag:Public Health,01a3d4db-3744-4557-845a-d01867503ab4
tag:Public Health,01a4db49-2f95-4609-99f0-803c0347be60
tag:Public Health,01a4edb2-0060-473c-8ac3-38654b12773b
tag:Public Health,01a54408-457e-449d-b1ad-c9d155bda794
tag:Public Health,01a54c34-553e-4358-b0f6-3d087842fd0b
tag:Public Health,01a581b3-31ea-48eb-918a-537e924fab4f
tag:Public Health,01a5b35f-af5a-42b4-a0dc-37d19c519353
tag:Public Health,01a6feb9-8346-4fc2-b756-6109acda9b30
tag:Public Health,01a72466-0555-4f99-aaf0-afe2a0118061
tag:Public Health,01a84869-4784-48d8-b62b-e15436bd4c8e
tag:Public Health,01a923c6-d8d4-4a04-902b-58494da553d7
tag:Public Health,01a98681-0b15-45d7-8c8b-48c19d1b50b6
tag:Public Health,01a9ba33-1186-46fc-8aef-e411989f24b5
tag:Public Health,01aa35ee-8c8f-4baf-b3f6-2ad8fd488e8f
tag:Public Health,01aa39ee-fb12-453b-84e5-e451b0bd1efa
tag:Public Health,01ab60b2-8036-4139-a870-ee1d58ad4fb0
tag:Public Health,01ab75df-92fb-42ea-9601-28e2d4cd8514
tag:Public Health,01abcf7e-a7cf-45f3-822a-85ec249db4ae
tag:Public Health,01abeb8b-5a9f-4b50-b95a-8b057413b02e
tag:Public Health,01abf970-4b67-4506-966b-f0237739825a
tag:Public Health,01ac4765-1615-4b06-a5f0-a4812f7fef6d
tag:Public Health,01ac9c17-9d62-4365-97de-e8a7917ddad8
tag:Public Health,01ad3321-566a-44ae-9f1c-25edc3a4948e
tag:Public Health,01ae4632-4637-4d08-9a92-0327d29b305b
tag:Public Health,01ae6c79-5274-47f6-94b7-dc134a7eb935
tag:Public Health,01ae8747-c967-4cf0-bf91-bfa21c832d26
tag:Public Health,01af1399-94e9-4977-91f8-9e893df03120
tag:Public Health,01af9285-131a-4921-a511-2395f4bcf91c
tag:Public Health,01afdbae-570e-436c-bd3e-a8f2ca00cee5
tag:Public Health,01b0d961-575f-43aa-9c59-50f9fcdb2d2c
tag:Public Health,01b0f0d3-40d1-41c5-878c-f63607135c58
tag:Public Health,01b1c066-9903-4009-a7aa-42bc844a08f4
tag:Public Health,01b22a66-a9a1-49ba-954d-d8aa5702c2ad
tag:Public Health,01b28b9f-69ce-4ab3-a36d-6f424bd48430
tag:Public Health,01b3b45f-9afa-4324-8c82-cda75b8c696b
tag:Public Health,01b4633d-c5dd-4ef3-932c-3980b89218c1
tag:Public Health,01b4898a-4301-48bf-b854-5907bd1e4d03
tag:Public Health,01b4dbbc-84d6-4e10-b616-5c55cb0bffda
tag:Public Health,01b63a09-df12-4672-be0b-ea926b42706b
tag:Public Health,01b70344-5b06-4425-884f-6c002ba2202d
tag:Public Health,01b75cb2-f3ec-4c0d-af8f-880b80912099
tag:Public Health,01b75ccb-1ce3-4ab1-83af-e18c82f845e2
tag:Public Health,01b79f25-b73c-4426-a251-06191cb58e86
tag:Public Health,01b806e5-07bb-4b34-ab5f-01879c9f551a
tag:Public Health,01b984f4-1dc1-45d7-8c15-ce4c515f9ecb
tag:Public Health,01bc1bdb-b230-4f01-9874-d880381c7984
tag:Public Health,01bc2231-4743-486b-8033-fed872df6e7c
tag:Public Health,01bcc1b5-1342-4e92-ab47-d8ceba3d409b
tag:Public Health,01bd8a08-6898-4469-9618-cb5908866217
tag:Public Health,01bd9206-173c-4a54-b678-2ab326ad0ad7
tag:Public Health,01bdf0a3-5877-49e0-8146-3bbffa7491b7
tag:Public Health,01be0923-607f-48e7-81ce-5eee8ff03bfe
tag:Public Health,01be5c84-4da8-414e-9b3d-825fd4fe628b
tag:Public Health,01bf16ab-e020-484b-80be-4019fc164388
tag:Public Health,01bfdf4b-3e17-4590-aa20-0f06e55ae449
tag:Public Health,01c05e5e-9b0e-4988-b558-8151e6c0f2fa
tag:Public Health,01c0b11d-d9be-491b-8dad-24f2c02be8ec
tag:Public Health,01c0d54f-f80a-443f-b49f-1706d0c5ed5c
tag:Public Health,01c0eca6-2430-4874-81f1-6c7eed78ee25
tag:Public Health,01c1339d-a44e-4ddc-bf0c-718894591806
tag:Public Health,01c1d12d-f995-4b04-9f9d-83b06ecd2152
tag:Public Health,01c22779-b8f6-4c61-93ac-25050f4c6c06
tag:Public Health,01c25d7d-d03c-4ca5-bd6d-092c69fadc58
tag:Public Health,01c2a40d-f4cc-46d6-8933-d0ee78f4d7ad
tag:Public Health,01c2f170-e6cf-4437-964b-eca71f3e0ca7
tag:Public Health,01c3d542-770f-4813-b445-97b3e9cccf58
tag:Public Health,01c49f88-da43-45cf-837a-d45976a6a992
tag:Public Health,01c4b3d0-37ff-4ec1-924c-999528523a6b
tag:Public Health,01c4c43d-391a-43af-95e7-afcb524ecc30
tag:Public Health,01c4ffa7-ec19-4181-afb2-4d1595424859
tag:Public Health,01c5069a-4de4-42c9-a6b6-c84f7180a419
tag:Public Health,01c579bc-8127-460b-bf24-353d1a9ed4d7
tag:Public Health,01c64117-a26c-4ed7-a071-edcab19f4496
tag:Public Health,01c6f243-cd0d-4568-9da5-88fc3f3f0c9f
tag:Public Health,01c708ff-7bdf-420d-9a75-1647f5458f1f
tag:Public Health,01c71610-156b-45c6-befb-195a1f6e9f71
tag:Public Health,01c74d74-9990-450e-8b28-370e6f0808e5
tag:Public Health,01c75e43-71a9-42ca-ab8e-e892e2a8976c
tag:Public Health,01c7860b-0c17-4ddd-beda-74b483c9e98c
tag:Public Health,01c7ef64-2521-4f34-820b-54ffe0de1363
tag:Public Health,01c7f7fb-7f70-4607-bfc8-f8f111cd4c3e
tag:Public Health,01c87d2b-cc4a-4317-a351-7e6ed6eb57db
tag:Public Health,01c8dd44-c33f-45ae-b141-eeab0688b5c8
tag:Public Health,01c98ca4-7f12-4b90-8437-23286058ed5c
tag:Public Health,01c9c916-af2f-4a52-9113-110282d44787
tag:Public Health,01cad694-1403-4751-b88d-450e4fc7895d
tag:Public Health,01cadd31-92a2-4d70-a48c-ce6c883080af
tag:Public Health,01cbc455-6344-4c05-9bde-64162d9f90f4
tag:Public Health,01cbd2e8-1ee2-4f0c-ac20-30c906446760
tag:Public Health,01cbe7c3-7d48-4911-b63f-53532865888e
tag:Public Health,01cbfa1d-b691-4b47-8802-0083583a947e
tag:Public Health,01cc6ed9-c25c-4702-a175-1022e4d4870b
tag:Public Health,01ccba32-9bb7-45dd-aef3-ad2d28c20fb1
tag:Public Health,01ccde7c-a363-4a88-a04f-ee4b733b984e
tag:Public Health,01cce06d-7079-4016-a85c-0b25f07cc207
tag:Public Health,01ce136b-c3b3-4858-a615-64ac03dd8ac0
tag:Public Health,01ce1961-20b9-4c04-bbee-b63555c5214a
tag:Public Health,01cea999-22f3-424a-9c52-3bdffa95d298
tag:Public Health,01cf0975-efba-4b62-9680-2a5052eaeedc
tag:Public Health,01cf22b7-926a-48d5-be43-6309b7179066
tag:Public Health,01cf7891-fdac-49c1-a216-3bbd424b3a5a
tag:Public Health,01cf8347-d892-4b53-ab9d-773fa2b5e472
tag:Public Health,01cf9b44-ec49-4a35-a8be-10144e06b48c
tag:Public Health,01cfc4d1-05fb-4381-ac70-2356a04cbdff
tag:Public Health,01d006a7-989c-4e84-9db6-3686cdde3437
tag:Public Health,01d0585f-302e-41df-ac03-629cb92cd917
tag:Public Health,01d05d13-797b-4eea-9a7d-47de75326e24
tag:Public Health,01d0ac8e-1f06-4ea5-b521-c1d2ff5f8d64
tag:Public Health,01d0e5e5-29ee-40b2-b99e-261040167a98
tag:Public Health,01d2963e-1d19-4f89-9021-313c8f77b4e1
tag:Public Health,01d29939-735b-4635-8867-c011b863ccc6
tag:Public Health,01d2abae-cd9e-40d7-b024-2faf2ddf3c04
tag:Public Health,01d36f83-53d1-439e-926b-714761f7ff01
tag:Public Health,01d3f78a-1241-412c-b78e-25ff14aee889
tag:Public Health,01d408e4-74b6-459b-8587-b6086d086657
tag:Public Health,01d41d97-97e1-40ec-bac7-189a0951a41f
tag:Public Health,01d4223b-2ea2-41a6-8472-297666b2e1a8
tag:Public Health,01d447b8-a9a8-4422-896f-f22f01c2f3b9
tag:Public Health,01d75132-a58d-4b62-8425-17ff6bb01df0
tag:Public Health,01d7abb3-e0e5-4956-9ffe-88b4d5630e17
tag:Public Health,01d7edde-1240-41a7-9ad6-033f80eca3b0
tag:Public Health,01d8efd8-5f3e-4aee-8773-a69f3397ff2e
tag:Public Health,01d93111-e714-4ede-926e-acc8eac7d3df
tag:Public Health,01d9a502-a72a-4c7d-bd1e-14ae6f46da83
tag:Public Health,01dd42b6-dbee-4eef-8f39-af995d5d9b60
tag:Public Health,01dd5758-c01b-4f58-87ea-d585d7cfeaa4
tag:Public Health,01de0fca-a53b-4527-9d6d-5e7a4486dfb0
tag:Public Health,01debbdb-f314-4f05-a630-7b3cd2e784ae
tag:Public Health,01df02aa-896f-427c-8a72-3ef45bba3bc0
tag:Public Health,01df10e4-9619-49ee-a2cf-b89cc601a542
tag:Public Health,01df46a0-f068-42b5-a600-3094ac72f3b3
tag:Public Health,01e08e87-aec2-4c71-8aac-0b0343fe82af
tag:Public Health,01e0bbac-0108-47ab-b0e8-aea4146ebd87
tag:Public Health,01e107d9-0dd9-4269-ada9-323941689cf8
tag:Public Health,01e1f28c-c0d5-4882-857f-9e9553d5add8
tag:Public Health,01e23b13-c6ab-44f6-9f28-8d078baaeaa0
tag:Public Health,01e29558-beec-44ce-b500-a2e7d500d98e
tag:Public Health,01e40b77-1ec4-4772-8acc-2a491660cd50
tag:Public Health,01e4605c-e685-4b6d-afbc-d7c569959e94
tag:Public Health,01e5019d-c410-4abc-bbf1-c1821e81e9e3
tag:Public Health,01e511ae-23b1-460c-9722-a00ae31375f4
tag:Public Health,01e54431-b348-4b05-b0fb-7d97f050fa99
tag:Public Health,01e5482b-89ab-409d-b657-0c2c561d20fb
tag:Public Health,01e5bcbb-9e68-4c4f-be1a-46a7f33c48bf
tag:Public Health,01e5f557-b8bf-45be-92ea-249bb9205a26
tag:Public Health,01e61934-6d31-4783-a9a6-c10ed72c49a7
tag:Public Health,01e6c257-fd00-426a-8944-b171adc73001
tag:Public Health,01e6d275-c8ec-431e-b4e3-064e9ca9b9e2
tag:Public Health,01e6fdb4-37e4-4012-8745-e5c09547fbac
tag:Public Health,01e72c3c-7caf-44bf-9898-ad69dd96aa36
tag:Public Health,01e79a0a-48c3-48dc-8277-07f27fc8a84e
tag:Public Health,01e7d7a6-7371-4278-a983-abebaee7c99e
tag:Public Health,01e85e57-5575-4af1-9508-0112e74e00ea
tag:Public Health,01e8d0c8-8f4d-431f-ae7a-1aae5c268580
tag:Public Health,01e9210f-a7cc-4e3f-b4c5-bbea87e6e01e
tag:Public Health,01e933b2-35eb-4764-8a9e-85019d15083f
tag:Public Health,01e93f5e-6e5e-4d86-8d5e-58ade96917ae
tag:Public Health,01e9c55e-d8b3-4bcf-9a07-c33830435fb6
tag:Public Health,01e9d099-9d34-4af0-925f-133400fa56b7
tag:Public Health,01ea39ca-4801-4ff0-b3d3-3c8736d2eee6
tag:Public Health,01ead1f5-3631-41e1-a529-ba2fc4516eea
tag:Public Health,01eb6760-57c7-410c-bd38-bef12ca37956
tag:Public Health,01eb9842-fad6-4511-a544-bed302f3428d
tag:Public Health,01ece7aa-bda3-4274-8fac-94b40e1ea2f0
tag:Public Health,01ed8eb2-398b-4d55-b2e6-f528224f2cf2
tag:Public Health,01ee06b1-cc7a-4d37-b5ba-b415c166c4db
tag:Public Health,01eef9b6-b82d-4abd-85fd-3ef927df32f2
tag:Public Health,01ef281e-6bcc-4825-a254-2a7587adc154
tag:Public Health,01f04e01-8947-4211-af36-3a766ac90117
tag:Public Health,01f12eb4-9e49-4892-a90d-1c2ae1290df0
tag:Public Health,01f157d8-0600-47e4-9c19-480faf2ce7f7
tag:Public Health,01f1f5bf-b7f3-49bd-9551-cc60125f22b8
tag:Public Health,01f254c0-0a17-4853-b434-5849560ddac6
tag:Public Health,01f288a5-e6b5-4913-ae8e-17fd360c143a
tag:Public Health,01f321c8-b2c5-4bec-a605-82332436ac97
tag:Public Health,01f3570f-b281-4a25-86d0-0c0d3321c5f2
tag:Public Health,01f36058-6331-4543-b447-8ebd2a0140ac
tag:Public Health,01f4687f-7b9c-4bd1-8f01-d94e284edbc2
tag:Public Health,01f4e519-b74e-456c-921b-520facf4b51d
tag:Public Health,01f53c66-c2c2-4d2c-9d57-c33f132d5405
tag:Public Health,01f60d74-e39c-4c48-8858-a222408d7550
tag:Public Health,01f61b7f-d600-4e9a-b956-8c7c65d4afdf
tag:Public Health,01f63303-45c8-42ab-a9c0-90c57def6f58
tag:Public Health,01f6a827-c9ed-4a89-a187-dfd6eb5ee05a
tag:Public Health,01f7a257-f30b-48a4-852b-0ab69578437c
tag:Public Health,01f7a8f9-bfce-4117-a80b-68b32cc281cf
tag:Public Health,01f7c307-512b-4506-ba09-622b581cbbfd
tag:Public Health,01f8085a-741f-4050-a522-3665ebc04432
tag:Public Health,01f8d5b1-6319-4f1c-b3cd-8dff99fb48e2
tag:Public Health,01f8faa4-fba3-45cd-a363-5bf01261b84d
tag:Public Health,01f97ad5-83c8-4795-a2ed-c72f34dd638b
tag:Public Health,01fa4528-8248-4be2-ba0d-b6f6880f028c
tag:Public Health,01fb61e7-4f06-4f3d-b0ec-c309198124cd
tag:Public Health,01fb7c76-79db-4acf-92c9-1cf6b112ac4d
tag:Public Health,01fbba77-40ae-4bc2-9bc4-7ab7b7eb3f1d
tag:Public Health,01fcd0f1-184e-4cf1-a00b-83c902d91c1d
tag:Public Health,01fd2f97-c179-4aa2-b18a-e6824ddf95e7
tag:Public Health,01fd3a25-0fa0-4c2a-8d8f-fe51a975678d
tag:Public Health,01fd8268-d42a-497d-ac85-0341680be2c3
tag:Public Health,01fd87aa-c0a2-4f4e-a923-0ffb2791ac5f
tag:Public Health,01fe1232-c818-45bf-ba4f-156ebf4db4c5
tag:Public Health,01fe63cd-6cfb-4a03-bc0b-293af86d2bde
tag:Public Health,01fe7442-ff2b-497b-8d36-f624a59cc80d
tag:Public Health,01fe7f17-13c8-4fb5-b2df-30813f632b4c
tag:Public Health,01fea678-99b3-4f33-ad73-5d9ccde7d076
tag:Public Health,01fed523-cff2-4a0f-b65a-ab2dd43c906e
tag:Public Health,01ff23b8-dc82-4666-a26b-264a200305cc
tag:Public Health,01ff2eeb-6dc1-454d-88a9-df473cf31ff8
tag:Public Health,01ff7a31-c24e-4fb6-a4e2-b504096d9dd5
tag:Public Health,01ffbcc9-c96e-4333-8589-065f1104bf89
tag:Public Health,01ffbfeb-d796-4ed6-9258-6d1492b116d5
tag:Public Health,01ffe172-1006-49df-a9ee-e9f05e1c87f1
tag:Public Health,01ffede2-08b2-4f1e-92f2-dcfe3ebfe041
tag:Public Health,020009a3-b9a2-45ad-8bd5-c2338c499719
tag:Public Health,02002a6e-5e02-4ad7-af2e-3b5737a208ff
tag:Public Health,02006422-a7ed-4534-9671-5557d00cbcba
tag:Public Health,0200b6a7-4038-413d-8ffa-b3dc722c605c
tag:Public Health,0200d568-ee61-41ea-acd4-491cd6f84ab2
tag:Public Health,02011a1e-23d1-4308-bb05-a8862f5ed988
tag:Public Health,0201e253-5639-4ca6-afde-49c9a806d220
tag:Public Health,020238bd-7eb8-4903-b28b-4b95137bd930
tag:Public Health,020290fb-bf82-42db-a7ec-bf6ef5ffa049
tag:Public Health,020313ba-f4b7-449c-af2c-7490d9754c38
tag:Public Health,0203a114-279c-4b83-aaba-43926fb4a7b6
tag:Public Health,02044424-b9d5-44e6-9db1-e00109946a38
tag:Public Health,02045b36-7318-4417-927e-ff8d3847894d
tag:Public Health,020467eb-391d-4daa-b172-019cfd38a115
tag:Public Health,0204aa67-0947-430b-815c-e056ae39591b
tag:Public Health,0204b2b4-e0df-43f5-8195-1d0aab41ae8b
tag:Public Health,0204c6d9-99ff-4c6e-a6d9-7445f68be591
tag:Public Health,020516df-f5f9-43e0-8ca3-a8458d77a75c
tag:Public Health,02051b91-a04d-464f-8cce-73e76f515014
tag:Public Health,0205bfff-82ab-49cc-9355-253333f173b3
tag:Public Health,0205e111-b9ef-466a-b9bf-1eddf55be1db
tag:Public Health,020701bd-1dc3-4c47-bb1e-bbd6aeb88a9b
tag:Public Health,0207149c-a6d6-4b88-8f64-603601455811
tag:Public Health,0207a3f2-6545-4dad-a4ae-685d86ba85fa
tag:Public Health,0207a59f-3084-4851-bcb8-1c40e896f681
tag:Public Health,0207d135-b57d-4703-9d69-8b6814f7c02b
tag:Public Health,0207e003-4921-4ccf-bea2-1a448ef9a8c8
tag:Public Health,0208a1b6-0a2e-446d-96e2-cf879a013772
tag:Public Health,0208ab76-4cfb-4d35-836a-4f5bbd9843cb
tag:Public Health,0208bf3a-8df8-4d81-8626-32b160f4cc01
tag:Public Health,0208bf99-458d-42de-b7d6-055e5cf18734
tag:Public Health,020903c4-a2d6-4348-8426-b6f670cbf518
tag:Public Health,020921e0-cb12-4408-8dec-df2211990a99
tag:Public Health,020926e1-c9c3-46cb-9227-45d7fa061989
tag:Public Health,02094950-17c1-4e83-ab0e-3bdfd1c94f0b
tag:Public Health,02096304-546e-4ac4-ae16-7cb6c3bf24fa
tag:Public Health,02098524-0e9f-40f9-911f-50d2e3098a9c
tag:Public Health,0209a871-723e-4cce-9fe4-a5166787cc67
tag:Public Health,0209cff2-6394-4547-b695-820c351d43bc
tag:Public Health,020a1d12-6150-4154-b2dd-2e67aebd0983
tag:Public Health,020a3853-8f49-4125-a325-2922f6b22609
tag:Public Health,020aecf2-5c63-4129-a5c9-c4b0a5c90f3b
tag:Public Health,020b0a09-8737-43d5-a996-4f196876e473
tag:Public Health,020b5177-596e-4f1f-8525-bdaa60630385
tag:Public Health,020b7900-d42f-4b20-8fe9-5bd6d358a9e1
tag:Public Health,020bb3f1-bab4-45ce-9f4a-ae1610e3170e
tag:Public Health,020c4439-3b6f-4383-8e20-f7669260ae35
tag:Public Health,020d36dc-4746-4050-9548-e39094b8a7e4
tag:Public Health,020d3790-c6aa-485a-a75b-4c4e454f72ed
tag:Public Health,020d5ce6-71c8-4a5d-9547-edeb447853f6
tag:Public Health,020d6715-165a-42ab-b50c-71423b559068
tag:Public Health,020dadee-c203-4ebb-847f-e61b712e40ca
tag:Public Health,020de080-c33e-4462-8475-d442ae2460ee
tag:Public Health,020e256d-3ce0-4332-8aae-40f4c658e031
tag:Public Health,020e30c8-ef19-4004-8a8a-64866e231d56
tag:Public Health,020e5331-efcb-4e03-9adc-2ce2af68a259
tag:Public Health,020e660a-b4e1-4d7d-ad94-70777995fd39
tag:Public Health,020f28ea-d199-4641-a642-b4031f8620c9
tag:Public Health,020fb26d-2694-4d12-9948-b07bd1152872
tag:Public Health,020fff45-3baf-4139-8f36-01b3b4126ea8
tag:Public Health,0210f277-6867-4ee3-9ad1-410e2630436f
tag:Public Health,02111ba8-0193-4542-93d6-05a0fa640443
tag:Public Health,02119910-01a4-4260-90ad-be1f99ae7ca2
tag:Public Health,02119a0a-2d9e-47d5-afb8-fdcfea3159b2
tag:Public Health,0211c062-8d81-4e21-8725-7021d9aa64cf
tag:Public Health,0211cdd1-fef0-4ac6-9ce3-dd35d2e82c31
tag:Public Health,0212691e-3a6d-4c67-88eb-d91989656630
tag:Public Health,02126946-cc88-4249-9697-64d5a337ee76
tag:Public Health,02127575-d02e-4ad5-9efb-229a696dcc2d
tag:Public Health,02137c64-f838-4260-9277-52c727e32000
tag:Public Health,0213b1e2-9ca7-42f1-ab09-0bc9b8375dad
tag:Public Health,0213bf92-3566-431c-b998-66019c9b3932
tag:Public Health,0213db36-ee45-424d-8194-dd921a59906c
tag:Public Health,0213e60e-6433-4162-b6df-32386290b283
tag:Public Health,021490d0-b2cf-4229-b9fe-4c11caa9e8c4
tag:Public Health,0214e0d8-c324-448e-aa4b-6e95a0364cb9
tag:Public Health,02150044-704e-404a-877f-2ba87637241d
tag:Public Health,02150caf-6350-4b46-ae77-78959f4b72a1
tag:Public Health,021511dc-22f1-4bbd-aba4-6a71c0cdd295
tag:Public Health,02152cd9-73a5-4600-9eca-50c1d3c88054
tag:Public Health,0215f23d-8fde-4d72-9402-fa47a0863578
tag:Public Health,021670a3-03e7-41c8-afcc-12121b23d005
tag:Public Health,0216c528-3b7a-4b87-92c9-ebf5cf5887df
tag:Public Health,02176fb5-9f3b-49ec-87ef-a5c455984430
tag:Public Health,0217b4d2-ef7a-41d3-96b4-cc0d0b285004
tag:Public Health,0217ba37-48c1-4245-b69a-5d2d8ce36aa5
tag:Public Health,02180281-c394-4626-ae94-cf73c0f8f1d2
tag:Public Health,02184abe-bf72-4997-8789-a2f114a2e64e
tag:Public Health,02188c9b-8f8c-405a-b5f8-222b5f4d4cba
tag:Public Health,0218b241-b90e-4c34-a787-0793ac4e05b9
tag:Public Health,0218e8bc-000c-4db0-aa00-257f2ff1d98c
tag:Public Health,021a30cc-b327-482d-a2c8-a1e1f211c6da
tag:Public Health,021a42ae-710e-4b91-ac2f-9f94a336ee7f
tag:Public Health,021a67de-5429-43d8-a8ca-71811333433e
tag:Public Health,021a7d48-da6b-4e07-8232-a3c375b29acb
tag:Public Health,021ade1c-c6ce-4ed4-a54e-ee90f76975fd
tag:Public Health,021b6165-6aec-4725-a009-fdb2b4f9575c
tag:Public Health,021bc1ac-2f5e-4bac-9312-5f2504069489
tag:Public Health,021be5b7-3881-4bf5-87c2-1a50cff99edb
tag:Public Health,021bf256-4a7c-47e2-ad03-36d53cd93919
tag:Public Health,021bf781-5add-419c-bf76-1743356cf565
tag:Public Health,021c4f6a-c11d-462a-8905-f642aa613e31
tag:Public Health,021cfcb8-b3f4-4347-93c7-563061ae77d2
tag:Public Health,021d99c6-ba95-4bd6-ad27-661a65c052ec
tag:Public Health,021de63d-72e4-4ec9-ab83-b604850f7c5f
tag:Public Health,021e4987-75c8-4abb-b2ad-b4c16f614420
tag:Public Health,021e5f51-2c03-4909-901e-275c620e200c
tag:Public Health,021ee148-db02-42fd-9013-78c72a105d8b
tag:Public Health,021f067e-00d9-428f-a76f-5ec36f6a6e73
tag:Public Health,021ffb4d-1d37-49f2-ba84-aeb48974fe36
tag:Public Health,02201803-24e2-4108-be61-fdab955cfd3d
tag:Public Health,022089d6-31a2-4091-bade-4448e70f44be
tag:Public Health,0220a7fe-78b3-4db8-bc2e-79555be138bc
tag:Public Health,0220c024-fab7-4e94-844c-a5a134aa540a
tag:Public Health,02211ab0-6228-4c9a-a96c-580724826ace
tag:Public Health,02221420-d89b-44fc-8f37-372d2775f581
tag:Public Health,02221664-74fe-45bf-93b8-6f4c6e929341
tag:Public Health,02225440-3005-4303-a84c-7dcbee619708
tag:Public Health,0222552f-9b9d-4de3-98b5-b1f4cc6a8a69
tag:Public Health,0222d8dd-2566-4176-bf75-155fcdbf1ab1
tag:Public Health,0222f2cf-3532-44e3-9232-8c58e68a56a5
tag:Public Health,02234d65-22a2-4d2f-a3a0-345c47e62671
tag:Public Health,02236b6e-d5a3-4910-975e-3ad17bb28128
tag:Public Health,0223d83d-d49b-4a2a-84f4-0f4afd4d1e57
tag:Public Health,02242421-b7ae-4b78-9e1c-9a4f97fd46b4
tag:Public Health,0224d112-1146-4ed8-840d-2e716ff86183
tag:Public Health,0225b943-e6be-404e-b22c-14523303eb1d
tag:Public Health,0225d5c9-226e-4013-9a5a-36b64c5c6fd7
tag:Public Health,02264ea1-17b8-46ce-ae5c-2a3df88da3f2
tag:Public Health,0226d52c-1554-4b2a-9e35-754a339b692e
tag:Public Health,0226e6ab-8b2f-40a2-857f-e87863d1285c
tag:Public Health,02278164-148a-4bbe-b86b-b7c17ec7f5f0
tag:Public Health,02283d57-28f8-4d29-89be-e2fed015e658
tag:Public Health,022848de-d4a5-40d9-8f98-4c7373e9bb88
tag:Public Health,02288463-1e88-4f7b-aed4-6729cca8309d
tag:Public Health,0228a3e2-6b84-4a15-8661-e43da10f037e
tag:Public Health,0228a7a6-2ead-4b73-9c2c-6c3dd35fa9b0
tag:Public Health,0228bf72-5660-4e48-b912-f4017a2ecd0d
tag:Public Health,0228c57c-de8f-487c-b652-4f9a29231202
tag:Public Health,0228c7a5-a2ad-4b69-8d60-56af73c01cd5
tag:Public Health,0228f238-b97b-4fc0-a4e3-12a248410862
tag:Public Health,0229c070-8e2e-4649-b878-ae7442c0ba83
tag:Public Health,022a6baf-e33c-48b4-b923-19c6ec3e8b41
tag:Public Health,022a9d18-f98b-4a2e-9bb5-85e7a964d143
tag:Public Health,022b205a-dd43-40e7-9b0e-e1e3b7702468
tag:Public Health,022b5cb6-f86c-43b7-be94-d4b5078c718d
tag:Public Health,022bde76-82dd-4069-89d1-400585e654b6
tag:Public Health,022be8a1-46b5-41f8-a5af-71bdc85dcc0e
tag:Public Health,022c58ef-337d-470f-a1be-cf5174bbbf34
tag:Public Health,022cdd9e-0450-4218-908f-5f67ac5b8774
tag:Public Health,022ce940-7011-402d-aff2-7ffc8974fece
tag:Public Health,022d280a-2073-4d99-99f2-430bb327b692
tag:Public Health,022d75fc-4ddb-43fc-8d4b-bd69ca7865cb
tag:Public Health,022da58d-6197-4da9-a324-48799a216110
tag:Public Health,022de92b-e332-4a2d-a947-837c49ab4d34
tag:Public Health,022e3aba-866c-4822-bc54-29f17609f968
tag:Public Health,022e7027-5346-4b0a-a933-a467663f7bdc
tag:Public Health,022ebd73-c0c4-4824-8e7a-67808176bb7e
tag:Public Health,022eca72-2312-4dcb-bf2a-e037adac4349
tag:Public Health,022ed86b-1495-4e75-9eb2-146a0e187d83
tag:Public Health,022f3190-8ca8-4503-8448-6c8233e586b7
tag:Public Health,022fa1cd-6430-4e02-a8c4-800f9d1ae12d
tag:Public Health,022ff95e-199e-4f0e-b541-126f70f98054
tag:Public Health,023005ce-04b4-40f1-9e23-4827e57f80ca
tag:Public Health,0230237f-0796-4418-bf49-d83c698cfb6a
tag:Public Health,023023fd-982d-46ca-a6e7-cb6975e4ff3e
tag:Public Health,0230d879-2ed3-4d4e-b879-203ee2df38d8
tag:Public Health,0230fb5b-2c91-479d-9bdf-d74ee9de0cd4
tag:Public Health,023132a2-5729-4b0f-a079-ca5347a968c5
tag:Public Health,02314279-4615-475a-b47a-bc40964424b1
tag:Public Health,02316a04-c7f6-427b-96fd-d76936b81707
tag:Public Health,0231ab4c-ba4d-43da-96a4-50346fccb825
tag:Public Health,0231af23-82b2-4354-a313-b702f14e53d3
tag:Public Health,0231fa1e-bf48-4418-9ac0-e5a256ab33ef
tag:Public Health,02337923-f9b0-465d-a532-7baa242b0f26
tag:Public Health,0233e638-d5d8-4d18-82b9-60300101e68d
tag:Public Health,0233ee1e-53ca-4b41-b2f0-f9499763c581
tag:Public Health,0234d008-d3e3-4ebf-bd1c-7f7a3c6ab928
tag:Public Health,0234d282-4d8f-4a59-a856-3535740c472a
tag:Public Health,02350339-86c2-41b1-98fb-a06c1ef8aa66
tag:Public Health,02355c52-fc3b-4688-a363-e070b44b75c9
tag:Public Health,02357606-9afa-4373-b2eb-f7b94dd96311
tag:Public Health,02359684-e3cc-4234-b917-5103b3d0db11
tag:Public Health,0235f7b9-8d65-4fd0-9ab5-2d29e5e5bc0c
tag:Public Health,02360196-b266-4129-8375-1e4aeed22289
tag:Public Health,02367ab9-384c-4d28-8a77-a479ed913052
tag:Public Health,0236ff74-48d4-4291-9503-2f1a5fc590cb
tag:Public Health,02375864-7571-42c9-bda7-d884d59a981f
tag:Public Health,02376c35-6dfe-4657-9a2e-21901b514991
tag:Public Health,0237bf2d-c83e-4a25-9ad5-1cdf08b44f2c
tag:Public Health,0237c3e5-8ed4-40d4-bb8b-cfaea6220b75
tag:Public Health,0237d2d0-29ef-41d8-bc83-7e5f87659d1d
tag:Public Health,023817ad-8dcb-400e-b8bf-c08cd47ede8c
tag:Public Health,02382b9d-9ff7-4c8e-981a-6e5691246a1e
tag:Public Health,02385a70-49b4-4337-99c4-3318a0b1b795
tag:Public Health,02389364-78d4-4d67-8f55-6197759cf5d6
tag:Public Health,02389c34-f828-4c56-b6bb-a6df698a16c7
tag:Public Health,023970bd-5998-4576-bdf0-fcb17d28b76e
tag:Public Health,023999ad-d4d0-4e42-815c-35a254233e43
tag:Public Health,0239c9fe-473b-4f59-a90d-91a3786661d6
tag:Public Health,0239e0e2-b306-4e11-a9ef-cb795d89f71c
tag:Public Health,023b3e0c-22c4-46f4-b9f0-4e1dc5618b63
tag:Public Health,023c6f29-dddb-46b2-b524-c1e92a271cdb
tag:Public Health,023cf94c-5028-40d8-8aed-cf5dc41d270f
tag:Public Health,023d7d7c-fc03-41a1-9bd2-3aabcefa90ed
tag:Public Health,023da139-9019-47f3-9f37-f6667745c180
tag:Public Health,023de4df-b325-4ad5-8cbb-fad29fc0bbfe
tag:Public Health,023e6120-6bde-4747-83ce-df66519b6b47
tag:Public Health,023fa981-ddac-4864-b338-7606848c9891
tag:Public Health,023fbe3a-fb70-4f75-8539-267f30fb04c1
tag:Public Health,024164ff-8f6f-48fb-ac57-150a89ffb4aa
tag:Public Health,02419d17-63d7-4306-a036-7cb503c42d7d
tag:Public Health,02421309-fe65-4165-84ae-051a663f8ac6
tag:Public Health,02423b57-6a9b-481f-9633-becc2400a910
tag:Public Health,0242bb62-0365-4abb-922d-68e3bbd3fd6d
tag:Public Health,0242f207-91f1-4530-a108-cf80cfa1ce28
tag:Public Health,02435b3d-907c-43f7-941a-b9ec5e9f3777
tag:Public Health,02436c5a-6fed-43c0-a7f4-41d87d018284
tag:Public Health,0243bb83-777a-45e1-a6f5-5020ca88da19
tag:Public Health,0244724c-6e80-4837-952b-298088df4ae6
tag:Public Health,0244d4f2-b995-4c8e-9001-54aec4cc0697
tag:Public Health,0244f926-e5dd-47b4-9656-5ac1453a4b4d
tag:Public Health,024698b8-4889-4c0b-ac1d-217110136eff
tag:Public Health,02472d27-95c4-497b-b96a-84852331436d
tag:Public Health,02472e6e-4b2c-4640-9c8e-0f2c51ef339d
tag:Public Health,02473a6e-e7a6-45e7-8f64-0af801a04258
tag:Public Health,02477133-2252-4ded-a4d1-ffc59da64303
tag:Public Health,02477c18-8c1e-4c72-9758-b6925513e800
tag:Public Health,024797d4-8a9c-473b-a5d3-00a735429505
tag:Public Health,02482c77-6746-44ad-880b-3846976ada5a
tag:Public Health,0249035e-9970-4de1-854e-5966ca76a1da
tag:Public Health,024961ba-c308-4662-be57-d15b9b97ba13
tag:Public Health,024a3328-f43a-478a-b23d-7e29f6060435
tag:Public Health,024a437e-b7d4-4db8-b287-f6a580e5abe4
tag:Public Health,024a6a67-4415-414e-b9a2-41d693f3efbd
tag:Public Health,024b39be-eb50-4b61-afc4-78a8b296d4ad
tag:Public Health,024b4bff-7454-4050-a10c-2dbfa44dfa88
tag:Public Health,024b5ff6-f13c-4774-a14b-89ad93147d09
tag:Public Health,024bd0e4-1df9-4804-bcde-c4f7c2c135b8
tag:Public Health,024c198d-a5ad-43bf-8b1c-884844975f76
tag:Public Health,024c2378-a628-489c-a8e2-ae72d6b0a5d5
tag:Public Health,024cd15c-53da-4de6-ad3e-420bb8322926
tag:Public Health,024ce2ae-7f83-41ab-b4ed-d70c9d9f62dc
tag:Public Health,024d8f93-cd9e-4c78-9e8b-5682c64ff048
tag:Public Health,024da435-4842-467f-b1ab-a9ef96f00a8e
tag:Public Health,024e1067-1859-48cb-a555-cee3bd357a7e
tag:Public Health,024e2b4c-30f2-4528-843f-24ce61dc9103
tag:Public Health,024e4268-2cf2-4cf9-999e-a09450574547
tag:Public Health,024ec719-ef87-4361-95ba-07cbade69bea
tag:Public Health,024f5ce8-e1e2-4d76-b43a-a39070c5cbe1
tag:Public Health,02505ca1-b4a8-4936-ae7b-81a3d9b42444
tag:Public Health,0250b05e-87f2-4341-bf6c-1d9e9dcda953
tag:Public Health,02511747-60eb-4dc4-a8de-77838e51cc7d
tag:Public Health,02517bfb-cf9d-443d-9f9c-1c08e421a928
tag:Public Health,02519dd2-a5b6-4947-bf96-eab82ffe6748
tag:Public Health,02527a92-668c-4e2f-a50d-3ac699d7192e
tag:Public Health,02527dba-e31e-41de-a265-ab762d5186c7
tag:Public Health,02529794-312e-43a0-8699-757e8c7705c3
tag:Public Health,02533420-7c69-477b-b998-2be1d670ea88
tag:Public Health,02535706-2843-401d-bcfb-2811fac4fff5
tag:Public Health,0253adb0-e476-437c-8cd8-938861a85de0
tag:Public Health,0254cf81-f2fd-40f1-8024-732c6c0c53e3
tag:Public Health,0254fbc8-e439-42b3-b1f4-ebd0aadd5015
tag:Public Health,025509c5-1775-499c-adee-10dfaa9cf22e
tag:Public Health,02554997-d718-4ec8-b5f2-7b2c538e122c
tag:Public Health,02567127-cd54-4148-97cd-7ce2bec4c8c5
tag:Public Health,025699bf-8839-4e50-a03c-68f05563a487
tag:Public Health,02574c02-b64b-4351-82be-a9691e8c5c7e
tag:Public Health,025785b0-bb87-4beb-955f-366da61de0b8
tag:Public Health,0258970a-1abd-49c3-a311-7c19c08a2e93
tag:Public Health,02592305-0f53-4510-9cc6-d8b22efc313e
tag:Public Health,025950ef-76f8-4983-89da-930f60b70b06
tag:Public Health,025951e8-280b-4925-93e9-d174c48b7825
tag:Public Health,02595e7b-bd06-45e6-bbc4-e1a27987ef8a
tag:Public Health,0259c9f4-b021-4653-b644-5174ebb78fdc
tag:Public Health,0259d856-6886-4e1d-a651-2fe849bec1e4
tag:Public Health,025a70b1-4a90-4a1b-b829-ae6e155cfc28
tag:Public Health,025aca2f-8307-407d-8160-b1bc261fc26e
tag:Public Health,025add4b-8f86-4a59-9c7e-7c99c5f39d55
tag:Public Health,025bb213-d4e9-4409-9ba3-759ae1a3547e
tag:Public Health,025d702a-675f-48be-8564-d46ced81058d
tag:Public Health,025dae1e-2820-4784-b2de-7042b2ad7e8e
tag:Public Health,025dfa1d-f0f8-473e-9379-8402388b5e48
tag:Public Health,025e5fcf-456e-4ae4-a09d-0783015559b0
tag:Public Health,025e7849-6366-4919-9682-b0b9f5165e5a
tag:Public Health,025e8bc5-1d0a-4e1d-bcae-f67c009f958a
tag:Public Health,025ea082-8a6b-4276-b355-62bcfa850ddd
tag:Public Health,025f1fe8-842c-4de7-bf86-5fffd8dc4336
tag:Public Health,025f7d04-079f-41ef-901c-bffc572a5b86
tag:Public Health,02606943-8eff-497e-899f-61b72e21ca53
tag:Public Health,0260af7d-34fb-4207-9c78-6ee1621a3cf1
tag:Public Health,0260c6eb-749b-46e1-af54-4c9b7d4c49fc
tag:Public Health,026143a7-da46-4f16-8e09-54bec9f28e0d
tag:Public Health,02621bfe-89a9-469e-8084-519fbba0ce89
tag:Public Health,0262c1a6-0c46-4eab-b554-3a0aab8a918e
tag:Public Health,02632757-7374-40ac-a46b-ca49bc869a4d
tag:Public Health,02639c63-bb34-4480-9ba0-d3a1ced70301
tag:Public Health,0263a4cc-32e2-475c-9358-871027e95845
tag:Public Health,0265957a-6082-47d8-8e46-6b55ba12637f
tag:Public Health,02659d49-9bdc-4d07-b7d6-80cf1cdfa7d7
tag:Public Health,0265b037-161b-4bea-8c6b-d499b98ac3f6
tag:Public Health,0265ca1e-cc0c-49a7-b007-4fbc7293708e
tag:Public Health,0266390f-c4e4-496f-9de9-a0b319f7ce0b
tag:Public Health,0267810a-b2c4-41a8-9c00-0a31b4478279
tag:Public Health,0267a2da-5eaf-4951-a29e-d8b4de79ac8a
tag:Public Health,026817b8-a9e0-481d-ae00-90ef5890aa2a
tag:Public Health,0268c8ac-c294-4550-a06e-5d082dc5d694
tag:Public Health,026966cd-50bd-432e-8093-4a6c53e96c21
tag:Public Health,026a016a-c232-43b8-be1f-c49b8a053510
tag:Public Health,026ad895-ae9f-4ec7-92d2-54214538d6a3
tag:Public Health,026b32dd-c8a9-492a-8b8e-fa0340f8c697
tag:Public Health,026b9340-2a2f-4c63-86b8-73f0044a80e8
tag:Public Health,026c2065-aed5-445e-af0e-c55392d99ebb
tag:Public Health,026d0ce0-dc16-4c4a-90a7-4f5c99425b49
tag:Public Health,026d2959-d806-4676-bb5a-f2a7a513f68f
tag:Public Health,026d56cb-121d-4a65-8377-ce2269673c0a
tag:Public Health,026d639c-8ba7-4939-aada-10385a66c775
tag:Public Health,026e0060-d721-4d6f-8d42-2100baee9dd3
tag:Public Health,026e1fcf-4035-4f93-96c9-cd2e4531b656
tag:Public Health,026e7f54-e360-4f0a-bfb5-5d2ddf0490c7
tag:Public Health,026ea2b9-faa3-408d-8728-b1c669c8ff54
tag:Public Health,026f257f-d3be-43b0-b5a3-0a284d558de8
tag:Public Health,026f2fd4-e6ab-464e-92bc-911e1da5e640
tag:Public Health,026f4c29-de0b-42f7-b437-578a9dc09a4c
tag:Public Health,026ff4cf-be55-453f-a9e4-b2838fa51f19
tag:Public Health,027026bf-15ed-42e8-bcc2-f54cc0929cbf
tag:Public Health,02706e35-a9e8-4b4b-a471-ea0e8d990a0c
tag:Public Health,0270d251-4edc-4048-9133-64e823b28118
tag:Public Health,0270f56e-fea3-4fc5-8bbe-a5a45b041b11
tag:Public Health,0271a3c1-fb07-45fb-af0b-bde3bd829220
tag:Public Health,027257bb-0051-433f-baa9-c75a75418bd7
tag:Public Health,0272ec8d-24da-49a5-bc14-8e3cd824116f
tag:Public Health,02739794-ee66-4601-a69a-0b5c3133d93f
tag:Public Health,0273a83c-9608-4ab7-9937-948c2650293f
tag:Public Health,0273b8d5-0371-4ea8-8a5f-37c1a1edea3a
tag:Public Health,027417bd-48ca-49d2-b72d-0b1682688a26
tag:Public Health,027434c3-0244-4724-aed3-8e089ee445f3
tag:Public Health,02747786-a141-4fc7-85d4-65760249df5a
tag:Public Health,0274875e-33e0-47ba-9f07-e30c90b44516
tag:Public Health,0274f0a6-82b0-4053-a6ff-0e1051b20232
tag:Public Health,0275ae14-b6cf-474a-9190-5f5911c79146
tag:Public Health,0276135b-3b2d-4214-8bd9-17ec590d5ebc
tag:Public Health,027664ec-05ab-4493-a77c-17157bd5752f
tag:Public Health,0276906b-8bba-4aab-b7d3-56101401582a
tag:Public Health,027694cd-6eb8-4be3-8bd4-8b3906f883c8
tag:Public Health,0276d6d6-2aef-48dc-86ec-01a1f67a26ff
tag:Public Health,0278d549-4547-4d93-891e-fd8fbc70e09b
tag:Public Health,0278f2ab-022a-460c-a670-8b354f7d3270
tag:Public Health,02790d1e-797c-4932-91bb-4268a1b2dca3
tag:Public Health,0279a558-2b4c-4666-9c5d-8fc5b6eb854f
tag:Public Health,027a6009-6684-497a-80cd-269eb4366896
tag:Public Health,027ad8ff-3622-4065-a3d9-242c4ebe9653
tag:Public Health,027adf5b-2de0-447e-904f-75146084cf6e
tag:Public Health,027b4807-bb81-4da4-946a-1267b3fbbdf9
tag:Public Health,027b6f07-71a9-478f-b40f-30f0a96fbefd
tag:Public Health,027b8f68-ee2d-4f2c-87bf-a3b37b8095e7
tag:Public Health,027bd294-0337-47fd-801f-1d48ac904507
tag:Public Health,027bd566-8b08-429d-bbe4-e06e2f42ddec
tag:Public Health,027c7cf1-0056-41ff-b34b-60e9f5dd26c4
tag:Public Health,027d04ca-b2e8-4e65-8628-622597ec3987
tag:Public Health,027d4474-3237-49e8-862f-9dd4fa4fd7db
tag:Public Health,027e36ef-c14b-45fb-839b-8c90bc053804
tag:Public Health,027ebb12-1f98-4fc6-b206-f731945a6ed5
tag:Public Health,02801856-abf8-451a-baee-6ee54051b5f1
tag:Public Health,02805607-53ef-41c2-9fa6-6b944dd1f736
tag:Public Health,028098c6-237b-4c7f-bb4c-136929fee22a
tag:Public Health,02812629-a0c5-42ff-bec7-ee7b27ff044c
tag:Public Health,028133e4-ff78-4123-bbf2-dcc3d1624084
tag:Public Health,02815e08-7269-4715-acce-15c71fbb988a
tag:Public Health,0281a35a-e95b-4926-830b-abc10fb87f22
tag:Public Health,0281e65d-0778-4530-a80e-989ddbd675fe
tag:Public Health,02827e87-30bf-45c9-b409-f8c87b3edc80
tag:Public Health,0283f5ec-3a62-41b2-a908-57b42cd16e4f
tag:Public Health,0283f63c-4475-474e-a33e-efe566e7ebb0
tag:Public Health,02846d71-0e8d-47f7-a0cb-c6349d731f1d
tag:Public Health,0284bd0e-73fd-413b-8a78-e3ff71496c3f
tag:Public Health,02853b94-829e-41cc-a55a-d62dea9a0a8e
tag:Public Health,02857d55-d5ce-405d-876e-9f62e40ce65b
tag:Public Health,0285c77a-1fc2-4a81-b5f9-2796d56bfc98
tag:Public Health,0286d8c1-ebc4-4cf8-bd9d-620142de3fdc
tag:Public Health,02888616-3645-4830-b265-0d7e7329b141
tag:Public Health,0288ad09-22e9-4698-8d66-ffe89eaea592
tag:Public Health,0288c27a-0904-46d3-93c0-3de773edd84b
tag:Public Health,02891e4c-fc48-461b-9a8c-e9181095b4c5
tag:Public Health,02896230-2682-4b80-a89c-baf24a30e6e7
tag:Public Health,02896e31-9624-45c3-8a23-e0340815d62d
tag:Public Health,02899ee9-c6d8-4aa8-aea5-1ba6762c293e
tag:Public Health,0289f9a2-4b77-49bb-999b-00f01396efed
tag:Public Health,028a1a20-2c2f-4db1-af3c-e6e23ba433d6
tag:Public Health,028ad31f-2ca2-4794-8978-6d5a0c5365e2
tag:Public Health,028bd934-db83-4fd7-ab0d-517a234741fe
tag:Public Health,028c59aa-d09a-40c0-b107-9d7745dd5f23
tag:Public Health,028d2211-d55a-4906-a2ae-3264f60ada08
tag:Public Health,028d8a6c-7703-43fe-a031-99db3885e501
tag:Public Health,028df1da-885e-41a6-928a-352e9999468b
tag:Public Health,028e70c8-c51e-42dd-b3c2-8e040be1831d
tag:Public Health,028e936d-a854-447a-9049-2e0912c75093
tag:Public Health,028f0c35-be9a-4c3a-a947-86c69123b44a
tag:Public Health,028f3364-72aa-40e8-9c67-28f9d3142800
tag:Public Health,028f3f93-e1fc-4671-9b62-422bbbc3fa78
tag:Public Health,028f44f0-5792-4b32-b8fa-468c3823d93a
tag:Public Health,028fc94e-62a7-4448-b873-2e935060aefc
tag:Public Health,028fd2e7-5d50-410e-9a8a-cbf32b5c1a6a
tag:Public Health,02907ba4-333a-44e8-bc63-743bbb423191
tag:Public Health,02907e20-e7ba-4c8b-af2a-797b5503f152
tag:Public Health,0290abaf-e075-4458-8c34-fe53421040ce
tag:Public Health,0291038d-0834-4e9e-b064-13a88377f00c
tag:Public Health,02910d73-e6c4-4329-9b77-0b11c7eb7c7b
tag:Public Health,02917e3b-80aa-441c-906a-aa19a25eb6fa
tag:Public Health,0291d16c-a9d3-4e91-94fe-ce15cc899779
tag:Public Health,02927eca-842c-4c96-9bd5-e86829c8b022
tag:Public Health,029354f8-1043-48d5-a52a-1a5df87f4973
tag:Public Health,0293863d-d023-4163-a229-9400b7e7bef9
tag:Public Health,029396f0-ec04-42ab-a570-847829667987
tag:Public Health,0295c08f-0086-4de8-8590-184d24ee48c9
tag:Public Health,02966a99-be2a-414b-9563-79af7ced39a2
tag:Public Health,0296762a-a25e-4c34-b483-f2cc38fecfea
tag:Public Health,0296cafd-d3a2-415d-a23c-4fafe961d96f
tag:Public Health,0296de33-1cd3-448c-9cd7-ef114bf9e815
tag:Public Health,02979ae5-fcd3-450b-a173-767892398458
tag:Public Health,0297d143-5c80-490e-95ae-ae62c38d38c5
tag:Public Health,02983cc0-74bb-43a4-9267-ab013db0b88e
tag:Public Health,02993d75-e644-412d-a8f4-914a8a62943f
tag:Public Health,02998f49-f6b0-4e97-b2e4-c878ceceb908
tag:Public Health,029a3e63-70b4-40e9-8314-5495274365d3
tag:Public Health,029aaeb8-bb22-4e86-bb33-ded47e319a4d
tag:Public Health,029acb08-0560-45a8-abea-72349ea62802
tag:Public Health,029afb49-ee73-4ba0-b41d-5d64caca4be7
tag:Public Health,029b0897-59cd-4a4f-9718-f90ee82c48f5
tag:Public Health,029b0cad-170a-4a35-a376-5cbce987d018
tag:Public Health,029b8d5c-e124-4c8c-8e1a-78a474af0bf8
tag:Public Health,029c62d3-4381-4af2-959d-86fe1daf20fd
tag:Public Health,029c6ec0-599d-45f3-a29f-8783e9d15d9c
tag:Public Health,029d04a8-726a-4776-bce0-0f6df864b609
tag:Public Health,029d7ebc-b993-43d5-94b3-70e6a487da9c
tag:Public Health,029e3384-ffe4-4bc4-b96a-d425b32e4230
tag:Public Health,029e6731-6ddc-4004-824c-39f6e315bc64
tag:Public Health,029e6b03-0237-410d-8322-c4cd64f7006b
tag:Public Health,029f528b-cb2c-4152-9ca7-64e1477ad378
tag:Public Health,02a122d1-1f49-4830-8215-1d39f54614a7
tag:Public Health,02a241c2-eb9a-48ac-904f-e67ca30b5e9c
tag:Public Health,02a31b17-81ce-4149-9789-87c476087b11
tag:Public Health,02a3636c-26c7-4e32-b2a6-fdb1ce0dfde5
tag:Public Health,02a456bd-4bfd-40b7-bfa5-d17d1d77f92c
tag:Public Health,02a467bf-fdeb-4fa4-990b-c35bdd243e67
tag:Public Health,02a4de1d-e603-463b-adae-6bead27e1383
tag:Public Health,02a557fe-b6bf-4de6-ad0c-ecf6eb448ee0
tag:Public Health,02a61cd7-f707-4a00-9afc-a1688cd12495
tag:Public Health,02a68441-7ad1-4968-9e8e-4b96994b8de5
tag:Public Health,02a6d457-986a-4c7c-a4dd-a9414b483de2
tag:Public Health,02a7653b-07da-4af9-8287-3249cafb9220
tag:Public Health,02a86d9c-9b64-4162-86ce-8d227d3d79c2
tag:Public Health,02a88e65-d935-42a1-ad7f-f6aecb86ed64
tag:Public Health,02a98938-1e79-4aa3-b2eb-0f2fc601afff
tag:Public Health,02a9c62a-77e9-4ba3-95ae-d91367f43e25
tag:Public Health,02aac370-ad16-4e4c-a355-0c1cd397d8bd
tag:Public Health,02ab5d4a-d48e-47e1-9ca1-63822a6f1a7a
tag:Public Health,02abb5d7-3fd4-40f5-b7d5-928910e4051c
tag:Public Health,02abca77-8e57-4ca7-8fb8-d72829ed7d47
tag:Public Health,02ac9cde-8254-4eea-8bca-4f5735093e53
tag:Public Health,02acd722-54fd-4dea-864c-eca917c6e161
tag:Public Health,02ae7fc7-9c0b-4fc8-bce7-c58b692d50aa
tag:Public Health,02af889a-c0ec-445a-93d9-fa33e6d92d22
tag:Public Health,02afd2e6-a4fa-4616-8b87-6bd37c826965
tag:Public Health,02b02abd-ea42-417d-89f2-beab0c52458b
tag:Public Health,02b06119-f2ad-4e9d-8c94-ed9ab80c950a
tag:Public Health,02b0b520-fbbf-4cf3-b77e-e454221f0b08
tag:Public Health,02b18f4a-2d89-4086-ab01-86ee3257f775
tag:Public Health,02b1bb8d-d784-486f-88b4-6a014be9274d
tag:Public Health,02b21907-f77e-418c-9735-4c6636bc9531
tag:Public Health,02b267e5-1654-4721-bdd1-61fff068a9b2
tag:Public Health,02b2aae6-f1a6-44b5-8ae8-bb86e9a6649a
tag:Public Health,02b3241b-d074-410c-9a16-d62cea101abc
tag:Public Health,02b354f9-4466-4db9-8eb0-86b975310bc5
tag:Public Health,02b3993c-db76-46db-bee8-c1d07281da44
tag:Public Health,02b3d4c7-a669-4fc4-81bd-040bf83befb6
tag:Public Health,02b4b89a-eaee-43cb-a706-850a8f984607
tag:Public Health,02b5260c-49b4-481b-b9b7-e0c82053e4ef
tag:Public Health,02b55361-fba8-415c-88ce-a80098deb933
tag:Public Health,02b5b42d-c61a-4e85-b419-8b52f0e8f6cc
tag:Public Health,02b64f75-56a3-481c-9edf-7f9aad06f7cd
tag:Public Health,02b695d3-7f91-4866-9d2b-4421b00927e9
tag:Public Health,02b6b378-e9c7-404d-a1ee-0c8ff6a97ea5
tag:Public Health,02b702cb-3021-462b-ab17-5b61b726dfc4
tag:Public Health,02b7a5b7-026f-46a2-88a6-40f4ea9cb526
tag:Public Health,02b7f2e7-4e05-4aef-9000-3bf1d0008ab2
tag:Public Health,02b8c2d9-0a1f-4dbd-866e-5114735f1ffb
tag:Public Health,02b8d5cc-39ad-4688-8c4f-419cb5869144
tag:Public Health,02b8f54d-7f0a-4dfe-aab8-329fe907de4a
tag:Public Health,02b92cca-5515-43b2-8690-e28205aaebb6
tag:Public Health,02ba0e21-8413-476e-9fa8-d6b3072a93fe
tag:Public Health,02ba1bbb-a34b-4da9-bf8e-9e94956f18f2
tag:Public Health,02bba242-d19f-45be-8c30-e95116a50de3
tag:Public Health,02bc1718-5b30-4e48-b97f-f8c8432fdd21
tag:Public Health,02bc2282-f213-441c-bba6-f7999a64b285
tag:Public Health,02bc4af7-3e8a-4375-9051-feeb81159ee9
tag:Public Health,02bcb587-ffb1-4fed-a51c-8cedcb963bc5
tag:Public Health,02bd68c6-0f34-4d77-a5cb-d7eab6ad9388
tag:Public Health,02bda7f5-50b3-4bab-b30a-25cfb8c4a097
tag:Public Health,02be8124-9822-4298-aa7b-daf48977042b
tag:Public Health,02be843d-8f50-4576-81e7-8aa68a1cb5cd
tag:Public Health,02bebdce-44d0-44c1-8739-491c550f2b96
tag:Public Health,02becb79-c52b-4c47-a92b-a6f7245ebfd7
tag:Public Health,02bef823-24a9-4252-99a0-f35dc73cc6b6
tag:Public Health,02bf26cf-748e-4265-9f8e-31c286939be6
tag:Public Health,02bf2929-45fa-4e07-a799-d7be4292f798
tag:Public Health,02bfda6f-e63c-40e3-b9a2-443a87aa8c9a
tag:Public Health,02bffb73-4246-4072-9ac4-33e59051feed
tag:Public Health,02c007de-e647-44ae-8012-e85a024d5c40
tag:Public Health,02c0a1cc-ece8-4887-ae21-9930ce05a266
tag:Public Health,02c179e9-640f-4d4a-8fc4-be1189bfc9b1
tag:Public Health,02c1b8b4-7c0e-4620-bfce-e5bec90ba6fc
tag:Public Health,02c1e3a9-561a-45d4-86c4-f94b9e44176f
tag:Public Health,02c20931-087d-4b58-b972-8932c880c6e7
tag:Public Health,02c31e5c-34f3-4ba0-b070-002eaf76608a
tag:Public Health,02c334cd-6520-4d83-8d92-d626c3cf74b3
tag:Public Health,02c37e99-b5e3-42bc-a2cc-f7d9d5a4c79f
tag:Public Health,02c39cb1-18c7-4b95-8feb-639e8724a23d
tag:Public Health,02c446c2-2f78-4ebf-9146-428951496978
tag:Public Health,02c5776b-d620-46f7-b1b2-329e55226841
tag:Public Health,02c6c31e-6f07-4ddf-ab72-7643770d2e04
tag:Public Health,02c78e98-25ac-4fe3-bc91-058a486b3a19
tag:Public Health,02c7c104-39da-43da-bdb1-b3214400f14b
tag:Public Health,02c7c1bb-21a5-4004-a3bb-d579e997b1d9
tag:Public Health,02c7c211-9b54-40fa-bc2d-6990733aed0b
tag:Public Health,02c7d923-c8ad-4959-b6b5-ecb36e5e314a
tag:Public Health,02c84c37-ed1b-49a0-9be0-d6fa4e23db07
tag:Public Health,02c87d65-6717-47f0-a651-2cebf4cdc10c
tag:Public Health,02c8b5ec-615d-44a2-9feb-5a5d08b41945
tag:Public Health,02ca53cf-3580-4c57-8014-f15f4763f92f
tag:Public Health,02ca6d05-dfd5-47fb-86d6-e4ea21ab1885
tag:Public Health,02cab627-6edd-4451-afde-c1ec90dba6bf
tag:Public Health,02cae4df-9ca8-4ec1-bed2-b7b2dd5ce6a9
tag:Public Health,02cbbe61-4560-4789-bf69-e9d80ccbf8e7
tag:Public Health,02cbd9d8-141c-4402-9fe7-39db1ce27e21
tag:Public Health,02cbfad0-83bb-4c6b-92ae-79af870d1d5b
tag:Public Health,02cc36dc-4661-495e-8e8e-6ce977c50321
tag:Public Health,02cced68-5831-4036-9d2c-badbccab2f4e
tag:Public Health,02cd5d00-0926-404b-9207-57b8a523de2f
tag:Public Health,02cd5f33-ac7a-48b4-841e-cf0ee5891e7a
tag:Public Health,02cd7b47-7607-4866-aa8d-72aacb0f140f
tag:Public Health,02cdd693-1de3-4817-a220-940ac4662d52
tag:Public Health,02ce8be7-9416-42b8-a1b0-76b17e4f5237
tag:Public Health,02cebd97-e8d2-4fd0-9980-9868126d4ea4
tag:Public Health,02cedc53-7083-494a-8e98-fde730b9f92f
tag:Public Health,02cef626-5de6-4084-9338-0974cd003323
tag:Public Health,02cf0228-da44-4140-a334-4815caf1d10f
tag:Public Health,02cfa79a-8b09-4da4-bb71-577eee5c220c
tag:Public Health,02d02acb-4de3-4e91-a52a-edcc2b669aa2
tag:Public Health,02d04fe8-ef95-4277-8e10-c5ce74c7ac28
tag:Public Health,02d06c4a-86a1-4740-91bd-307a7b841eab
tag:Public Health,02d19c4e-3033-44b2-b226-03bd50a299c8
tag:Public Health,02d23dfa-e606-4531-9f92-4cafa27f9eb2
tag:Public Health,02d2acdb-15d6-4567-ba3d-c4989f947370
tag:Public Health,02d34632-f110-4e1a-ab97-c1ef74d8e00e
tag:Public Health,02d36a6a-7280-4f47-91ef-b2ab04649917
tag:Public Health,02d3caab-880d-4c44-8203-dbcdc6ea441b
tag:Public Health,02d3cfcd-314f-43b9-9651-365db64ad03f
tag:Public Health,02d473f1-bcd2-4762-8eaa-042e943d3808
tag:Public Health,02d580f0-36a1-486f-8357-7e85db10e9c0
tag:Public Health,02d5cde9-7bfc-47c4-bdf9-5033dfa6eaf9
tag:Public Health,02d5e23a-b8d3-45d5-bea6-69991d71cf2e
tag:Public Health,02d61b0d-2b2d-4f8e-82fd-f439fb32850a
tag:Public Health,02d705b1-ab89-4af1-821e-bda880fe3a7e
tag:Public Health,02d82da1-cf16-4c7f-b770-ed329d87f3e8
tag:Public Health,02d8c05b-db5e-4d06-a67c-0feef3b8de4b
tag:Public Health,02d8cd96-a359-4658-83d9-0d97ad13625c
tag:Public Health,02d94b3c-8927-4185-a01f-1c3f78b2008b
tag:Public Health,02d961e0-72dc-4375-87f8-8b8542d1d8b3
tag:Public Health,02d9dec4-ee1c-4741-a3f1-dee6f802b20a
tag:Public Health,02da02b5-6fbb-40e4-bd0d-58e1fe841875
tag:Public Health,02da410f-943a-4f6e-8a5b-4dd165a7d848
tag:Public Health,02da6e3e-0ef1-4add-8799-3bfda73d1ad2
tag:Public Health,02db35d9-2dec-47a3-a3fa-4d28e5b7acda
tag:Public Health,02dbf36a-789b-435a-8148-10c12218bc99
tag:Public Health,02dc57d6-6865-496d-a198-719303de7b10
tag:Public Health,02dcaec3-7411-44be-8f7a-3505d4c31e75
tag:Public Health,02dcd5de-150e-4070-bb15-7ed2a0ba0a85
tag:Public Health,02dcdb2c-6e44-46f4-8767-81df9411a0d0
tag:Public Health,02dcf92a-cc6a-4a0c-8e76-18961b9daeea
tag:Public Health,02dd09ed-5852-4f3d-a702-bd7a2b6dc99e
tag:Public Health,02dd646a-df60-4bee-ad6c-4f92276bedc9
tag:Public Health,02dd8a3a-cce9-4f34-8872-65068debdc48
tag:Public Health,02ddedfa-29a1-4f74-ab6d-9317683bb6fb
tag:Public Health,02de0c8d-e578-4fd2-b205-5072d515d6ac
tag:Public Health,02de2613-4085-4868-9cd2-0e8409704861
tag:Public Health,02de55a5-1cda-467c-a426-3ff21df2853a
tag:Public Health,02de656b-e9cd-4c04-9e46-d21f8a22632c
tag:Public Health,02df21b1-e692-44a2-ba19-797d8060daf5
tag:Public Health,02df3834-dabd-45fc-bd23-a037e3f14524
tag:Public Health,02dff736-0221-4b53-8a6b-e5c958227fd6
tag:Public Health,02e03618-38c2-4024-8c53-c13fd6cd7862
tag:Public Health,02e07547-6653-43c4-a321-b0533dd9aac3
tag:Public Health,02e1221e-ed9a-44c4-8ca8-1918eeccedfb
tag:Public Health,02e14636-5de7-4ab1-b09e-cc53fad1329a
tag:Public Health,02e216f8-39a1-448f-a160-7bb0b56cf79e
tag:Public Health,02e216f9-7ed6-4e9b-b97f-9fe85f0015e2
tag:Public Health,02e2fcef-00b5-4c26-9af8-7d131a738dc5
tag:Public Health,02e304c6-51b4-4332-97b1-0937e19a5ab3
tag:Public Health,02e30e3d-0080-48e3-b7d0-a0a1e518612b
tag:Public Health,02e33341-438a-463d-900a-38597bfa3ac1
tag:Public Health,02e3990f-f9c5-47b0-b380-2c8799c3de1c
tag:Public Health,02e3c192-2ac1-4342-9f91-364dc0bf03c9
tag:Public Health,02e3d9c8-b5c3-4fcb-9c1c-ccd6036d628b
tag:Public Health,02e457eb-4bd3-485c-8d0b-18f4f5b08657
tag:Public Health,02e46d1e-8f21-47bb-9814-a0e4f49c2ac8
tag:Public Health,02e4b765-22e9-45c6-9e98-2781b8220384
tag:Public Health,02e4c6fb-3c0c-4c7e-a841-f089291f060c
tag:Public Health,02e56f5e-2d47-41c8-a21a-638761c35469
tag:Public Health,02e6c3fc-9928-4436-858c-7fd089f32263
tag:Public Health,02e6e39a-4ddc-4c0c-ad39-b1151a504470
tag:Public Health,02e740c3-8794-48f2-9147-a3e2acc84afc
tag:Public Health,02e87494-0f2b-478d-a4bb-55dd4324df56
tag:Public Health,02e88872-76a4-46ce-9bcc-7979e6ea20c4
tag:Public Health,02e89d95-d5d0-4c36-8fc0-11c6b5362021
tag:Public Health,02e8bc61-dbaf-4924-bbea-51e9c7814855
tag:Public Health,02e9da9d-c9dc-4a82-80dc-d1c196f76f96
tag:Public Health,02ea3daa-1d3e-4259-9390-ebb27b86eb4a
tag:Public Health,02ea8ef9-d045-491c-8740-2fa99c6fe6ad
tag:Public Health,02ea9b0c-a60b-4c68-b8f7-59bf61b6680d
tag:Public Health,02eaf874-d698-4dc7-b192-00741a013b30
tag:Public Health,02eb1eea-9473-4c4b-a49e-af19f1fd17e7
tag:Public Health,02eb37c3-0afc-42be-905a-b738832085bf
tag:Public Health,02eb3a6d-dda2-49ef-8524-da91b311fff3
tag:Public Health,02ebc096-cfd0-450e-b5da-d33f68f79c82
tag:Public Health,02ebd37f-f332-4879-99de-3dbb5a28e119
tag:Public Health,02ec057e-9490-4776-8bf7-59d0ef2086c6
tag:Public Health,02ec5d47-a3e9-44d2-a90c-3c00bbffc084
tag:Public Health,02ece5e7-6cd3-4e92-b463-9e282ab7dc64
tag:Public Health,02ed8c03-6363-4480-8120-a46671e53388
tag:Public Health,02ed9baf-4458-4599-9b84-086a6e36d727
tag:Public Health,02edb67b-e140-45de-862a-c1e0bbc5d3dd
tag:Public Health,02eebfc2-d1d9-4919-ad61-84b54cfb4cd0
tag:Public Health,02ef1764-7099-4ec7-b8d9-89f122d9949d
tag:Public Health,02ef8bf9-18a8-45e2-b5e4-6fe65f9f8065
tag:Public Health,02efc03b-1c20-4e00-9ed0-e551ac9e7f6c
tag:Public Health,02f04ec2-3cb0-4df3-b24c-739ffae2a43f
tag:Public Health,02f26c3e-0903-4df8-9f93-30bc0a09a207
tag:Public Health,02f2bd07-76c2-41c3-a38e-d34e088a7914
tag:Public Health,02f35d5f-dd88-4fbe-ba12-9fa634cfb393
tag:Public Health,02f45382-ceb2-454b-8d31-209b9dc5e03a
tag:Public Health,02f4cd96-490e-4edc-a716-28955a043f17
tag:Public Health,02f51fb0-71c8-4746-b9fb-5ef8341d3465
tag:Public Health,02f577ca-5a63-4b85-a31e-93b745736109
tag:Public Health,02f7e155-26d3-427c-869c-5192e095e46d
tag:Public Health,02f80bad-e8ba-43c6-9e97-88e9b3eadb05
tag:Public Health,02f9b3f2-4210-4bb6-9c72-6195f5e209cf
tag:Public Health,02f9ece1-b980-4a4f-aaa9-64a9eeb30868
tag:Public Health,02fa66a3-7c85-43d9-bcad-616dd87eae5e
tag:Public Health,02fa67ba-dfb9-4078-8a0c-c3eb8c1ce42a
tag:Public Health,02faa986-3079-4dc4-a821-534a45d68593
tag:Public Health,02fb819f-df46-4992-9330-ec78bac908f3
tag:Public Health,02fb83bd-9755-4dc8-b3f9-6595cdbe1f89
tag:Public Health,02fba3bb-30d9-455b-807d-bb39154f86eb
tag:Public Health,02fba75e-1a0e-4ea9-9f6b-d2f05e8988cb
tag:Public Health,02fbc552-7328-451e-9c1a-9852db1f83c1
tag:Public Health,02fc3108-7591-4a87-a1c1-9e202bed46b2
tag:Public Health,02fc6114-4dcf-455a-a7dd-3731cf333be5
tag:Public Health,02fca7e2-3ea8-4926-ad2b-1f533d79a45a
tag:Public Health,02fd71e1-8411-4abf-977a-cb381c202368
tag:Public Health,02fe74ea-208a-4b66-a0dc-11cc2099631e
tag:Public Health,02fe81f9-608a-470a-84c9-d145ab1ad56a
tag:Public Health,02ff9929-fdd8-4872-b179-bfb3bd90a95b
tag:Public Health,02ff9c03-e928-4440-96e9-aeac84bad7ec
tag:Public Health,02ffa3e0-3ac4-4889-bc33-6b451f8e8614
tag:Public Health,030070d6-c937-407b-9764-ec2ad62c0b99
tag:Public Health,0300e526-4b3f-476e-a442-e79f193a7133
tag:Public Health,0301897e-2360-4309-9534-f56af3d9c231
tag:Public Health,03019087-348e-4bb0-9fae-dc7340dd09a2
tag:Public Health,03021eaa-ea13-4bf8-8061-14c09b56bc3e
tag:Public Health,03021f97-a5c2-460f-965e-405eabe0b284
tag:Public Health,03022fd3-5024-465f-a519-efa3e7b96e0c
tag:Public Health,0302c459-a700-4e5a-9ab3-942cc819ac43
tag:Public Health,03032089-2111-467d-b20a-296a316d5d3e
tag:Public Health,030329a9-6a0b-41d8-9df1-4b19fcfcc161
tag:Public Health,03033c62-45c9-46ab-a67c-6a6e8aa876da
tag:Public Health,030341d3-9035-482d-9533-3ec31cea1c10
tag:Public Health,0303510c-59c2-4407-8e86-75694b4a47d3
tag:Public Health,030355c6-9a07-422b-9c6a-87d5914c6b55
tag:Public Health,03035b4d-0e18-4e62-9505-77b683e7fb8c
tag:Public Health,03038ea5-bfb4-43ce-94a4-f70b9ad16ad0
tag:Public Health,03043cc5-e5c7-47e0-91ad-5c84a3bf92d0
tag:Public Health,0304fa48-0366-4797-9f37-14f1556dc412
tag:Public Health,0305332c-ce54-4c35-a1e8-f697da0458c7
tag:Public Health,030567d6-d42b-4c5a-9b5f-a834641d7267
tag:Public Health,03056ac3-29f0-4bb0-9420-7862558913df
tag:Public Health,0305d73f-8905-41ca-a325-1cf7ac7114f7
tag:Public Health,0305d7d9-d716-4d98-a6d7-8640030e46f3
tag:Public Health,0305ea15-540b-420e-86fd-89409d6641b3
tag:Public Health,030658c0-e98a-4631-b118-6fd33aa5bf81
tag:Public Health,03068990-4b2c-4c12-b01e-c86e0eeb825a
tag:Public Health,03074198-a98a-4ba6-a337-08b21ba7424f
tag:Public Health,030744e1-bcad-4cad-b844-f68fb9ef7b6f
tag:Public Health,03075093-d487-4b23-b159-457e3c2e789a
tag:Public Health,0307d5e0-faa8-410a-ad5c-543e53481835
tag:Public Health,0307f714-c170-4e87-b594-a9274b178b42
tag:Public Health,03080e88-99bc-4a69-bede-d816a4353775
tag:Public Health,0308165a-1e07-4583-9671-fa583dafaf32
tag:Public Health,030947a5-9a0c-4498-94bf-2c029acc2c64
tag:Public Health,0309f40f-5772-4910-95b5-aa4fc8be69b6
tag:Public Health,030a6908-69cc-40b3-b604-17d83c54e655
tag:Public Health,030a6a62-fcd9-4980-a3c1-9482f933d19c
tag:Public Health,030a6dad-9b63-45ec-9d64-36329e8645ad
tag:Public Health,030ac25f-088b-41d8-ae7a-51bc922ab035
tag:Public Health,030b1f70-9d97-4249-8b87-38ce8b862dd5
tag:Public Health,030b2479-7af6-432b-9a64-5a7490bd1ffd
tag:Public Health,030bcdf6-3312-44a2-98ea-631d3c4c87fd
0073a6c4-da39-4d27-bdc1-d0af6d1a4a10,tag:World Health Leadership
0125d38c-fcb6-40ee-8712-aa6ff49737c1,tag:World Health Leadership
01861b2c-d953-4467-ab71-259997ac245e,tag:World Health Leadership
01ff7a31-c24e-4fb6-a4e2-b504096d9dd5,tag:World Health Leadership
022b5cb6-f86c-43b7-be94-d4b5078c718d,tag:World Health Leadership
022cdd9e-0450-4218-908f-5f67ac5b8774,tag:World Health Leadership
02316a04-c7f6-427b-96fd-d76936b81707,tag:World Health Leadership
024d8f93-cd9e-4c78-9e8b-5682c64ff048,tag:World Health Leadership
027bd566-8b08-429d-bbe4-e06e2f42ddec,tag:World Health Leadership
0284bd0e-73fd-413b-8a78-e3ff71496c3f,tag:World Health Leadership
02b8d5cc-39ad-4688-8c4f-419cb5869144,tag:World Health Leadership
02e216f9-7ed6-4e9b-b97f-9fe85f0015e2,tag:World Health Leadership
02542f33-1ba8-4310-9ba1-a3d8bc2179d3,tag:State Healthcare Funding
tag:State Healthcare Funding,0270f244-4943-4da6-a0bc-a11270be8c5a
tag:State Healthcare Funding,063db44e-4a22-4753-9a32-668f1a891b20
tag:State Healthcare Funding,0bd622fb-7315-4256-a587-e5abf5f544d2
tag:State Healthcare Funding,104183-77599
tag:State Healthcare Funding,105281-8349
tag:State Healthcare Funding,106206-25371
tag:State Healthcare Funding,107442-1233090
tag:State Healthcare Funding,112586-183210
tag:State Healthcare Funding,112833-563044
tag:State Healthcare Funding,112922-198735
tag:State Healthcare Funding,113471-19589
tag:State Healthcare Funding,113489-437127
tag:State Healthcare Funding,113604-100550
tag:State Healthcare Funding,113673-403625
tag:State Healthcare Funding,113673-470566
tag:State Healthcare Funding,113804-895429
tag:State Healthcare Funding,113819-26945
tag:State Healthcare Funding,113872-15472
tag:State Healthcare Funding,113941-415933
tag:State Healthcare Funding,114021-656050
tag:State Healthcare Funding,114032-201471
tag:State Healthcare Funding,114374-657156
tag:State Healthcare Funding,114498-212199
tag:State Healthcare Funding,114498-263243
tag:State Healthcare Funding,114513-34649
tag:State Healthcare Funding,114527-877656
tag:State Healthcare Funding,114536-176731
tag:State Healthcare Funding,114540-198596
tag:State Healthcare Funding,114558-622887
tag:State Healthcare Funding,114589-25312
tag:State Healthcare Funding,114589-56625
tag:State Healthcare Funding,114610-856185
tag:State Healthcare Funding,114627-1063844
tag:State Healthcare Funding,114662-532076
tag:State Healthcare Funding,114666-638443
tag:State Healthcare Funding,114667-635130
tag:State Healthcare Funding,114682-628067
tag:State Healthcare Funding,114703-369855
tag:State Healthcare Funding,114722-916155
tag:State Healthcare Funding,114722-966378
tag:State Healthcare Funding,114755-1199241
tag:State Healthcare Funding,114899-1595343
tag:State Healthcare Funding,114907-920988
tag:State Healthcare Funding,115039-55063
tag:State Healthcare Funding,115099-467018
tag:State Healthcare Funding,115135-152637
tag:State Healthcare Funding,115191-865477
tag:State Healthcare Funding,115294-807887
tag:State Healthcare Funding,115729-462519
tag:State Healthcare Funding,116086-268589
tag:State Healthcare Funding,116098-448213
tag:State Healthcare Funding,116362-577461
tag:State Healthcare Funding,116562-705540
tag:State Healthcare Funding,116813-436756
tag:State Healthcare Funding,116884-199913
tag:State Healthcare Funding,116933-217671
tag:State Healthcare Funding,116950-590418
tag:State Healthcare Funding,116998-214779
tag:State Healthcare Funding,116998-279456
tag:State Healthcare Funding,117059-170899
tag:State Healthcare Funding,117061-727699
tag:State Healthcare Funding,117243-354913
tag:State Healthcare Funding,117296-593525
tag:State Healthcare Funding,117312-367305
tag:State Healthcare Funding,117332-93434
tag:State Healthcare Funding,117484-349367
tag:State Healthcare Funding,117575-223917
tag:State Healthcare Funding,117610-477465
tag:State Healthcare Funding,117686-150745
tag:State Healthcare Funding,117751-607683
tag:State Healthcare Funding,117836-520686
tag:State Healthcare Funding,117871-246721
tag:State Healthcare Funding,117874-477668
tag:State Healthcare Funding,117904-608448
tag:State Healthcare Funding,117921-277818
tag:State Healthcare Funding,118071-40078
tag:State Healthcare Funding,118179-21099
tag:State Healthcare Funding,118213-336433
tag:State Healthcare Funding,118330-175602
tag:State Healthcare Funding,118478-79515
tag:State Healthcare Funding,118853-279305
tag:State Healthcare Funding,118952-190771
tag:State Healthcare Funding,118955-209469
tag:State Healthcare Funding,118969-7801
tag:State Healthcare Funding,119172-27469
tag:State Healthcare Funding,119438-375637
tag:State Healthcare Funding,119476-47209
tag:State Healthcare Funding,119487-266143
tag:State Healthcare Funding,119487-274665
tag:State Healthcare Funding,119827-2705022
tag:State Healthcare Funding,119839-366842
tag:State Healthcare Funding,119839-375083
tag:State Healthcare Funding,119839-383874
tag:State Healthcare Funding,119854-1546347
tag:State Healthcare Funding,119914-193419
tag:State Healthcare Funding,120097-1082823
tag:State Healthcare Funding,120162-76824
tag:State Healthcare Funding,120193-41248
tag:State Healthcare Funding,120759-15877
tag:State Healthcare Funding,120767-291699
tag:State Healthcare Funding,120767-357068
tag:State Healthcare Funding,120771-288189
tag:State Healthcare Funding,120829-41366
tag:State Healthcare Funding,120833-1342998
tag:State Healthcare Funding,120862-54269
tag:State Healthcare Funding,121175-1578360
tag:State Healthcare Funding,121366-24079
tag:State Healthcare Funding,121537-34180
tag:State Healthcare Funding,121569-1321030
tag:State Healthcare Funding,121659-244548
tag:State Healthcare Funding,121659-303025
tag:State Healthcare Funding,121743-278089
tag:State Healthcare Funding,121853-54503
tag:State Healthcare Funding,121897-137424
tag:State Healthcare Funding,121897-138607
tag:State Healthcare Funding,122061-654740
tag:State Healthcare Funding,122073-360269
tag:State Healthcare Funding,122148-304058
tag:State Healthcare Funding,122148-404141
tag:State Healthcare Funding,122212-44599
tag:State Healthcare Funding,122238-218353
tag:State Healthcare Funding,122238-284114
tag:State Healthcare Funding,122407-302920
tag:State Healthcare Funding,122569-147888
tag:State Healthcare Funding,122570-295362
tag:State Healthcare Funding,122573-129332
tag:State Healthcare Funding,122643-1191574
tag:State Healthcare Funding,122737-206523
tag:State Healthcare Funding,122968-328980
tag:State Healthcare Funding,122977-122933
tag:State Healthcare Funding,123160-300129
tag:State Healthcare Funding,123183-9912
tag:State Healthcare Funding,123551-77996
tag:State Healthcare Funding,124024-13488
tag:State Healthcare Funding,124197-129231
tag:State Healthcare Funding,124211-640666
tag:State Healthcare Funding,124425-23847
tag:State Healthcare Funding,124568-272108
tag:State Healthcare Funding,124725-592381
tag:State Healthcare Funding,124874-46201
tag:State Healthcare Funding,124925-288261
tag:State Healthcare Funding,124999-19844
tag:State Healthcare Funding,125129-474027
tag:State Healthcare Funding,125201-7616
tag:State Healthcare Funding,125219-216590
tag:State Healthcare Funding,125219-280525
tag:State Healthcare Funding,125364-33079
tag:State Healthcare Funding,125381-326886
tag:State Healthcare Funding,125483-19428
tag:State Healthcare Funding,125572-25905
tag:State Healthcare Funding,125609-36510
tag:State Healthcare Funding,125737-245625
tag:State Healthcare Funding,125737-311103
tag:State Healthcare Funding,125834-593171
tag:State Healthcare Funding,125908-433099
tag:State Healthcare Funding,125919-29198
tag:State Healthcare Funding,125996-293935
tag:State Healthcare Funding,126091-262712
tag:State Healthcare Funding,126515-150212
tag:State Healthcare Funding,126529-34736
tag:State Healthcare Funding,126615-147266
tag:State Healthcare Funding,126646-217038
tag:State Healthcare Funding,127106-294991
tag:State Healthcare Funding,127106-354091
tag:State Healthcare Funding,127177-241596
tag:State Healthcare Funding,127177-308590
tag:State Healthcare Funding,127450-27720
tag:State Healthcare Funding,128112-299974
tag:State Healthcare Funding,12898-894407
tag:State Healthcare Funding,12898-936450
tag:State Healthcare Funding,12912-1088741
tag:State Healthcare Funding,12912-1119069
tag:State Healthcare Funding,12912-1262754
tag:State Healthcare Funding,12912-899009
tag:State Healthcare Funding,1295-78276
tag:State Healthcare Funding,131568-1940168
tag:State Healthcare Funding,131837-165611
tag:State Healthcare Funding,132019-134433
tag:State Healthcare Funding,132657-174905
tag:State Healthcare Funding,13596-287907
tag:State Healthcare Funding,13596-308650
tag:State Healthcare Funding,13596-346410
tag:State Healthcare Funding,13596-363971
tag:State Healthcare Funding,136073-201185
tag:State Healthcare Funding,136112-621670
tag:State Healthcare Funding,136532-39573
tag:State Healthcare Funding,136571-33813
tag:State Healthcare Funding,137508-98821
tag:State Healthcare Funding,138094-138008
tag:State Healthcare Funding,138875-185614
tag:State Healthcare Funding,138875-245732
tag:State Healthcare Funding,139197-2031
tag:State Healthcare Funding,139509-107797
tag:State Healthcare Funding,139662-2426029
tag:State Healthcare Funding,139662-2516132
tag:State Healthcare Funding,139662-3124931
tag:State Healthcare Funding,139662-3185987
tag:State Healthcare Funding,139662-3391270
tag:State Healthcare Funding,139662-3437066
tag:State Healthcare Funding,139662-3471409
tag:State Healthcare Funding,139662-3583846
tag:State Healthcare Funding,139662-3677756
tag:State Healthcare Funding,139662-3988618
tag:State Healthcare Funding,140121-224221
tag:State Healthcare Funding,140600-14098
tag:State Healthcare Funding,140798-1455790
tag:State Healthcare Funding,141037-35286
tag:State Healthcare Funding,141687-163699
tag:State Healthcare Funding,14596-6538418
tag:State Healthcare Funding,14662-1563868
tag:State Healthcare Funding,14674-466045
tag:State Healthcare Funding,146816-4573
tag:State Healthcare Funding,14726-1601542
tag:State Healthcare Funding,14726-1756352
tag:State Healthcare Funding,14726-1756357
tag:State Healthcare Funding,14726-1756359
tag:State Healthcare Funding,14726-1756366
tag:State Healthcare Funding,14726-1756369
tag:State Healthcare Funding,14726-1756402
tag:State Healthcare Funding,14726-1756474
tag:State Healthcare Funding,14726-1756480
tag:State Healthcare Funding,14726-1756700
tag:State Healthcare Funding,14726-1756835
tag:State Healthcare Funding,14726-1756861
tag:State Healthcare Funding,14726-1757621
tag:State Healthcare Funding,14726-1757628
tag:State Healthcare Funding,14726-1758643
tag:State Healthcare Funding,14726-1758644
tag:State Healthcare Funding,14726-1758650
tag:State Healthcare Funding,14726-1759189
tag:State Healthcare Funding,14726-1759195
tag:State Healthcare Funding,14726-1760525
tag:State Healthcare Funding,14726-1762849
tag:State Healthcare Funding,14726-1767716
tag:State Healthcare Funding,14726-1767721
tag:State Healthcare Funding,14726-1773318
tag:State Healthcare Funding,14726-1773351
tag:State Healthcare Funding,14726-1775553
tag:State Healthcare Funding,14726-1776235
tag:State Healthcare Funding,14726-1776580
tag:State Healthcare Funding,14726-1776584
tag:State Healthcare Funding,14726-1776589
tag:State Healthcare Funding,14726-1776594
tag:State Healthcare Funding,14726-1961403
tag:State Healthcare Funding,14726-1965836
tag:State Healthcare Funding,14726-1965838
tag:State Healthcare Funding,14726-1965839
tag:State Healthcare Funding,14726-1965841
tag:State Healthcare Funding,147834-280367
tag:State Healthcare Funding,14793-250569
tag:State Healthcare Funding,14813-23462
tag:State Healthcare Funding,14824-89205
tag:State Healthcare Funding,14832-307828
tag:State Healthcare Funding,148322-2817529
tag:State Healthcare Funding,148322-2833659
tag:State Healthcare Funding,148322-2868273
tag:State Healthcare Funding,148322-2891805
tag:State Healthcare Funding,148322-2921591
tag:State Healthcare Funding,148322-2959895
tag:State Healthcare Funding,148322-2974554
tag:State Healthcare Funding,148322-3000703
tag:State Healthcare Funding,148322-3008628
tag:State Healthcare Funding,148322-3095667
tag:State Healthcare Funding,14847-419646
tag:State Healthcare Funding,149368-252578
tag:State Healthcare Funding,149368-307435
tag:State Healthcare Funding,149578-106133
tag:State Healthcare Funding,149617-572987
tag:State Healthcare Funding,149662-195922
tag:State Healthcare Funding,15012-76310
tag:State Healthcare Funding,151819-274523
tag:State Healthcare Funding,151963-235611
tag:State Healthcare Funding,152758-12400
tag:State Healthcare Funding,152787-236272
tag:State Healthcare Funding,153290-499654
tag:State Healthcare Funding,153618-238840
tag:State Healthcare Funding,153618-305231
tag:State Healthcare Funding,154275-1571019
tag:State Healthcare Funding,156350-209455
tag:State Healthcare Funding,157536-18090
tag:State Healthcare Funding,158031-338977
tag:State Healthcare Funding,158031-398050
tag:State Healthcare Funding,160693-1879421
tag:State Healthcare Funding,160693-1898776
tag:State Healthcare Funding,160693-1898792
tag:State Healthcare Funding,160693-1898831
tag:State Healthcare Funding,160693-2096238
tag:State Healthcare Funding,160693-2096239
tag:State Healthcare Funding,160693-2096241
tag:State Healthcare Funding,160693-2096243
tag:State Healthcare Funding,160693-2096244
tag:State Healthcare Funding,160693-2096247
tag:State Healthcare Funding,160693-2141210
tag:State Healthcare Funding,160693-2141714
tag:State Healthcare Funding,160693-2146280
tag:State Healthcare Funding,160693-2147127
tag:State Healthcare Funding,160693-2149758
tag:State Healthcare Funding,160693-2150002
tag:State Healthcare Funding,160693-2150003
tag:State Healthcare Funding,160693-2150004
tag:State Healthcare Funding,160693-2150005
tag:State Healthcare Funding,160693-2150006
tag:State Healthcare Funding,160693-2150008
tag:State Healthcare Funding,160693-2150009
tag:State Healthcare Funding,160693-2150010
tag:State Healthcare Funding,160693-2150011
tag:State Healthcare Funding,160693-2150367
tag:State Healthcare Funding,160693-2150389
tag:State Healthcare Funding,160693-2150399
tag:State Healthcare Funding,160693-2178493
tag:State Healthcare Funding,160693-2178504
tag:State Healthcare Funding,160693-2252474
tag:State Healthcare Funding,160693-2252536
tag:State Healthcare Funding,160693-2252818
tag:State Healthcare Funding,160693-2259223
tag:State Healthcare Funding,160693-2288977
tag:State Healthcare Funding,160693-2288978
tag:State Healthcare Funding,160693-2288979
tag:State Healthcare Funding,160693-2288980
tag:State Healthcare Funding,160693-2288981
tag:State Healthcare Funding,160693-2288983
tag:State Healthcare Funding,160693-2288984
tag:State Healthcare Funding,160693-2288989
tag:State Healthcare Funding,1612830807711
tag:State Healthcare Funding,1613036642564
tag:State Healthcare Funding,1620916875742
tag:State Healthcare Funding,1622233434960
tag:State Healthcare Funding,163812-425890
tag:State Healthcare Funding,1644357780313
tag:State Healthcare Funding,1667644307593
tag:State Healthcare Funding,1672591383553
tag:State Healthcare Funding,1674368562142
tag:State Healthcare Funding,16a07df2-b873-4ac9-bc20-f527bbe377b3
tag:State Healthcare Funding,1703719714747
tag:State Healthcare Funding,1707488650853
tag:State Healthcare Funding,172919-596
tag:State Healthcare Funding,1730592441010
tag:State Healthcare Funding,1731249525871
tag:State Healthcare Funding,1738381379333
tag:State Healthcare Funding,1741685403759866350
tag:State Healthcare Funding,1742675554735
tag:State Healthcare Funding,1744136552362438687
tag:State Healthcare Funding,1745753800839774311
tag:State Healthcare Funding,174772-71854
tag:State Healthcare Funding,1759426348175
tag:State Healthcare Funding,1762650943215300630
tag:State Healthcare Funding,1776937225793548656
tag:State Healthcare Funding,1785814174624329898
tag:State Healthcare Funding,1790174915364028447
tag:State Healthcare Funding,180025-156343
tag:State Healthcare Funding,180025-165768
tag:State Healthcare Funding,180025-174406
tag:State Healthcare Funding,180027-46151
tag:State Healthcare Funding,180027-54915
tag:State Healthcare Funding,180027-75540
tag:State Healthcare Funding,180027-88819
tag:State Healthcare Funding,180027-92481
tag:State Healthcare Funding,180027-95217
tag:State Healthcare Funding,180031-114899
tag:State Healthcare Funding,180031-61373
tag:State Healthcare Funding,180031-61557
tag:State Healthcare Funding,180031-69594
tag:State Healthcare Funding,180031-87328
tag:State Healthcare Funding,180033-105089
tag:State Healthcare Funding,180033-114664
tag:State Healthcare Funding,180033-55545
tag:State Healthcare Funding,180033-55702
tag:State Healthcare Funding,180033-64724
tag:State Healthcare Funding,180033-85544
tag:State Healthcare Funding,180033-98853
tag:State Healthcare Funding,180034-71409
tag:State Healthcare Funding,180034-84215
tag:State Healthcare Funding,180034-96693
tag:State Healthcare Funding,180035-69234
tag:State Healthcare Funding,180035-77962
tag:State Healthcare Funding,180035-86693
tag:State Healthcare Funding,180038-115079
tag:State Healthcare Funding,180038-97210
tag:State Healthcare Funding,180052-205231
tag:State Healthcare Funding,180052-207957
tag:State Healthcare Funding,180052-211012
tag:State Healthcare Funding,180053-78586
tag:State Healthcare Funding,180053-86174
tag:State Healthcare Funding,180053-95282
tag:State Healthcare Funding,180054-45535
tag:State Healthcare Funding,180054-64208
tag:State Healthcare Funding,180054-76346
tag:State Healthcare Funding,180054-82495
tag:State Healthcare Funding,180054-91303
tag:State Healthcare Funding,180056-100229
tag:State Healthcare Funding,180056-54438
tag:State Healthcare Funding,180056-74264
tag:State Healthcare Funding,180056-87632
tag:State Healthcare Funding,180056-93343
tag:State Healthcare Funding,180058-253397
tag:State Healthcare Funding,180058-271560
tag:State Healthcare Funding,180058-278848
tag:State Healthcare Funding,180058-287634
tag:State Healthcare Funding,1801022591961903393
tag:State Healthcare Funding,1801056200160592185
tag:State Healthcare Funding,180164-211748
tag:State Healthcare Funding,180164-219796
tag:State Healthcare Funding,180164-229190
tag:State Healthcare Funding,180165-205176
tag:State Healthcare Funding,180165-207757
tag:State Healthcare Funding,180165-216598
tag:State Healthcare Funding,180165-224532
tag:State Healthcare Funding,180165-233513
tag:State Healthcare Funding,1802760824437751821
tag:State Healthcare Funding,181419-107760
tag:State Healthcare Funding,181419-115436
tag:State Healthcare Funding,181419-125495
tag:State Healthcare Funding,181419-93985
tag:State Healthcare Funding,181439-316863
tag:State Healthcare Funding,181439-317058
tag:State Healthcare Funding,181439-342443
tag:State Healthcare Funding,181439-356470
tag:State Healthcare Funding,181439-364586
tag:State Healthcare Funding,181439-373410
tag:State Healthcare Funding,181606-156256
tag:State Healthcare Funding,181606-166644
tag:State Healthcare Funding,181606-176919
tag:State Healthcare Funding,181616-314401
tag:State Healthcare Funding,181616-341875
tag:State Healthcare Funding,181616-351586
tag:State Healthcare Funding,181616-360995
tag:State Healthcare Funding,181616-371816
tag:State Healthcare Funding,1816522826829951293
tag:State Healthcare Funding,181734-187005
tag:State Healthcare Funding,181734-187162
tag:State Healthcare Funding,181734-219799
tag:State Healthcare Funding,181734-238653
tag:State Healthcare Funding,181734-247771
tag:State Healthcare Funding,181734-257416
tag:State Healthcare Funding,181738-103750
tag:State Healthcare Funding,181738-113296
tag:State Healthcare Funding,181738-80666
tag:State Healthcare Funding,181738-95626
tag:State Healthcare Funding,181740-108366
tag:State Healthcare Funding,181740-65211
tag:State Healthcare Funding,181740-74165
tag:State Healthcare Funding,181740-94207
tag:State Healthcare Funding,181747-222916
tag:State Healthcare Funding,181747-241313
tag:State Healthcare Funding,181747-250367
tag:State Healthcare Funding,181747-260200
tag:State Healthcare Funding,181749-126489
tag:State Healthcare Funding,181749-144823
tag:State Healthcare Funding,181749-161917
tag:State Healthcare Funding,181749-171720
tag:State Healthcare Funding,181749-181870
tag:State Healthcare Funding,181752-140225
tag:State Healthcare Funding,181752-149726
tag:State Healthcare Funding,181752-159264
tag:State Healthcare Funding,181754-103824
tag:State Healthcare Funding,181754-112245
tag:State Healthcare Funding,181754-122767
tag:State Healthcare Funding,181754-88800
tag:State Healthcare Funding,181755-121005
tag:State Healthcare Funding,181755-127645
tag:State Healthcare Funding,181755-136075
tag:State Healthcare Funding,181765-58240
tag:State Healthcare Funding,181765-66269
tag:State Healthcare Funding,181765-76298
tag:State Healthcare Funding,1829201172537999680
tag:State Healthcare Funding,1832397162870927458
tag:State Healthcare Funding,183613-224569
tag:State Healthcare Funding,183613-226450
tag:State Healthcare Funding,183613-249854
tag:State Healthcare Funding,183613-263516
tag:State Healthcare Funding,1846174489173717209
tag:State Healthcare Funding,1848648799436026046
tag:State Healthcare Funding,185099-84470
tag:State Healthcare Funding,1855305098492068279
tag:State Healthcare Funding,1860025616806085005
tag:State Healthcare Funding,1864763547512897954
tag:State Healthcare Funding,1868690063154172075
tag:State Healthcare Funding,1869558624638456293
tag:State Healthcare Funding,1869806164612895058
tag:State Healthcare Funding,1872003027332395099
tag:State Healthcare Funding,1878612677712638003
tag:State Healthcare Funding,1878612986774052920
tag:State Healthcare Funding,1878614488158789695
tag:State Healthcare Funding,1878614521457287662
tag:State Healthcare Funding,1878615296728314024
tag:State Healthcare Funding,1878618340576686436
tag:State Healthcare Funding,1878622735313838314
tag:State Healthcare Funding,1878623264815378501
tag:State Healthcare Funding,1878624664987312365
tag:State Healthcare Funding,1878625250583429528
tag:State Healthcare Funding,1878625469819719840
tag:State Healthcare Funding,1878625757196673147
tag:State Healthcare Funding,1878627399254053189
tag:State Healthcare Funding,1878628650549125426
tag:State Healthcare Funding,1878637819259945398
tag:State Healthcare Funding,1878637935765111071
tag:State Healthcare Funding,1878638253513093570
tag:State Healthcare Funding,1878639329347813870
tag:State Healthcare Funding,1878656138633478201
tag:State Healthcare Funding,1878660632456876138
tag:State Healthcare Funding,1878668846347022388
tag:State Healthcare Funding,1878681481624826036
tag:State Healthcare Funding,1878682895050842166
tag:State Healthcare Funding,1878684875525619912
tag:State Healthcare Funding,1878707703587156385
tag:State Healthcare Funding,1878723825464180990
tag:State Healthcare Funding,1878726696880521531
tag:State Healthcare Funding,1878732361917202691
tag:State Healthcare Funding,1878736839580004554
tag:State Healthcare Funding,1878746672270037037
tag:State Healthcare Funding,1878758768521154994
tag:State Healthcare Funding,1878774316722159798
tag:State Healthcare Funding,1878776333024866441
tag:State Healthcare Funding,1878787911396827564
tag:State Healthcare Funding,1878800419344048227
tag:State Healthcare Funding,1878945605848064301
tag:State Healthcare Funding,1878978394513351040
tag:State Healthcare Funding,1879013526465020080
tag:State Healthcare Funding,1879331281403797628
tag:State Healthcare Funding,1883902796271165633
tag:State Healthcare Funding,1884112552520810910
tag:State Healthcare Funding,1885472215346336122
tag:State Healthcare Funding,1887927071650742778
tag:State Healthcare Funding,1897044525945590245
tag:State Healthcare Funding,1897098543325962423
tag:State Healthcare Funding,1900709575877365942
tag:State Healthcare Funding,1901627191185522907
tag:State Healthcare Funding,1903485768758440369
tag:State Healthcare Funding,1905045161975148734
tag:State Healthcare Funding,1907102139157037554
tag:State Healthcare Funding,1910082139082850463
tag:State Healthcare Funding,1910341060393398335
tag:State Healthcare Funding,1910367586405241145
tag:State Healthcare Funding,1911550580033479058
tag:State Healthcare Funding,191252-60871
tag:State Healthcare Funding,191345-136302
tag:State Healthcare Funding,191345-136419
tag:State Healthcare Funding,1915143724473995345
tag:State Healthcare Funding,1918728793818005648
tag:State Healthcare Funding,1920487873830170994
tag:State Healthcare Funding,1924545767068324139
tag:State Healthcare Funding,1927376133827260473
tag:State Healthcare Funding,1929231305755254856
tag:State Healthcare Funding,1931308889447846113
tag:State Healthcare Funding,1935510462231150859
tag:State Healthcare Funding,1937965301359841580
tag:State Healthcare Funding,1941964410375045367
tag:State Healthcare Funding,1950427594278441257
tag:State Healthcare Funding,1951340399060197610
tag:State Healthcare Funding,1c4b241f-b691-428e-b9e0-3f5e6e68ddca
tag:State Healthcare Funding,203041-1051129
tag:State Healthcare Funding,203046-109673
tag:State Healthcare Funding,203046-139999
tag:State Healthcare Funding,203046-153636
tag:State Healthcare Funding,203046-161892
tag:State Healthcare Funding,203046-171739
tag:State Healthcare Funding,205429315
tag:State Healthcare Funding,205706414
tag:State Healthcare Funding,215324-1792640
tag:State Healthcare Funding,215584-30799
tag:State Healthcare Funding,215584-32372
tag:State Healthcare Funding,217807-131079
tag:State Healthcare Funding,217851-186547
tag:State Healthcare Funding,217908-338596
tag:State Healthcare Funding,218591-336351
tag:State Healthcare Funding,218593-454702
tag:State Healthcare Funding,218594-398172
tag:State Healthcare Funding,218595-397524
tag:State Healthcare Funding,218648-426193
tag:State Healthcare Funding,219248-5179080
tag:State Healthcare Funding,222273-18164
tag:State Healthcare Funding,225495-13461
tag:State Healthcare Funding,225495-14533
tag:State Healthcare Funding,225557-107796
tag:State Healthcare Funding,225620-10209
tag:State Healthcare Funding,225679-331379
tag:State Healthcare Funding,225723-5017
tag:State Healthcare Funding,225725-1219305
tag:State Healthcare Funding,225841-5479
tag:State Healthcare Funding,225889-2319
tag:State Healthcare Funding,226092-277036
tag:State Healthcare Funding,226486-420053
tag:State Healthcare Funding,226570-31305
tag:State Healthcare Funding,226828-155768
tag:State Healthcare Funding,227033-138184
tag:State Healthcare Funding,227188-7434
tag:State Healthcare Funding,227657-15909
tag:State Healthcare Funding,227830-5434
tag:State Healthcare Funding,227830-6025
tag:State Healthcare Funding,227915-29320
tag:State Healthcare Funding,227915-44408
tag:State Healthcare Funding,227915-8716
tag:State Healthcare Funding,228768-80586
tag:State Healthcare Funding,22925-1092810
tag:State Healthcare Funding,22925-925144
tag:State Healthcare Funding,22a758c8-2b3c-4692-88b4-9b7465854ad4
tag:State Healthcare Funding,234131-384588
tag:State Healthcare Funding,241616-508192
tag:State Healthcare Funding,241616-510467
tag:State Healthcare Funding,241616-644998
tag:State Healthcare Funding,241996-684949
tag:State Healthcare Funding,241996-971398
tag:State Healthcare Funding,244434-1959660
tag:State Healthcare Funding,244435-1302322
tag:State Healthcare Funding,245906-2528550
tag:State Healthcare Funding,246437-62271
tag:State Healthcare Funding,251544-22968710
tag:State Healthcare Funding,251544-23157011
tag:State Healthcare Funding,251544-23263655
tag:State Healthcare Funding,251544-23263674
tag:State Healthcare Funding,251544-23291909
tag:State Healthcare Funding,251544-23293861
tag:State Healthcare Funding,251544-23314660
tag:State Healthcare Funding,251544-23479714
tag:State Healthcare Funding,251544-23676837
tag:State Healthcare Funding,251544-23692101
tag:State Healthcare Funding,251544-23693934
tag:State Healthcare Funding,251544-23726771
tag:State Healthcare Funding,251544-23726955
tag:State Healthcare Funding,251544-23776396
tag:State Healthcare Funding,251544-23852195
tag:State Healthcare Funding,251544-24116061
tag:State Healthcare Funding,251544-24124062
tag:State Healthcare Funding,251544-24157314
tag:State Healthcare Funding,251544-24174347
tag:State Healthcare Funding,251544-24263614
tag:State Healthcare Funding,251544-24473446
tag:State Healthcare Funding,251544-24866736
tag:State Healthcare Funding,251544-25030017
tag:State Healthcare Funding,251544-25033621
tag:State Healthcare Funding,251544-25454996
tag:State Healthcare Funding,251544-25531961
tag:State Healthcare Funding,251544-25589382
tag:State Healthcare Funding,251544-25781954
tag:State Healthcare Funding,251544-25787786
tag:State Healthcare Funding,251544-25789336
tag:State Healthcare Funding,251544-25953469
tag:State Healthcare Funding,251544-26159564
tag:State Healthcare Funding,251544-26346214
tag:State Healthcare Funding,251544-26613689
tag:State Healthcare Funding,251544-26653469
tag:State Healthcare Funding,251544-26891158
tag:State Healthcare Funding,251544-27098929
tag:State Healthcare Funding,251544-27128384
tag:State Healthcare Funding,251544-27581488
tag:State Healthcare Funding,251544-27597914
tag:State Healthcare Funding,251544-27636588
tag:State Healthcare Funding,251544-27648099
tag:State Healthcare Funding,251544-27725034
tag:State Healthcare Funding,251544-27854576
tag:State Healthcare Funding,251544-27859122
tag:State Healthcare Funding,251544-27886155
tag:State Healthcare Funding,251544-27887210
tag:State Healthcare Funding,251544-27962927
tag:State Healthcare Funding,251544-28024129
tag:State Healthcare Funding,251544-28025127
tag:State Healthcare Funding,251544-28044769
tag:State Healthcare Funding,251544-28053615
tag:State Healthcare Funding,251544-28085702
tag:State Healthcare Funding,251544-28089253
tag:State Healthcare Funding,251544-28102354
tag:State Healthcare Funding,251544-28128941
tag:State Healthcare Funding,251544-28129398
tag:State Healthcare Funding,251544-28130902
tag:State Healthcare Funding,251544-28132632
tag:State Healthcare Funding,251544-28165565
tag:State Healthcare Funding,251544-28252664
tag:State Healthcare Funding,251544-28269969
tag:State Healthcare Funding,251544-28270707
tag:State Healthcare Funding,251544-28296841
tag:State Healthcare Funding,251544-28481578
tag:State Healthcare Funding,251544-28497972
tag:State Healthcare Funding,251544-28511762
tag:State Healthcare Funding,251544-28574378
tag:State Healthcare Funding,251544-28765521
tag:State Healthcare Funding,251544-28797517
tag:State Healthcare Funding,251544-28810582
tag:State Healthcare Funding,251544-28909765
tag:State Healthcare Funding,251544-29213612
tag:State Healthcare Funding,251544-29281909
tag:State Healthcare Funding,251544-29391600
tag:State Healthcare Funding,251544-29522418
tag:State Healthcare Funding,251544-29549053
tag:State Healthcare Funding,251544-29727196
tag:State Healthcare Funding,251544-30089599
tag:State Healthcare Funding,251544-30149189
tag:State Healthcare Funding,251544-30160986
tag:State Healthcare Funding,254785-156243
tag:State Healthcare Funding,254785-163824
tag:State Healthcare Funding,254785-171666
tag:State Healthcare Funding,25713-1627991
tag:State Healthcare Funding,25713-1659441
tag:State Healthcare Funding,25741-4992215
tag:State Healthcare Funding,25741-5172050
tag:State Healthcare Funding,25741-5420053
tag:State Healthcare Funding,258134-278705
tag:State Healthcare Funding,258134-311155
tag:State Healthcare Funding,258926-366492
tag:State Healthcare Funding,25895-350831
tag:State Healthcare Funding,262255-286024
tag:State Healthcare Funding,26226-19941
tag:State Healthcare Funding,262571-19889
tag:State Healthcare Funding,264205-732400
tag:State Healthcare Funding,264205-738705
tag:State Healthcare Funding,264205-751985
tag:State Healthcare Funding,267242-61040
tag:State Healthcare Funding,267267-267729
tag:State Healthcare Funding,267660-387944
tag:State Healthcare Funding,267762-3388
tag:State Healthcare Funding,268535-1117671
tag:State Healthcare Funding,268535-1152807
tag:State Healthcare Funding,271209-8940630
tag:State Healthcare Funding,271209-9593544
tag:State Healthcare Funding,271209-9978326
tag:State Healthcare Funding,271565-63362
tag:State Healthcare Funding,272462-1033154
tag:State Healthcare Funding,273196-8174
tag:State Healthcare Funding,273201-9262
tag:State Healthcare Funding,273215-110493
tag:State Healthcare Funding,273219-118115
tag:State Healthcare Funding,273237-10224
tag:State Healthcare Funding,273254-8871
tag:State Healthcare Funding,273262-12392
tag:State Healthcare Funding,273273-14308
tag:State Healthcare Funding,273329-196821
tag:State Healthcare Funding,273329-208311
tag:State Healthcare Funding,273373-11816
tag:State Healthcare Funding,273384-16178
tag:State Healthcare Funding,273386-12552
tag:State Healthcare Funding,273431-172121
tag:State Healthcare Funding,273459-48004
tag:State Healthcare Funding,273466-10992
tag:State Healthcare Funding,273624-13007
tag:State Healthcare Funding,273643-8789
tag:State Healthcare Funding,273645-154500
tag:State Healthcare Funding,273741-10106
tag:State Healthcare Funding,273742-12391
tag:State Healthcare Funding,273776-11799
tag:State Healthcare Funding,273943-24595
tag:State Healthcare Funding,273944-11389
tag:State Healthcare Funding,27499-29658
tag:State Healthcare Funding,276957-255188
tag:State Healthcare Funding,276986-270148
tag:State Healthcare Funding,276986-843549
tag:State Healthcare Funding,276986-850940
tag:State Healthcare Funding,277996-17914
tag:State Healthcare Funding,277997-20740
tag:State Healthcare Funding,281077-14462852
tag:State Healthcare Funding,281077-14569042
tag:State Healthcare Funding,281077-14917572
tag:State Healthcare Funding,281546-513077
tag:State Healthcare Funding,281839-123562
tag:State Healthcare Funding,281839-138362
tag:State Healthcare Funding,281839-150392
tag:State Healthcare Funding,281839-156451
tag:State Healthcare Funding,28262-15687
tag:State Healthcare Funding,283704-5994
tag:State Healthcare Funding,285562-19523
tag:State Healthcare Funding,286102-321386
tag:State Healthcare Funding,286106-1120493
tag:State Healthcare Funding,286106-1178059
tag:State Healthcare Funding,286106-1182183
tag:State Healthcare Funding,286106-1197082
tag:State Healthcare Funding,286106-1262812
tag:State Healthcare Funding,286106-1265550
tag:State Healthcare Funding,286141-1640932
tag:State Healthcare Funding,28738-7476601
tag:State Healthcare Funding,28738-7595201
tag:State Healthcare Funding,28738-7595210
tag:State Healthcare Funding,28738-7595214
tag:State Healthcare Funding,28738-7595273
tag:State Healthcare Funding,28738-7671735
tag:State Healthcare Funding,28738-7722253
tag:State Healthcare Funding,28738-7817666
tag:State Healthcare Funding,28738-7823313
tag:State Healthcare Funding,28738-7886731
tag:State Healthcare Funding,28738-7886734
tag:State Healthcare Funding,28738-7886745
tag:State Healthcare Funding,28738-7886749
tag:State Healthcare Funding,28738-7963522
tag:State Healthcare Funding,28738-8169324
tag:State Healthcare Funding,28738-8275846
tag:State Healthcare Funding,287810-335288
tag:State Healthcare Funding,287810-392045
tag:State Healthcare Funding,287811-203912
tag:State Healthcare Funding,287811-281629
tag:State Healthcare Funding,287812-200802
tag:State Healthcare Funding,287812-258246
tag:State Healthcare Funding,287815-222637
tag:State Healthcare Funding,287815-285100
tag:State Healthcare Funding,287826-154888
tag:State Healthcare Funding,287826-205803
tag:State Healthcare Funding,287827-263003
tag:State Healthcare Funding,287828-170133
tag:State Healthcare Funding,287828-226756
tag:State Healthcare Funding,287829-319959
tag:State Healthcare Funding,287829-370068
tag:State Healthcare Funding,287830-201944
tag:State Healthcare Funding,287830-258639
tag:State Healthcare Funding,28785-7543
tag:State Healthcare Funding,287882-186372
tag:State Healthcare Funding,287882-236906
tag:State Healthcare Funding,287884-186671
tag:State Healthcare Funding,287884-237388
tag:State Healthcare Funding,287899-263904
tag:State Healthcare Funding,287900-424069
tag:State Healthcare Funding,287900-521235
tag:State Healthcare Funding,288219-4787
tag:State Healthcare Funding,288691-240081
tag:State Healthcare Funding,288692-239608
tag:State Healthcare Funding,288699-245345
tag:State Healthcare Funding,288700-206228
tag:State Healthcare Funding,290809-8415
tag:State Healthcare Funding,292338-263346
tag:State Healthcare Funding,292340-752411
tag:State Healthcare Funding,292526-149572
tag:State Healthcare Funding,293440-278381
tag:State Healthcare Funding,293643-312585
tag:State Healthcare Funding,294019-1150480
tag:State Healthcare Funding,294019-1609382
tag:State Healthcare Funding,294035-618126
tag:State Healthcare Funding,294035-739188
tag:State Healthcare Funding,295433-354490
tag:State Healthcare Funding,296479-6925
tag:State Healthcare Funding,296691-237
tag:State Healthcare Funding,296743-105072
tag:State Healthcare Funding,296743-128001
tag:State Healthcare Funding,296743-141266
tag:State Healthcare Funding,296743-149340
tag:State Healthcare Funding,296743-159804
tag:State Healthcare Funding,296743-95485
tag:State Healthcare Funding,296743-95751
tag:State Healthcare Funding,296757-285171
tag:State Healthcare Funding,297480-3688
tag:State Healthcare Funding,297480-6362
tag:State Healthcare Funding,297765-7416
tag:State Healthcare Funding,297914-2588
tag:State Healthcare Funding,298289-9500
tag:State Healthcare Funding,298303-2188
tag:State Healthcare Funding,298533-1415
tag:State Healthcare Funding,298540-5904
tag:State Healthcare Funding,300396-467618
tag:State Healthcare Funding,300396-599179
tag:State Healthcare Funding,300453-263671
tag:State Healthcare Funding,300566-264218
tag:State Healthcare Funding,300885-158091
tag:State Healthcare Funding,300885-167007
tag:State Healthcare Funding,300885-183270
tag:State Healthcare Funding,300885-191263
tag:State Healthcare Funding,300885-194563
tag:State Healthcare Funding,300885-197686
tag:State Healthcare Funding,300886-184374
tag:State Healthcare Funding,300886-208527
tag:State Healthcare Funding,300886-226470
tag:State Healthcare Funding,300886-233138
tag:State Healthcare Funding,300886-242350
tag:State Healthcare Funding,301055-202748
tag:State Healthcare Funding,301055-220479
tag:State Healthcare Funding,301055-230001
tag:State Healthcare Funding,301055-239363
tag:State Healthcare Funding,301169-142259
tag:State Healthcare Funding,301169-150622
tag:State Healthcare Funding,301169-184490
tag:State Healthcare Funding,301169-194296
tag:State Healthcare Funding,301169-203938
tag:State Healthcare Funding,301252-559258
tag:State Healthcare Funding,301252-562355
tag:State Healthcare Funding,301294-844357
tag:State Healthcare Funding,301294-866691
tag:State Healthcare Funding,301294-899680
tag:State Healthcare Funding,301294-977351
tag:State Healthcare Funding,301331-76168
tag:State Healthcare Funding,301331-76228
tag:State Healthcare Funding,301331-83085
tag:State Healthcare Funding,301331-89826
tag:State Healthcare Funding,301331-93248
tag:State Healthcare Funding,301331-95554
tag:State Healthcare Funding,302183-54538
tag:State Healthcare Funding,3022faff-dd12-4d80-b595-1e9f839aad85
tag:State Healthcare Funding,303158-668046
tag:State Healthcare Funding,303158-701629
tag:State Healthcare Funding,303158-780160
tag:State Healthcare Funding,303158-801285
tag:State Healthcare Funding,303158-838633
tag:State Healthcare Funding,303169-588507
tag:State Healthcare Funding,304637-209677
tag:State Healthcare Funding,304640-212271
tag:State Healthcare Funding,305253-256840
tag:State Healthcare Funding,305253-383370
tag:State Healthcare Funding,305253-383561
tag:State Healthcare Funding,305281-11344
tag:State Healthcare Funding,305364-3072
tag:State Healthcare Funding,305490-189493
tag:State Healthcare Funding,305490-240249
tag:State Healthcare Funding,305743-187855
tag:State Healthcare Funding,305760-306003
tag:State Healthcare Funding,305760-306238
tag:State Healthcare Funding,305760-328687
tag:State Healthcare Funding,305c9c48-9c0b-442f-98bf-ac74e0700fd9
tag:State Healthcare Funding,307082-12550
tag:State Healthcare Funding,307407-59660
tag:State Healthcare Funding,30818-1693413
tag:State Healthcare Funding,30822-1248871
tag:State Healthcare Funding,308525-3983
tag:State Healthcare Funding,30894-1099684
tag:State Healthcare Funding,309151-103319
tag:State Healthcare Funding,309151-104361
tag:State Healthcare Funding,309151-112823
tag:State Healthcare Funding,309151-112910
tag:State Healthcare Funding,309509-341790
tag:State Healthcare Funding,309509-348093
tag:State Healthcare Funding,30954-1252292
tag:State Healthcare Funding,311487-285113
tag:State Healthcare Funding,311487-285389
tag:State Healthcare Funding,311487-309298
tag:State Healthcare Funding,311487-361210
tag:State Healthcare Funding,311487-363092
tag:State Healthcare Funding,311487-400100
tag:State Healthcare Funding,311487-420790
tag:State Healthcare Funding,311579-198820
tag:State Healthcare Funding,311581-193453
tag:State Healthcare Funding,311583-166653
tag:State Healthcare Funding,312183-210214
tag:State Healthcare Funding,312331-191383
tag:State Healthcare Funding,312807-4364
tag:State Healthcare Funding,312807-7723
tag:State Healthcare Funding,31486-419405
tag:State Healthcare Funding,31546-95629
tag:State Healthcare Funding,316350-427938
tag:State Healthcare Funding,31663-563447
tag:State Healthcare Funding,317496-302408
tag:State Healthcare Funding,317883-114256
tag:State Healthcare Funding,317884-45124
tag:State Healthcare Funding,317960-133860
tag:State Healthcare Funding,317961-140544
tag:State Healthcare Funding,317963-33176
tag:State Healthcare Funding,317963-35547
tag:State Healthcare Funding,317963-35548
tag:State Healthcare Funding,317963-35802
tag:State Healthcare Funding,317963-37807
tag:State Healthcare Funding,317963-38051
tag:State Healthcare Funding,317963-38544
tag:State Healthcare Funding,317963-40085
tag:State Healthcare Funding,317963-40086
tag:State Healthcare Funding,317963-40203
tag:State Healthcare Funding,317963-40312
tag:State Healthcare Funding,317963-40340
tag:State Healthcare Funding,317963-41618
tag:State Healthcare Funding,317963-42031
tag:State Healthcare Funding,317963-42240
tag:State Healthcare Funding,317963-42286
tag:State Healthcare Funding,317963-42337
tag:State Healthcare Funding,317963-43629
tag:State Healthcare Funding,317963-43862
tag:State Healthcare Funding,317963-44127
tag:State Healthcare Funding,317963-44801
tag:State Healthcare Funding,317964-79863
tag:State Healthcare Funding,318045-23450
tag:State Healthcare Funding,318045-23464
tag:State Healthcare Funding,318045-30817
tag:State Healthcare Funding,318050-94461
tag:State Healthcare Funding,318052-111572
tag:State Healthcare Funding,318066-30742
tag:State Healthcare Funding,318093-30722
tag:State Healthcare Funding,318094-135160
tag:State Healthcare Funding,318102-115048
tag:State Healthcare Funding,318103-110690
tag:State Healthcare Funding,318131-141350
tag:State Healthcare Funding,318191-15591
tag:State Healthcare Funding,318771-90386
tag:State Healthcare Funding,318773-117579
tag:State Healthcare Funding,318775-75556
tag:State Healthcare Funding,318775-83856
tag:State Healthcare Funding,318783-170919
tag:State Healthcare Funding,318787-58158
tag:State Healthcare Funding,318805-128003
tag:State Healthcare Funding,318806-106956
tag:State Healthcare Funding,318807-295172
tag:State Healthcare Funding,318810-154775
tag:State Healthcare Funding,318813-52471
tag:State Healthcare Funding,318814-111713
tag:State Healthcare Funding,323154-216131
tag:State Healthcare Funding,323154-220711
tag:State Healthcare Funding,323155-140274
tag:State Healthcare Funding,323155-171201
tag:State Healthcare Funding,324271-209287
tag:State Healthcare Funding,324392-211678
tag:State Healthcare Funding,324392-275276
tag:State Healthcare Funding,324393-564590
tag:State Healthcare Funding,324824-197015
tag:State Healthcare Funding,324824-213485
tag:State Healthcare Funding,324824-224315
tag:State Healthcare Funding,324824-237961
tag:State Healthcare Funding,325194-209592
tag:State Healthcare Funding,325194-272489
tag:State Healthcare Funding,325231-271894
tag:State Healthcare Funding,32b5362e-15ad-4660-a2c5-07cf1bb1fe32
tag:State Healthcare Funding,331778-365
tag:State Healthcare Funding,332001-254476
tag:State Healthcare Funding,332001-256302
tag:State Healthcare Funding,332001-283624
tag:State Healthcare Funding,332566-107912
tag:State Healthcare Funding,332759-67319
tag:State Healthcare Funding,333414-45979
tag:State Healthcare Funding,333991-12613
tag:State Healthcare Funding,335487-3610
tag:State Healthcare Funding,335552-4014
tag:State Healthcare Funding,335552-4419
tag:State Healthcare Funding,335673-6068
tag:State Healthcare Funding,335860-267066
tag:State Healthcare Funding,335860-270611
tag:State Healthcare Funding,335860-295772
tag:State Healthcare Funding,335860-315431
tag:State Healthcare Funding,335860-335262
tag:State Healthcare Funding,335860-337498
tag:State Healthcare Funding,335860-346505
tag:State Healthcare Funding,335860-352331
tag:State Healthcare Funding,335860-364512
tag:State Healthcare Funding,335860-442140
tag:State Healthcare Funding,335860-494752
tag:State Healthcare Funding,335884-150840
tag:State Healthcare Funding,335884-152924
tag:State Healthcare Funding,335884-153561
tag:State Healthcare Funding,335884-199824
tag:State Healthcare Funding,335954-38230
tag:State Healthcare Funding,337239-19819
tag:State Healthcare Funding,337669-41920
tag:State Healthcare Funding,339695-11285
tag:State Healthcare Funding,339963-152475
tag:State Healthcare Funding,339963-152865
tag:State Healthcare Funding,339963-176755
tag:State Healthcare Funding,340915-289690
tag:State Healthcare Funding,340915-386461
tag:State Healthcare Funding,340916-112151
tag:State Healthcare Funding,341018-11996
tag:State Healthcare Funding,341766-16510
tag:State Healthcare Funding,341986-174623
tag:State Healthcare Funding,341986-174741
tag:State Healthcare Funding,341986-199336
tag:State Healthcare Funding,341986-201402
tag:State Healthcare Funding,341986-207554
tag:State Healthcare Funding,341986-213593
tag:State Healthcare Funding,342008-341492
tag:State Healthcare Funding,342008-403810
tag:State Healthcare Funding,343032-442132
tag:State Healthcare Funding,344757-3967
tag:State Healthcare Funding,345621-54770
tag:State Healthcare Funding,345624-19319
tag:State Healthcare Funding,345624-39039
tag:State Healthcare Funding,345659-58822
tag:State Healthcare Funding,345673-74433
tag:State Healthcare Funding,345674-36821
tag:State Healthcare Funding,346500-71224
tag:State Healthcare Funding,346500-73009
tag:State Healthcare Funding,346500-78403
tag:State Healthcare Funding,34676-686736
tag:State Healthcare Funding,346838-69782
tag:State Healthcare Funding,347504-242179
tag:State Healthcare Funding,347504-242271
tag:State Healthcare Funding,347504-254290
tag:State Healthcare Funding,3478-6054107
tag:State Healthcare Funding,348000-82899
tag:State Healthcare Funding,348149-120776
tag:State Healthcare Funding,348149-121164
tag:State Healthcare Funding,348149-145538
tag:State Healthcare Funding,348977-138842
tag:State Healthcare Funding,348977-167008
tag:State Healthcare Funding,348977-96136
tag:State Healthcare Funding,348980-408354
tag:State Healthcare Funding,348980-502651
tag:State Healthcare Funding,349444-543
tag:State Healthcare Funding,351775-200497
tag:State Healthcare Funding,351962-1460
tag:State Healthcare Funding,352066-198148
tag:State Healthcare Funding,352080-5658
tag:State Healthcare Funding,352113-25502
tag:State Healthcare Funding,352442-68486
tag:State Healthcare Funding,352443-213089
tag:State Healthcare Funding,352443-267818
tag:State Healthcare Funding,352516-142983
tag:State Healthcare Funding,352737-272601
tag:State Healthcare Funding,352781-147105
tag:State Healthcare Funding,353229-235387
tag:State Healthcare Funding,353229-298428
tag:State Healthcare Funding,353230-200020
tag:State Healthcare Funding,353230-257702
tag:State Healthcare Funding,353247-233062
tag:State Healthcare Funding,353247-295678
tag:State Healthcare Funding,353459-66239
tag:State Healthcare Funding,353656-176061
tag:State Healthcare Funding,353668-46718
tag:State Healthcare Funding,353722-29599
tag:State Healthcare Funding,353723-32522
tag:State Healthcare Funding,353724-47404
tag:State Healthcare Funding,353728-18445
tag:State Healthcare Funding,35374-9970
tag:State Healthcare Funding,353748-30405
tag:State Healthcare Funding,353789-5181
tag:State Healthcare Funding,353943-453895
tag:State Healthcare Funding,353943-512082
tag:State Healthcare Funding,353943-519421
tag:State Healthcare Funding,353943-556411
tag:State Healthcare Funding,353960-33999
tag:State Healthcare Funding,354006-89124
tag:State Healthcare Funding,354008-19818
tag:State Healthcare Funding,354019-45245
tag:State Healthcare Funding,35403-142343
tag:State Healthcare Funding,354193-35720
tag:State Healthcare Funding,354352-246579
tag:State Healthcare Funding,355619-40294
tag:State Healthcare Funding,355622-20770
tag:State Healthcare Funding,35587-689970
tag:State Healthcare Funding,356454-246238
tag:State Healthcare Funding,356454-323908
tag:State Healthcare Funding,356503-186784
tag:State Healthcare Funding,356503-237547
tag:State Healthcare Funding,356523-261712
tag:State Healthcare Funding,356526-270833
tag:State Healthcare Funding,356526-358281
tag:State Healthcare Funding,356596-201958
tag:State Healthcare Funding,356596-258887
tag:State Healthcare Funding,356602-46661
tag:State Healthcare Funding,356631-60392
tag:State Healthcare Funding,356631-68583
tag:State Healthcare Funding,356632-26939
tag:State Healthcare Funding,356632-35143
tag:State Healthcare Funding,356632-45160
tag:State Healthcare Funding,356633-31236
tag:State Healthcare Funding,356633-40164
tag:State Healthcare Funding,356633-46029
tag:State Healthcare Funding,356635-31867
tag:State Healthcare Funding,356636-25328
tag:State Healthcare Funding,356636-33605
tag:State Healthcare Funding,356636-42445
tag:State Healthcare Funding,356638-17534
tag:State Healthcare Funding,356638-28680
tag:State Healthcare Funding,356638-33860
tag:State Healthcare Funding,356638-41636
tag:State Healthcare Funding,356639-29895
tag:State Healthcare Funding,356639-30118
tag:State Healthcare Funding,356639-38473
tag:State Healthcare Funding,356639-60845
tag:State Healthcare Funding,356639-77334
tag:State Healthcare Funding,356639-84578
tag:State Healthcare Funding,356639-93301
tag:State Healthcare Funding,356641-46595
tag:State Healthcare Funding,356641-58500
tag:State Healthcare Funding,356642-23448
tag:State Healthcare Funding,356642-31013
tag:State Healthcare Funding,356642-39327
tag:State Healthcare Funding,356649-23473
tag:State Healthcare Funding,356649-23686
tag:State Healthcare Funding,356649-34295
tag:State Healthcare Funding,356695-78388
tag:State Healthcare Funding,356695-94329
tag:State Healthcare Funding,356705-40482
tag:State Healthcare Funding,356705-53446
tag:State Healthcare Funding,356705-57235
tag:State Healthcare Funding,356705-59157
tag:State Healthcare Funding,356721-52546
tag:State Healthcare Funding,356721-69452
tag:State Healthcare Funding,356732-30863
tag:State Healthcare Funding,356732-42452
tag:State Healthcare Funding,356732-49492
tag:State Healthcare Funding,356732-58024
tag:State Healthcare Funding,356739-53646
tag:State Healthcare Funding,356739-64712
tag:State Healthcare Funding,356739-68381
tag:State Healthcare Funding,356739-71345
tag:State Healthcare Funding,356747-25193
tag:State Healthcare Funding,356747-33783
tag:State Healthcare Funding,356747-43129
tag:State Healthcare Funding,356750-74719
tag:State Healthcare Funding,356750-90707
tag:State Healthcare Funding,356750-95873
tag:State Healthcare Funding,356750-98988
tag:State Healthcare Funding,356753-12613
tag:State Healthcare Funding,356753-16491
tag:State Healthcare Funding,356753-19045
tag:State Healthcare Funding,356753-21338
tag:State Healthcare Funding,356754-15128
tag:State Healthcare Funding,356754-22013
tag:State Healthcare Funding,356754-26454
tag:State Healthcare Funding,356754-31123
tag:State Healthcare Funding,356754-36528
tag:State Healthcare Funding,356756-22526
tag:State Healthcare Funding,356756-24728
tag:State Healthcare Funding,356757-29030
tag:State Healthcare Funding,356757-38159
tag:State Healthcare Funding,356757-47993
tag:State Healthcare Funding,356768-19591
tag:State Healthcare Funding,356768-24425
tag:State Healthcare Funding,356768-29323
tag:State Healthcare Funding,356768-35243
tag:State Healthcare Funding,356769-12344
tag:State Healthcare Funding,356769-16447
tag:State Healthcare Funding,356769-18897
tag:State Healthcare Funding,356769-23387
tag:State Healthcare Funding,356769-7139
tag:State Healthcare Funding,356770-7515
tag:State Healthcare Funding,356770-9043
tag:State Healthcare Funding,356771-11622
tag:State Healthcare Funding,356772-22360
tag:State Healthcare Funding,356772-30485
tag:State Healthcare Funding,356772-38468
tag:State Healthcare Funding,356772-47497
tag:State Healthcare Funding,356773-11365
tag:State Healthcare Funding,356773-13497
tag:State Healthcare Funding,356773-16299
tag:State Healthcare Funding,356773-8672
tag:State Healthcare Funding,356774-101729
tag:State Healthcare Funding,356774-68416
tag:State Healthcare Funding,356774-85694
tag:State Healthcare Funding,356774-93843
tag:State Healthcare Funding,356808-45146
tag:State Healthcare Funding,356808-59522
tag:State Healthcare Funding,356808-66552
tag:State Healthcare Funding,356808-75103
tag:State Healthcare Funding,356809-67219
tag:State Healthcare Funding,356809-78779
tag:State Healthcare Funding,356809-84664
tag:State Healthcare Funding,356809-91888
tag:State Healthcare Funding,356811-28660
tag:State Healthcare Funding,356811-37941
tag:State Healthcare Funding,356811-48730
tag:State Healthcare Funding,356814-64893
tag:State Healthcare Funding,356814-78612
tag:State Healthcare Funding,356814-86260
tag:State Healthcare Funding,356814-94909
tag:State Healthcare Funding,356819-49354
tag:State Healthcare Funding,356819-49580
tag:State Healthcare Funding,356819-59664
tag:State Healthcare Funding,356819-71106
tag:State Healthcare Funding,356819-73776
tag:State Healthcare Funding,356819-79269
tag:State Healthcare Funding,356819-87352
tag:State Healthcare Funding,356820-12371
tag:State Healthcare Funding,356820-16622
tag:State Healthcare Funding,356822-51103
tag:State Healthcare Funding,356822-66393
tag:State Healthcare Funding,356822-73375
tag:State Healthcare Funding,356822-80986
tag:State Healthcare Funding,356837-31663
tag:State Healthcare Funding,356837-40191
tag:State Healthcare Funding,356837-49816
tag:State Healthcare Funding,356842-48754
tag:State Healthcare Funding,356842-68192
tag:State Healthcare Funding,356872-35788
tag:State Healthcare Funding,356872-45514
tag:State Healthcare Funding,356872-55108
tag:State Healthcare Funding,356882-115543
tag:State Healthcare Funding,356882-35852
tag:State Healthcare Funding,356882-36004
tag:State Healthcare Funding,356882-45564
tag:State Healthcare Funding,356882-95318
tag:State Healthcare Funding,356884-32704
tag:State Healthcare Funding,356884-40343
tag:State Healthcare Funding,356884-48697
tag:State Healthcare Funding,356890-37188
tag:State Healthcare Funding,356901-31208
tag:State Healthcare Funding,356901-40421
tag:State Healthcare Funding,356901-50262
tag:State Healthcare Funding,356908-35117
tag:State Healthcare Funding,356908-45111
tag:State Healthcare Funding,356908-55485
tag:State Healthcare Funding,356909-27361
tag:State Healthcare Funding,356909-49860
tag:State Healthcare Funding,356909-63290
tag:State Healthcare Funding,356909-70149
tag:State Healthcare Funding,356909-77880
tag:State Healthcare Funding,356912-31405
tag:State Healthcare Funding,356912-43771
tag:State Healthcare Funding,356912-52398
tag:State Healthcare Funding,356912-62835
tag:State Healthcare Funding,356940-20330
tag:State Healthcare Funding,356940-20543
tag:State Healthcare Funding,356940-27121
tag:State Healthcare Funding,356940-43783
tag:State Healthcare Funding,356940-55206
tag:State Healthcare Funding,356940-69428
tag:State Healthcare Funding,357114-57467
tag:State Healthcare Funding,357114-74169
tag:State Healthcare Funding,357114-80746
tag:State Healthcare Funding,357114-89807
tag:State Healthcare Funding,357116-58027
tag:State Healthcare Funding,357116-73567
tag:State Healthcare Funding,357119-22624
tag:State Healthcare Funding,357119-41358
tag:State Healthcare Funding,357119-53434
tag:State Healthcare Funding,357119-58965
tag:State Healthcare Funding,357119-67475
tag:State Healthcare Funding,357122-107883
tag:State Healthcare Funding,357122-117183
tag:State Healthcare Funding,357122-79634
tag:State Healthcare Funding,357122-98431
tag:State Healthcare Funding,357263-135666
tag:State Healthcare Funding,357268-243822
tag:State Healthcare Funding,357268-322131
tag:State Healthcare Funding,357788-27539
tag:State Healthcare Funding,357788-27624
tag:State Healthcare Funding,357788-41780
tag:State Healthcare Funding,357788-50452
tag:State Healthcare Funding,357788-59303
tag:State Healthcare Funding,357792-103530
tag:State Healthcare Funding,357792-112812
tag:State Healthcare Funding,357792-36679
tag:State Healthcare Funding,357792-36885
tag:State Healthcare Funding,357792-48060
tag:State Healthcare Funding,357792-77448
tag:State Healthcare Funding,357792-93440
tag:State Healthcare Funding,357929-32281
tag:State Healthcare Funding,357929-52950
tag:State Healthcare Funding,357929-67019
tag:State Healthcare Funding,357929-73466
tag:State Healthcare Funding,357929-81719
tag:State Healthcare Funding,358389-186777
tag:State Healthcare Funding,358389-237319
tag:State Healthcare Funding,358411-185723
tag:State Healthcare Funding,358411-236153
tag:State Healthcare Funding,362122-410
tag:State Healthcare Funding,365269-28401
tag:State Healthcare Funding,365519-291324
tag:State Healthcare Funding,365519-386798
tag:State Healthcare Funding,365520-261699
tag:State Healthcare Funding,365558-187418
tag:State Healthcare Funding,365558-237799
tag:State Healthcare Funding,365563-202626
tag:State Healthcare Funding,365563-259415
tag:State Healthcare Funding,365667-878
tag:State Healthcare Funding,367939-2193589
tag:State Healthcare Funding,367939-2196420
tag:State Healthcare Funding,367939-2855478
tag:State Healthcare Funding,367939-2997901
tag:State Healthcare Funding,369014-9644
tag:State Healthcare Funding,369043-17016
tag:State Healthcare Funding,369667-14448
tag:State Healthcare Funding,369667-20081
tag:State Healthcare Funding,369667-27038
tag:State Healthcare Funding,36f195fd-2c3f-41fd-85c8-2174e9308042
tag:State Healthcare Funding,37015-10693448
tag:State Healthcare Funding,37015-12162981
tag:State Healthcare Funding,37015-12164755
tag:State Healthcare Funding,370337-22236
tag:State Healthcare Funding,370457-14611
tag:State Healthcare Funding,375190-12861
tag:State Healthcare Funding,375190-12863
tag:State Healthcare Funding,375190-12866
tag:State Healthcare Funding,375190-12873
tag:State Healthcare Funding,375190-16397
tag:State Healthcare Funding,375190-16406
tag:State Healthcare Funding,375190-16407
tag:State Healthcare Funding,375190-16411
tag:State Healthcare Funding,375190-16416
tag:State Healthcare Funding,375190-1646
tag:State Healthcare Funding,375190-19275
tag:State Healthcare Funding,375190-19387
tag:State Healthcare Funding,375190-19389
tag:State Healthcare Funding,375190-19453
tag:State Healthcare Funding,375190-19487
tag:State Healthcare Funding,375190-19489
tag:State Healthcare Funding,375190-25338
tag:State Healthcare Funding,375190-25339
tag:State Healthcare Funding,375190-25341
tag:State Healthcare Funding,375190-25342
tag:State Healthcare Funding,375190-25345
tag:State Healthcare Funding,375190-25346
tag:State Healthcare Funding,375190-25348
tag:State Healthcare Funding,375190-25350
tag:State Healthcare Funding,375190-25511
tag:State Healthcare Funding,375190-25512
tag:State Healthcare Funding,375190-25513
tag:State Healthcare Funding,375190-25514
tag:State Healthcare Funding,375190-25515
tag:State Healthcare Funding,375190-25517
tag:State Healthcare Funding,375190-25519
tag:State Healthcare Funding,375190-26089
tag:State Healthcare Funding,375190-26095
tag:State Healthcare Funding,375190-26096
tag:State Healthcare Funding,375190-26097
tag:State Healthcare Funding,375190-26098
tag:State Healthcare Funding,375190-26099
tag:State Healthcare Funding,375190-26102
tag:State Healthcare Funding,375190-26103
tag:State Healthcare Funding,375190-26106
tag:State Healthcare Funding,375190-29148
tag:State Healthcare Funding,375190-29149
tag:State Healthcare Funding,375190-29150
tag:State Healthcare Funding,375190-29151
tag:State Healthcare Funding,375190-29152
tag:State Healthcare Funding,375190-29153
tag:State Healthcare Funding,375190-29154
tag:State Healthcare Funding,375190-29155
tag:State Healthcare Funding,375190-29156
tag:State Healthcare Funding,375190-29157
tag:State Healthcare Funding,375190-29158
tag:State Healthcare Funding,375190-3015
tag:State Healthcare Funding,375190-3017
tag:State Healthcare Funding,375190-3025
tag:State Healthcare Funding,378090-97
tag:State Healthcare Funding,386947-10190
tag:State Healthcare Funding,386947-16377
tag:State Healthcare Funding,386947-20773
tag:State Healthcare Funding,386947-25677
tag:State Healthcare Funding,38b4f08c-65c2-47f2-b08f-176e4d51b894
tag:State Healthcare Funding,395328-3334
tag:State Healthcare Funding,39966-2851409
tag:State Healthcare Funding,39966-2887964
tag:State Healthcare Funding,39e7d898-8844-45b5-9663-7ba55dbf566a
tag:State Healthcare Funding,3cc1afdc-4d56-4eaf-8cf9-27f1c7d55017
tag:State Healthcare Funding,403505-1560
tag:State Healthcare Funding,404571-2909
tag:State Healthcare Funding,40792-40193
tag:State Healthcare Funding,426592-53096
tag:State Healthcare Funding,426816-32585
tag:State Healthcare Funding,426989-3421
tag:State Healthcare Funding,426989-52428
tag:State Healthcare Funding,426991-53267
tag:State Healthcare Funding,427132-58341
tag:State Healthcare Funding,427132-5873
tag:State Healthcare Funding,427372-190107
tag:State Healthcare Funding,427372-36136
tag:State Healthcare Funding,432005-14143
tag:State Healthcare Funding,432005-239
tag:State Healthcare Funding,432005-4910
tag:State Healthcare Funding,432005-6699
tag:State Healthcare Funding,432005-7562
tag:State Healthcare Funding,432451-32815
tag:State Healthcare Funding,432451-6187
tag:State Healthcare Funding,435187-26973
tag:State Healthcare Funding,436645-9447
tag:State Healthcare Funding,436701-7119
tag:State Healthcare Funding,436701-7198
tag:State Healthcare Funding,436751-1198
tag:State Healthcare Funding,436792-335
tag:State Healthcare Funding,436792-3862
tag:State Healthcare Funding,436792-6520
tag:State Healthcare Funding,437742-17277
tag:State Healthcare Funding,438503-55436
tag:State Healthcare Funding,4394-12185172
tag:State Healthcare Funding,4394-12192974
tag:State Healthcare Funding,445639-2729
tag:State Healthcare Funding,445645-289
tag:State Healthcare Funding,446330-231969
tag:State Healthcare Funding,446330-232940
tag:State Healthcare Funding,446330-255798
tag:State Healthcare Funding,446330-262228
tag:State Healthcare Funding,446330-269588
tag:State Healthcare Funding,446330-544945
tag:State Healthcare Funding,446330-550655
tag:State Healthcare Funding,448751-15837
tag:State Healthcare Funding,451011-43620
tag:State Healthcare Funding,452749-28284
tag:State Healthcare Funding,456765-45418
tag:State Healthcare Funding,457271-2672
tag:State Healthcare Funding,48154-22170
tag:State Healthcare Funding,48154-24579
tag:State Healthcare Funding,49011-544289
tag:State Healthcare Funding,49080-3612322
tag:State Healthcare Funding,49080-3615100
tag:State Healthcare Funding,49080-3773990
tag:State Healthcare Funding,49092-11144086
tag:State Healthcare Funding,49092-11740415
tag:State Healthcare Funding,49092-11963786
tag:State Healthcare Funding,49092-12452032
tag:State Healthcare Funding,49092-12871242
tag:State Healthcare Funding,49309-1246697
tag:State Healthcare Funding,503dcc5b-048d-4ee1-8a7c-8d905e9ea968
tag:State Healthcare Funding,53298-1045258
tag:State Healthcare Funding,53298-1053004
tag:State Healthcare Funding,53298-1106970
tag:State Healthcare Funding,53298-1125324
tag:State Healthcare Funding,53298-1218028
tag:State Healthcare Funding,53298-1237633
tag:State Healthcare Funding,53298-1249862
tag:State Healthcare Funding,53298-1252728
tag:State Healthcare Funding,53298-1257740
tag:State Healthcare Funding,53298-1294325
tag:State Healthcare Funding,53298-936814
tag:State Healthcare Funding,53298-966266
tag:State Healthcare Funding,53683-104902
tag:State Healthcare Funding,53683-136008
tag:State Healthcare Funding,537-1108703
tag:State Healthcare Funding,53f77bb0-3683-4c48-a264-7337476d2f4e
tag:State Healthcare Funding,54747-144715
tag:State Healthcare Funding,550-3568555
tag:State Healthcare Funding,550-3613400
tag:State Healthcare Funding,550-3660557
tag:State Healthcare Funding,59691-64745
tag:State Healthcare Funding,5f42a7f8-528e-4c18-b4de-c81f4de59b8b
tag:State Healthcare Funding,69278-11829542
tag:State Healthcare Funding,69278-13390234
tag:State Healthcare Funding,69278-13394925
tag:State Healthcare Funding,69278-13463540
tag:State Healthcare Funding,6a810c5e-8e57-4b4d-9da9-99984db9bd17
tag:State Healthcare Funding,6ea550f7-5dcf-48ee-8c61-b8db9cf320d8
tag:State Healthcare Funding,70185-262660
tag:State Healthcare Funding,7431d82a-df8f-4313-b10b-60999d3dbc9c
tag:State Healthcare Funding,756f4479-76e8-4e46-bf45-1e7a54b243b0
tag:State Healthcare Funding,75cc2668-f069-445b-84ea-53ad7a0f1896
tag:State Healthcare Funding,7977c875-2ea1-4652-8855-8b9691cde9ba
tag:State Healthcare Funding,7uctF5DpiYInzLTUljPhIquNztk
tag:State Healthcare Funding,835-3848992
tag:State Healthcare Funding,8e1b754f-e1df-45fe-ae9b-80dc4868aa5c
tag:State Healthcare Funding,94259-344745
tag:State Healthcare Funding,94259-344923
tag:State Healthcare Funding,94259-350700
tag:State Healthcare Funding,9c3f31ec-c2cd-4088-8d90-a7197b23c148
tag:State Healthcare Funding,DJDN000020240117ek1h001sk
tag:State Healthcare Funding,MRKWC00020240401ek41002bd
tag:State Healthcare Funding,a1218d09-b82f-4711-8465-8915c0708349
tag:State Healthcare Funding,a79fe4b4-ecbc-4000-a008-8278aabede5a
tag:State Healthcare Funding,b14f37a9-1442-4260-bb00-dcc883ccfe40
tag:State Healthcare Funding,c87e67d2-e9a3-4f9e-b5e3-9021096d6d38
tag:State Healthcare Funding,cd2edb35-f37f-4dc6-9010-71ca35d2dee6
tag:State Healthcare Funding,dcb501b7-1aba-4e6d-a873-32853f948572
tag:State Healthcare Funding,e197bb5a-2d2b-41f1-a291-e652596ecaab
tag:State Healthcare Funding,ec006536-0843-415b-9ee9-c113908c11ce
tag:State Healthcare Funding,ecd54ec4-5e4d-4f1f-b9ed-3299b9f58e09
tag:State Healthcare Funding,ed9a59b3-d4cc-4af2-b620-974a35314e7a
tag:State Healthcare Funding,ef90654d-b113-480a-b7e0-0dfa92711676
tag:State Healthcare Funding,f141c619-58a2-4a4d-9057-e4ce81274e4d
tag:State Healthcare Funding,fd57cc8e-489c-4b8c-a90a-8d27d59b4b93
tag:State Healthcare Funding,http://www.econotimes.com/US-Healthcare-Costs-Reached-49-Trillion-in-2023-as-Prescription-Drugs-and-ACA-Plans-Drove-Growth-1697353
tag:State Healthcare Funding,https://businessday.ng/news/article/malaria-ravages-constituents-as-lawmakers-get-n740bn-in-constituency-projects/
tag:State Healthcare Funding,https://businessmirror.com.ph/2025/05/21/bd-aims-to-secure-slice-of-medical-technology-market/
tag:State Healthcare Funding,https://marginalrevolution.com/marginalrevolution/2024/12/friday-assorted-links-500.html
tag:State Healthcare Funding,https://saludequitativa.blogspot.com/2025/07/national-health-expenditure-projections.html
tag:State Healthcare Funding,https://theconversation.com/nz-budget-2025-anything-less-than-a-5-increase-in-health-funding-amounts-to-merely-standing-still-255593
tag:State Healthcare Funding,https://tnc.news/2024/07/19/bc-conservatives-deny-ndp-claim-healthcare/
tag:State Healthcare Funding,https://tnc.news/2024/11/07/healthcare-spending-oecd-outpacing-economy/
tag:State Healthcare Funding,https://truthout.org/articles/us-health-care-spending-expected-to-outpace-economic-growth-over-next-decade/
tag:State Healthcare Funding,https://www.aei.org/economics/national-health-expenditure-trends-in-the-us-and-other-advanced-economies/
tag:State Healthcare Funding,https://www.arcadianews.com/online_features/money_and_finance/steve-ballmer-s-usafacts-presents-government-data-on-health-healthcare-and-america-by-the-numbers/article_82cdb848-fd2b-5f53-bdcf-43860b944e9e.html
tag:State Healthcare Funding,https://www.beckershospitalreview.com/finance/healthcare-spending-grew-7-5-in-2023-8-things-to-know.html
tag:State Healthcare Funding,https://www.beckershospitalreview.com/finance/us-to-spend-8-6-trillion-on-healthcare-by-2033-cms/
tag:State Healthcare Funding,https://www.benzinga.com/general/biotech/24/12/42600472/your-healthcare-costs-are-soaring-us-spending-reached-5-trillion-in-2023-with-major-increase-in-o
tag:State Healthcare Funding,https://www.benzinga.com/government/24/05/38782353/barbarism-aoc-unleashes-fury-on-us-healthcare-system-as-people-are-choosing-between-medicine-and-ren
tag:State Healthcare Funding,https://www.benzinga.com/markets/cannabis/24/09/40900626/legal-medical-cannabis-could-save-us-healthcare-29b-annually-new-study-finds
tag:State Healthcare Funding,https://www.benzinga.com/pressreleases/24/10/n41255463/expanding-services-in-developing-countries-aging-populations-are-driving-global-growth-in-healthca
tag:State Healthcare Funding,https://www.benzinga.com/pressreleases/25/01/n43158944/the-10-least-efficient-states-for-2025-include-an-unexpected-mix-of-red-and-blue
tag:State Healthcare Funding,https://www.blogarama.com/education-blogs/1398452-premium-researchers-blog/69504422-public-health-expenditure-outcomes-nigeria-1986-2016
tag:State Healthcare Funding,https://www.blogarama.com/finance-blogs/1455105-exaputra-blog/70521124-healthcare-expenditure-leading-country-comparison-per-capita-spending
tag:State Healthcare Funding,https://www.blogarama.com/health-and-fitness-blogs/1398838-health-blog-for-better-living/69616233-india-should-increase-healthcare-spending-gdp-achieve-viksit-bharat-goal
tag:State Healthcare Funding,https://www.blogarama.com/marketing-blogs/1426913-support-outsourcing-way-grow-buisness-blog/67390827-health-system-ranks-last-new-study
tag:State Healthcare Funding,https://www.blogarama.com/politics-blogs/1422926-telangana-tribune-blog/57942994-timing-lancet-report-healthcare-hyderabad-questioned-experts
tag:State Healthcare Funding,https://www.blogarama.com/travel-blogs/1451737-travel-hacks-see-world-shoestring-blog/63331401-india-expands-free-health-insurance-for-citizens-over
tag:State Healthcare Funding,https://www.boersen-zeitung.de/konjunktur-politik/deutschland-vor-explosion-der-gesundheitsausgaben
tag:State Healthcare Funding,https://www.boersen-zeitung.de/konjunktur-politik/oecd-ruegt-untaetigkeit-der-politik-gegen-demografiefolgen
tag:State Healthcare Funding,https://www.bostonherald.com/2024/11/16/gaskin-food-as-medicine-boosts-americas-health-economy/
tag:State Healthcare Funding,https://www.brandpointcontent.com/article/43608/steve-ballmers-usafacts-presents-government-data-on-health--healthcare-and-america-by-the-numbers-to-educate-voters-before-nov-5
tag:State Healthcare Funding,https://www.brookings.edu/articles/is-this-time-different-the-slowdown-in-health-care-spending/
tag:State Healthcare Funding,https://www.business-standard.com/markets/news/narayana-max-healthcare-rally-up-to-5-hit-new-highs-in-weak-market-125061300585_1.html
tag:State Healthcare Funding,https://www.dimsumdaily.hk/hong-kongs-health-spending-hits-hk284-1-billion-public-funds-cover-61/
tag:State Healthcare Funding,https://www.dimsumdaily.hk/legco-report-highlights-45-decline-in-fiscal-reserves-over-six-years-and-limited-savings-from-civil-service-job-cuts/
tag:State Healthcare Funding,https://www.europe1.fr/economie/en-direct-budget-2026-suivez-les-annonces-cles-de-francois-bayrou-pour-faire-des-economies-764111
tag:State Healthcare Funding,https://www.fa-mag.com/news/healthcare-spending-is-sinking-the-federal-budget-80554.html
tag:State Healthcare Funding,https://www.fiercehealthcare.com/hospitals/dismal-healthcare-provision-makes-us-unsuccessful-nation-report-says
tag:State Healthcare Funding,https://www.fool.com/investing/2024/06/03/want-1-million-in-retirement-2-etfs-to-buy-now/
tag:State Healthcare Funding,https://www.fool.com/investing/how-to-invest/etfs/how-to-invest-in-vht-etf/
tag:State Healthcare Funding,https://www.foxnews.com/politics/house-gop-gives-roadmap-make-america-healthy-again-cites-healthcare-system-impact-national-defense
tag:State Healthcare Funding,https://www.gazzettadimodena.it/speciale/2025/06/25/news/nato-misiani-con-accordo-al-5-piu-tasse-e-tagli-a-scuola-e-a-sanita-1.100726911
tag:State Healthcare Funding,https://www.globest.com/2025/07/14/outpatient-care-gains-momentum-as-hospitals-target-complex-procedures/
tag:State Healthcare Funding,https://www.healthaffairs.org/content/forefront/making-health-spending-sustainable-means-targeting-increasingly-excessive-price-growth
tag:State Healthcare Funding,https://www.healthaffairs.org/doi/full/10.1377/hlthaff.2025.00802
tag:State Healthcare Funding,https://www.healthcaredive.com/news/us-lags-nations-health-system-performance-commonwealth-fund/727423/
tag:State Healthcare Funding,https://www.healthcarefinancenews.com/news/healthcare-expenditures-rise-increased-coverage-and-utilization
tag:State Healthcare Funding,https://www.healthleadersmedia.com/cfo/healthcare-spend-big-and-getting-bigger-can-vbc-make-impact
tag:State Healthcare Funding,https://www.healthleadersmedia.com/cfo/us-healthcare-spending-rises-48-trillion-2023-outpacing-gdp
tag:State Healthcare Funding,https://www.hrw.org/es/node/390955/printable/print
tag:State Healthcare Funding,https://www.ilfoglio.it/economia/2025/06/28/news/le-armi-le-pere-e-le-mele-quanti-miliardi-ne-servono--7876693/
tag:State Healthcare Funding,https://www.insidermonkey.com/blog/20-countries-that-spend-the-most-on-healthcare-1273919/
tag:State Healthcare Funding,https://www.insidermonkey.com/blog/20-countries-with-the-best-healthcare-in-2024-1273906/
tag:State Healthcare Funding,https://www.insidermonkey.com/blog/20-states-with-the-healthiest-populations-1273913/
tag:State Healthcare Funding,https://www.insidermonkey.com/blog/25-healthiest-countries-in-the-world-1264831/
tag:State Healthcare Funding,https://www.insidermonkey.com/blog/5-countries-that-spend-the-most-on-healthcare-1273921/
tag:State Healthcare Funding,https://www.insidermonkey.com/blog/biogen-inc-biib-among-the-cheap-healthcare-stocks-to-buy-heading-into-2025-1415238/
tag:State Healthcare Funding,https://www.insidermonkey.com/blog/edwards-lifesciences-corporation-ew-among-the-cheap-healthcare-stocks-to-buy-heading-into-2025-1415250/
tag:State Healthcare Funding,https://www.insidermonkey.com/blog/elevance-health-inc-elv-among-the-cheap-healthcare-stocks-to-buy-heading-into-2025-1415234/
tag:State Healthcare Funding,https://www.insidermonkey.com/blog/hca-healthcare-inc-hca-among-the-cheap-healthcare-stocks-to-buy-heading-into-2025-1415232/
tag:State Healthcare Funding,https://www.insidermonkey.com/blog/molina-healthcare-inc-moh-among-the-cheap-healthcare-stocks-to-buy-heading-into-2025-1415229/
tag:State Healthcare Funding,https://www.insidermonkey.com/blog/novartis-ag-nvs-among-the-cheap-healthcare-stocks-to-buy-heading-into-2025-1415247/
tag:State Healthcare Funding,https://www.insidermonkey.com/blog/solventum-corporation-solv-among-the-cheap-healthcare-stocks-to-buy-heading-into-2025-1415220/
tag:State Healthcare Funding,https://www.kodiakdailymirror.com/online_features/money_and_finance/article_51ddbe78-bcee-5271-9841-4d8c1f617948.html
tag:State Healthcare Funding,https://www.lapresse.ca/international/etats-unis/2025-05-12/congres-americain/semaine-cruciale-pour-trump-et-son-programme.php
tag:State Healthcare Funding,https://www.laprovinciadicomo.it/stories/premium/Editoriali/leterna-giovinezza-prezzo-pagare-o_3146861_11/
tag:State Healthcare Funding,https://www.lexblog.com/2025/01/02/healthcare-spending-is-sinking-the-federal-budget/
tag:State Healthcare Funding,https://www.malaymail.com/news/malaysia/2024/06/10/health-ministry-to-announce-healthcare-financing-reform-plan-soon-says-minister/139074
tag:State Healthcare Funding,https://www.malaymail.com/news/money/2024/06/13/us-healthcare-spending-rises-to-us48t-in-2023-outpacing-gdp/139507
tag:State Healthcare Funding,https://www.managedhealthcareexecutive.com/view/7-takeaways-from-cms-projections-for-u-s-healthcare-spending
tag:State Healthcare Funding,https://www.managedhealthcareexecutive.com/view/hospital-prescription-drug-spending-fuel-big-jump-in-u-s-healthcare-spending
tag:State Healthcare Funding,https://www.manilatimes.net/2024/08/28/tmt-newswire/house-panel-seeks-to-arrest-declining-share-of-lgus-in-health-spending/1967277
tag:State Healthcare Funding,https://www.marketwatch.com/story/as-trump-gop-grow-leery-of-medicaid-cuts-heres-who-may-foot-tax-cut-bill-61c94301
tag:State Healthcare Funding,https://www.medpagetoday.com/opinion/patientcenteredmedicalhome/113954
tag:State Healthcare Funding,https://www.morningstar.com/news/pr-newswire/20241009dc27286/expanding-services-in-developing-countries-aging-populations-are-driving-global-growth-in-healthcare-spending
tag:State Healthcare Funding,https://www.nasdaq.com/articles/7-best-countries-cheap-healthcare-and-how-much-it-costs-live-there
tag:State Healthcare Funding,https://www.news-medical.net/news/20240922/US-health-system-underperforms-despite-massive-spending-while-Australia-and-the-Netherlands-excel.aspx
tag:State Healthcare Funding,https://www.newsminer.com/online_features/money_and_finance/steve-ballmer-s-usafacts-presents-government-data-on-health-healthcare-and-america-by-the-numbers/article_0bc3258c-d50e-5df6-89cc-fa476280fb79.html
tag:State Healthcare Funding,https://www.perplexity.ai/page/poorest-nations-to-pay-record-oOxZxr16RcGWDw96a8kaAQ
tag:State Healthcare Funding,https://www.privateequityinternational.com/pe-firms-enjoy-indian-healthcare-boom/
tag:State Healthcare Funding,https://www.prnewswire.com/news-releases/expanding-services-in-developing-countries-aging-populations-are-driving-global-growth-in-healthcare-spending-302271836.html
tag:State Healthcare Funding,https://www.prnewswire.com/news-releases/the-10-least-efficient-states-for-2025-include-an-unexpected-mix-of-red-and-blue-302357728.html
tag:State Healthcare Funding,https://www.prnewswire.com/news-releases/us-healthcare-analytics-market-worth-us47-40-billion-by-2029-with-24-5-cagr--marketsandmarkets-302407887.html
tag:State Healthcare Funding,https://www.rawstory.com/smartnews/we-need-medicare-for-all-yesterday-u-s-healthcare-spending-to-hit-7-7-trillion/#comment-6480845919
tag:State Healthcare Funding,https://www.shango.media/bfm-tv-agnes-buzyn-ancienne-ministre-de-la-sante-la-fraude-vient-aussi-des-professionnels-qui-parfois-profitent-du-systeme-9928978
tag:State Healthcare Funding,https://www.shango.media/bfm-tv-baisse-des-depenses-de-sante-les-arrets-maladie-dans-le-viseur-du-gouvernement-9929913
tag:State Healthcare Funding,https://www.shango.media/bfm-tv-baisse-des-depenses-de-sante-nous-sommes-face-a-un-gouvernement-dune-grande-brutalite-deplore-alexis-corbiere-ecologiste-et-social-9930718
tag:State Healthcare Funding,https://www.shango.media/bfm-tv-doublement-des-plafonds-des-franchises-medicales-ca-ne-resout-pas-le-probleme-des-depenses-de-lassurance-maladie-estime-le-medecin-generaliste-roger-rua-9933693
tag:State Healthcare Funding,https://www.shango.media/bfm-tv-linitiative-est-bien-un-nouveau-traitement-preventif-contre-le-vih-autorise-9929594
tag:State Healthcare Funding,https://www.shango.media/bfm-tv-loi-duplomb-les-producteurs-on-les-met-dans-une-situation-ou-ils-nont-pas-de-produits-de-substitution-denonce-alexis-corbiere-divers-gauche-9930720
tag:State Healthcare Funding,https://www.shango.media/bfm-tv-un-ete-aux-maldives-3-4-la-plus-grande-cave-a-vin-de-locean-indien-9929903
tag:State Healthcare Funding,https://www.techtarget.com/healthcarepayers/news/366626755/National-health-expenditures-to-reach-86T-by-2033-CMS
tag:State Healthcare Funding,https://www.techtarget.com/revcyclemanagement/news/366617662/Whats-driving-49T-in-US-healthcare-spending
tag:State Healthcare Funding,https://www.thecentersquare.com/iowa/article_a5cfa648-866f-11ef-b6d1-03456dd84b18.html
tag:State Healthcare Funding,https://www.thecentersquare.com/iowa/article_a5cfa648-866f-11ef-b6d1-03456dd84b18.html?a
tag:State Healthcare Funding,https://www.thecentersquare.com/louisiana/article_a536c8a0-af7e-4fe0-a71d-81ba040db323.html?a
tag:State Healthcare Funding,https://www.thehansindia.com/business/economic-survey-health-expenditure-grew-to-rs-61-lakh-crore-in-fy25-941240
tag:State Healthcare Funding,https://www.thehansindia.com/business/indias-healthcare-spending-expected-to-surge-to-5-pc-of-gdp-by-2030-report-960667
tag:State Healthcare Funding,https://www.thehansindia.com/life-style/health/public-spending-on-health-overtakes-out-of-pocket-expenditure-in-india-report-911132
tag:State Healthcare Funding,https://www.thehansindia.com/life-style/out-of-pocket-expenditure-in-india-decreasing-amid-govts-healthcare-push-920604
tag:State Healthcare Funding,https://www.thehindu.com/news/national/kerala/rising-out-of-pocket-health-expenditure-causes-and-solutions/article69769006.ece
tag:State Healthcare Funding,https://www.travelandtourworld.com/news/article/bali-and-labuan-bajo-tapped-to-become-indonesias-future-medical-tourism-powerhouses-what-you-need-to-know/
tag:State Healthcare Funding,https://www.washingtonexaminer.com/news/3387819/louisiana-lawmakers-file-bill-to-cap-growth-of-government/
tag:State Healthcare Funding,https://www.zazoom.it/2025-06-11/senza-tagli-di-spesa-tasse-intoccabili/17172560/
tag:State Healthcare Funding,https://www.zazoom.it/2025-06-27/debito-pubblico-la-francia-taglia-lassistenza-sanitaria-e-con-le-spese-militari-al-5-sara-ancora-peggio/17277404/
tag:State Healthcare Funding,https://www.zazoom.it/2025-07-01/conte-impegno-del-5-del-pil-per-la-difesa-e-un-dazio-mascherato-europa-divisa-e-incapace-di-far-politica/17301584/
tag:State Healthcare Funding,https://www.zazoom.it/2025-07-03/boom-del-gioco-on-line-in-toscana-persi-242-milioni-di-euro-nel-2024/17313582/
tag:State Healthcare Funding,https://www.zazoom.it/2025-07-30/spesa-sanitaria-soltanto-propaganda-sulla-pelle-dei-cittadini/17471576/
tag:State Healthcare Funding,https://www.zerohedge.com/personal-finance/visualizing-how-americans-spend-their-money
-UPQzJYQw54tqxYEIyrVbsZ5sSo,tag:World Health Leadership
tag:World Health Leadership,00070cff-1586-408c-a15b-980c15b19e69
tag:World Health Leadership,001c405f-0522-4667-929e-bea7777dbcdb
tag:World Health Leadership,0030786b-9190-4ab8-a4f3-78a0457429aa
tag:World Health Leadership,00316386-643f-4e1c-9d22-32443fbeae03
tag:World Health Leadership,0034da29-8219-43d5-a54c-509fc7de0abf
tag:World Health Leadership,0059d70e-c5d9-4762-874d-0208b34e0564
tag:World Health Leadership,007cf937-b6a5-41cb-962b-a1d95740bb0c
tag:World Health Leadership,007d37ef-6117-40e1-99fc-925f7047e55e
tag:World Health Leadership,008d2716-3cef-429c-9a75-40886cebe1c7
tag:World Health Leadership,00921382-ce78-47c1-8924-70e493805e4a
tag:World Health Leadership,009ceee4-4c79-4764-b57f-3fe2e4a66abf
tag:World Health Leadership,00f23a6f-acbc-468e-bec0-1a7332498847
tag:World Health Leadership,00f31f4e-8f44-40ae-b28c-1d9ced3e0cc2
tag:World Health Leadership,00f8f12d-57ef-4216-979d-6851fc7c7b8c
tag:World Health Leadership,010ee62e-1db7-421a-8a6f-95bbbdc405c3
tag:World Health Leadership,015da1a6-e8b8-4d36-aac4-542ee19baad4
tag:World Health Leadership,01612212-f6e0-4892-8d03-e3429bccc5b3
tag:World Health Leadership,019e4155-6862-4c3e-acfb-f63167245723
tag:World Health Leadership,01dc46a3-ff80-43e4-8b3d-eae94f326adb
tag:World Health Leadership,01e531a5-8c6c-469a-9d1d-65c11c4b9906
tag:World Health Leadership,01e917a2-463a-46ea-9dbe-a17da337ed64
tag:World Health Leadership,022910d7-089f-4a9c-b3a7-2ca62903d053
tag:World Health Leadership,024ac2d5-269c-45c0-bc95-d22e0ae787e1
tag:World Health Leadership,025acd2b-dcb5-4a0a-b8df-adbe89af97a8
tag:World Health Leadership,0272a675-0d56-4b85-8d46-a703c828c6cd
tag:World Health Leadership,02842ca1-6282-4dc0-ad22-a1c1179cf0e9
tag:World Health Leadership,02b595c2-7369-45c9-8b9e-67d8c28140d4
tag:World Health Leadership,02ec9969-e7fc-439f-9113-bdb9a87f6979
tag:World Health Leadership,0305566d-61e7-41c2-8f8e-8436d4e0d4af
tag:World Health Leadership,030d7ebe-31ed-436e-9dae-9590b6dafe70
tag:World Health Leadership,03165ba2-58a4-42a8-85cf-776b036b011a
tag:World Health Leadership,031dfdc3-858c-4c03-8077-a2a6a754361c
tag:World Health Leadership,0348b70f-566c-4ada-8a24-0739e729f533
tag:World Health Leadership,03508496-7d0a-444b-a80d-06423bf22308
tag:World Health Leadership,0355a5e6-fd6c-419b-a586-fe9a1a2307ed
tag:World Health Leadership,0360f8fb-5b73-442d-8500-1f854b7771c1
tag:World Health Leadership,036dabd0-1ec8-4557-96a4-a1fc564d022c
tag:World Health Leadership,03714caf-025c-4cab-9231-383da17f1fc0
tag:World Health Leadership,0376b9fd-0d98-4593-9df8-ca778532a3ed
tag:World Health Leadership,0376c2e7-652f-485e-8f4c-7887b392239e
tag:World Health Leadership,038cbbc9-b023-460a-a28b-e09ad13fc621
tag:World Health Leadership,038f5fc2-7ff3-418c-8721-3f0482bbb3d9
tag:World Health Leadership,03c23997-2372-4dc3-b668-e84f75db6589
tag:World Health Leadership,03cd07f3-65fd-44da-98ff-c5a4078c9939
tag:World Health Leadership,03e787e9-beb3-435a-9ce9-57f0c718e123
tag:World Health Leadership,03e7a928-514f-4b34-8c5e-dc969da57bc2
tag:World Health Leadership,040809c8-61f9-4a59-b219-7b36e6b5bfc6
tag:World Health Leadership,040aa4e3-deb5-405e-8ff1-2941ea16d46b
tag:World Health Leadership,040f247e-9365-4a8a-a785-90fa6ffcbefd
tag:World Health Leadership,040fdb3e-58af-45ba-904a-301963e00189
tag:World Health Leadership,04117c1b-1b3e-4e11-befd-ea30cefd6336
tag:World Health Leadership,0412a950-73ea-451b-a045-b3c0dcfe590c
tag:World Health Leadership,04149afc-4d0b-4bc2-8d41-22cfc38bd6a8
tag:World Health Leadership,041cccb0-b0c0-4a97-bce9-083daf463e3e
tag:World Health Leadership,0442725d-6aba-4591-bb6f-9f5f304fa7e8
tag:World Health Leadership,04471c4b-9202-45dc-9745-244e65bb297d
tag:World Health Leadership,0459f92c-b489-48bd-ac3e-77ebffa9c52e
tag:World Health Leadership,046494bf-cfe4-45a3-8334-ebd77a66c40a
tag:World Health Leadership,0480e896-cd24-4868-8ca3-f9ecfe51b7fe
tag:World Health Leadership,04921687-2098-45f9-a91b-ca3395eb40a6
tag:World Health Leadership,04abfd63-3703-4b8a-ae7f-00ba44f67160
tag:World Health Leadership,04bc0e45-3a5f-4c75-8321-6cd86c9da998
tag:World Health Leadership,04d5fb1a-7de4-4fd0-b3e6-028a5cce2571
tag:World Health Leadership,04d7fd29-0920-4be8-b3a8-84d81b713a1e
tag:World Health Leadership,04de6c8f-7902-478b-abfe-f56a7db16566
tag:World Health Leadership,04f6c4d1-46b0-4cd3-89fb-878dd3d461c4
tag:World Health Leadership,05100153-57be-459c-ba0a-a605b0ef8844
tag:World Health Leadership,05164792-9891-4d8c-b25b-51fbf5f98074
tag:World Health Leadership,0565dfd1-e2f2-405f-8b78-0db8835f78c1
tag:World Health Leadership,0587b108-924c-418c-89ed-0764a27c0803
tag:World Health Leadership,059f3195-8d8f-42a3-b8bd-4e78888df0a8
tag:World Health Leadership,05a32efd-d2d1-473f-b107-5f866f1ce510
tag:World Health Leadership,05f0dbad-d77e-4eab-9403-f93b61d4e736
tag:World Health Leadership,05f8ccb4-290b-4f88-8c0c-af890c38d238
tag:World Health Leadership,062220c8-1f94-4f7e-863d-5ec71682a4ed
tag:World Health Leadership,0631f9c6-705b-46fd-8d05-eae765a3d45a
tag:World Health Leadership,063496bd-80b7-4452-b5b9-18ccd07785b8
tag:World Health Leadership,06526aa0-e4bd-4b5f-9885-4cd7382ba93d
tag:World Health Leadership,065ffd7e-3aa1-412e-8457-dfe8031c0b16
tag:World Health Leadership,0679b370-1fd3-46d7-b60e-1ae6481df716
tag:World Health Leadership,06896de9-771c-414f-acb0-92ae7ed0d569
tag:World Health Leadership,06a5af69-acb6-4361-947e-ff30dea568b7
tag:World Health Leadership,06af20d1-0795-4628-880a-7cb8aee35e19
tag:World Health Leadership,06b70479-75d8-4062-852e-5663688aa53c
tag:World Health Leadership,06bd477e-d038-480a-a4eb-2d5443b29209
tag:World Health Leadership,06fb0f2c-78ec-4b26-85f8-6e34aab12f8f
tag:World Health Leadership,0714b9d5-147f-452f-8af0-32d738a892dd
tag:World Health Leadership,071c73a0-725b-42e9-80e6-73ae86748d7a
tag:World Health Leadership,073c385f-cc51-465c-aa42-b4e7dfa4a35a
tag:World Health Leadership,074bc9b4-08c3-4ed7-aee4-891bdf34b441
tag:World Health Leadership,0760d2fe-fae4-46ec-8051-ad8ea36744d4
tag:World Health Leadership,0768796d-a31d-4aef-ac4a-59510a127031
tag:World Health Leadership,076b1b8c-524d-497a-9608-e6f8aa1db956
tag:World Health Leadership,07765bf6-7da9-4d26-822c-e690835a273a
tag:World Health Leadership,07b55c2f-49ea-4cec-beae-380a528b0865
tag:World Health Leadership,07b7ef9a-75ed-4478-92ec-5df63ddb7702
tag:World Health Leadership,07bea612-a277-445d-8899-fcdc0961c395
tag:World Health Leadership,07c4e421-becd-4662-9a2f-108635ac4db1
tag:World Health Leadership,07c5c4c6-8a8e-468b-a98a-d815fe3d53f7
tag:World Health Leadership,07cb99b7-4a1b-46d5-a580-a933f2eeff13
tag:World Health Leadership,07dfe663-d403-41d9-8dbc-922cf83d5b20
tag:World Health Leadership,07f216ce-6f6c-4e0c-bcdb-bb044aa7e71c
tag:World Health Leadership,0818ab07-d6c0-4032-aaf1-8246d13b9909
tag:World Health Leadership,081ae488-36eb-48ba-8fdb-464ee1d13a7e
tag:World Health Leadership,083aa662-e2eb-4264-a0ed-af42fcfe0a72
tag:World Health Leadership,084c0714-7b8e-4ebc-94db-2abbdb315db9
tag:World Health Leadership,084cd4c4-b981-4bc4-90fd-dcff92d1218d
tag:World Health Leadership,08587c51-bf3d-4685-82df-107e9753ec9b
tag:World Health Leadership,085a1f7b-7fe3-4314-9cfc-7ee6e83d8b10
tag:World Health Leadership,08600eec-d443-4e8f-b9c9-73050daaedf7
tag:World Health Leadership,086b5800-9f1c-49ac-b472-8ccce8353607
tag:World Health Leadership,087381dc-bb94-4db7-858c-e70c095cd8ae
tag:World Health Leadership,08758e97-7ce9-4979-9f54-6b69814de713
tag:World Health Leadership,087fff7c-17f6-4605-b247-433804e7c186
tag:World Health Leadership,088618a2-f655-4ecb-97a7-cab9f4d16a0e
tag:World Health Leadership,088f063a-3809-4786-8713-fe2a6e9abfe1
tag:World Health Leadership,08a10bf1-8347-4766-9c52-4bf1c9c23d0c
tag:World Health Leadership,08b015ba-22c0-43e3-b634-9f75e84e9719
tag:World Health Leadership,08cb2ca7-9794-4ae8-abae-57fcc90fb030
tag:World Health Leadership,08e7cdcb-bfbb-48d1-8703-3a518245b781
tag:World Health Leadership,0909dc6a-dd55-402a-9202-9f594db88688
tag:World Health Leadership,0942f27a-2353-4200-a26d-da24de4a4a76
tag:World Health Leadership,096fc476-b9d9-4b67-8c5a-f2372da4f8a2
tag:World Health Leadership,09761050-cfef-47a9-b8a1-e2afab2e5c4b
tag:World Health Leadership,09a3e90f-38ca-4398-a494-ccd155820229
tag:World Health Leadership,09c27949-fbf1-4975-a4d0-3540c5e16ae1
tag:World Health Leadership,09cb6ecf-525f-4c64-9fe2-e25fde79c22c
tag:World Health Leadership,09cb843d-eea8-47aa-bf91-4ba22187004c
tag:World Health Leadership,09d1c9a8-68b2-4ad0-aa02-cc286994fb9d
tag:World Health Leadership,09d3c836-9bf2-446d-94db-ebf6f9123efa
tag:World Health Leadership,09d93057-ec1e-457e-8feb-e597b9181945
tag:World Health Leadership,09db9d7b-83ec-4e94-82e0-4feb779583e1
tag:World Health Leadership,09f4322e-894c-4abd-a75a-e4c9fffbb7e4
tag:World Health Leadership,0a0f4736-f3a0-482f-9716-d10d78119506
tag:World Health Leadership,0a2c99ff-abf6-4451-ab92-f31b1a734dcf
tag:World Health Leadership,0a51052f-5d15-4c0a-9171-258f05be3432
tag:World Health Leadership,0a7cd895-439e-4b5d-943a-90ab8d3fdc40
tag:World Health Leadership,0ab7fbbe-1be2-4c7e-89cf-35e00d51f8dd
tag:World Health Leadership,0ab8ea6b-54e9-4034-ba85-49d667631efc
tag:World Health Leadership,0ac2bac4-33e0-4dc2-aee6-811d174fb326
tag:World Health Leadership,0acab548-b2bb-4dc1-a73a-126e2fb4f6ce
tag:World Health Leadership,0aeb2bad-1e73-469b-b283-756a8bff97a8
tag:World Health Leadership,0af59a35-55d9-4752-933a-ad031f985e94
tag:World Health Leadership,0af61e15-6f40-4b75-a13d-a29c067be140
tag:World Health Leadership,0b26d22a-ae2f-44bf-a32a-165316b53153
tag:World Health Leadership,0b2b034a-07b1-409d-aec8-4fd6cd4fe365
tag:World Health Leadership,0b350854-e3b0-4d5a-981d-5d7583ea0917
tag:World Health Leadership,0b3f4ddb-1196-476e-aa10-a355a199a863
tag:World Health Leadership,0b49a5a5-1d23-4bf3-918c-13c0279d7494
tag:World Health Leadership,0b4d55b8-4eef-4e19-a9fc-de0de4d64103
tag:World Health Leadership,0b5099f0-11ab-4cb0-893b-225592514633
tag:World Health Leadership,0b50c433-2657-47af-86e8-4536bdd8c720
tag:World Health Leadership,0b601b48-bd02-45ec-9c21-086e8b4bdda9
tag:World Health Leadership,0b699777-8cf9-4a19-b446-383875caa679
tag:World Health Leadership,0b7dafd5-d718-4bd8-8508-977a4ec0f7d7
tag:World Health Leadership,0b851e26-f1ca-47bf-b519-8556e42fb4bb
tag:World Health Leadership,0b85e4ea-2e43-4842-82f2-2dce7c059ac9
tag:World Health Leadership,0baf1b40-5b50-4f32-bf79-56aa0eef0086
tag:World Health Leadership,0be9272e-ce89-43e0-84ee-ecd0a028e5cc
tag:World Health Leadership,0bf4e34a-7eb8-4e05-acb3-4a35290c6a3f
tag:World Health Leadership,0c0b6664-1a8d-465b-9530-06beca3ad830
tag:World Health Leadership,0c15e053-6696-4f76-a8cc-c5e900c7cd3d
tag:World Health Leadership,0c20156c-215e-41c4-a673-7a8320c1faac
tag:World Health Leadership,0c402b64-decb-40ab-9859-144535c48df4
tag:World Health Leadership,0c45b3c0-0efb-4321-9e00-228535ab196f
tag:World Health Leadership,0c8529cd-73e7-4eda-9d27-bf607b5562a6
tag:World Health Leadership,0c893526-a058-4d16-b202-78fe6e5b8db2
tag:World Health Leadership,0c89ae96-c8d1-47b9-9a3e-1458c8beeb81
tag:World Health Leadership,0c8f02a4-5d22-4dbf-92ef-b1cbeda55481
tag:World Health Leadership,0c9ad896-f1c4-43b7-a4ab-5c4790afaa8a
tag:World Health Leadership,0ca169dd-d40a-4712-be8d-37e8fd834ede
tag:World Health Leadership,0ca53da4-5be0-4500-8f47-246a335355be
tag:World Health Leadership,0ca8a718-9e39-4d41-b02d-2fc0c6a9aabe
tag:World Health Leadership,0cad58e9-acc2-4ec9-9601-da81aca0032d
tag:World Health Leadership,0cb9e5a6-7c69-45b7-816c-7a19c2b7a207
tag:World Health Leadership,0cbfcc3b-1ade-4479-9e68-ffcfcdc8acf6
tag:World Health Leadership,0cc072ec-3fe7-4f45-8f54-fd3599585cea
tag:World Health Leadership,0cd6085b-dd5a-4fcb-ba1f-3016aae25ebd
tag:World Health Leadership,0d14790f-67fa-4d07-81cc-2b36572e0f56
tag:World Health Leadership,0d2acd66-0d2c-486f-b8af-ba5a007ff507
tag:World Health Leadership,0d2f377c-6e64-4539-b3bc-89b3025752e0
tag:World Health Leadership,0d394a9b-299b-49a3-82ba-ba59ff200bef
tag:World Health Leadership,0d3b8731-c5be-48fd-887e-01d76a2211c2
tag:World Health Leadership,0d4f616c-9aeb-452d-8ed9-217e35516f6f
tag:World Health Leadership,0d546f84-d766-4d07-a033-f84e73e76809
tag:World Health Leadership,0d553298-f143-4bf0-860d-04f93accafb8
tag:World Health Leadership,0d566200-5a75-44ea-b611-4d7b846693e0
tag:World Health Leadership,0d5d3eb5-ee60-4d52-bd63-6b1ba0263009
tag:World Health Leadership,0d6048b7-5e13-457b-91cf-e252a67f3f2a
tag:World Health Leadership,0d71821b-dd7a-434f-8f39-cc39e6c528f1
tag:World Health Leadership,0d8f8959-b073-4f8e-b702-f045bcf64e06
tag:World Health Leadership,0d92f40d-a63c-4ad0-ae2c-740d0e7ae225
tag:World Health Leadership,0d94da55-7006-4527-8997-e3fe925297ab
tag:World Health Leadership,0db85a7e-433d-4aec-b078-abcb5e3a97b8
tag:World Health Leadership,0dcb49a9-03f9-48c1-90ca-2bd12942e2c6
tag:World Health Leadership,0dce0024-0e61-4cfd-aec8-2dd8ba8a5817
tag:World Health Leadership,0dd471a2-323b-40dc-a163-99811c7e5359
tag:World Health Leadership,0dd7a386-d727-4c9a-8edb-e999cbe446c7
tag:World Health Leadership,0ddb23d3-c1ab-4e91-9454-18effb1a2547
tag:World Health Leadership,0df8c59e-319e-4f3b-9586-8cbd5bba7dfb
tag:World Health Leadership,0dfb77d9-ff08-411b-aa94-d1092b4aabeb
tag:World Health Leadership,0e08e895-8e4f-455c-8cc0-f5061d95cb60
tag:World Health Leadership,0e18e937-7af0-4548-8ba6-4d95cf4cb6c0
tag:World Health Leadership,0e1d4e12-03a0-4e36-b403-e5cdc3df1480
tag:World Health Leadership,0e1f5a54-bd44-456b-99ff-ae049543326d
tag:World Health Leadership,0e22bcb3-6859-41e0-913e-71d5dc686692
tag:World Health Leadership,0e26d032-a76b-4a34-a932-d1e158cdb13d
tag:World Health Leadership,0e30fb8e-f5e8-4715-84d9-c583b04f3516
tag:World Health Leadership,0e313bd4-8b9c-43d5-88d6-738e3cae6dc2
tag:World Health Leadership,0e324910-214c-40e0-9c77-d32aacbe239b
tag:World Health Leadership,0e356b6a-a324-416f-a7f0-0f3bb3d60c9d
tag:World Health Leadership,0e35c9b2-9deb-4fb9-82b7-c943d260f298
tag:World Health Leadership,0e5b1cdc-1ea3-49dd-a1bd-fb2b8e775590
tag:World Health Leadership,0e717014-cd6b-437e-8d6f-3c89dcd8b6ac
tag:World Health Leadership,0e7b60d4-25c3-4063-9835-4a22868730ce
tag:World Health Leadership,0e944b67-5f8d-4fdd-80ae-d5a4695d659c
tag:World Health Leadership,0ea7885e-d406-4555-b9d1-dcf4075ae1c3
tag:World Health Leadership,0ed6a2d0-ca10-4aa9-a4d0-8c6729b6d769
tag:World Health Leadership,0ee8a083-90ef-40ff-b6d0-1f7e372c523c
tag:World Health Leadership,0ee97977-02aa-4630-9889-fa56cfac8494
tag:World Health Leadership,0f1b06a7-f4ee-466f-9852-8ef6f2d0317f
tag:World Health Leadership,0f29605a-a2fe-4e2a-ac3f-5bd22efaa5c6
tag:World Health Leadership,0f2d5969-7b37-49e0-8d72-66f0e2ef3f27
tag:World Health Leadership,0f38d629-6268-4321-af11-2f0cb8817af0
tag:World Health Leadership,0f682088-9c2d-4d78-9659-be7632238f58
tag:World Health Leadership,0f80a6c1-b93d-4121-9fc7-7011e455c7ac
tag:World Health Leadership,0f94de61-f35e-4b50-b51a-ec8b43e46b58
tag:World Health Leadership,0f9a1215-3f4d-4907-b951-8fb4cbbd841b
tag:World Health Leadership,0fa3d9c0-bf33-44f6-be04-97768ac85239
tag:World Health Leadership,0fa691a0-d5d2-45c0-8b9a-7ae4172cf217
tag:World Health Leadership,0faef28b-b92f-4ebb-8052-4f35316859d8
tag:World Health Leadership,0fb43bcb-14f9-4d8f-8929-abad66241cfb
tag:World Health Leadership,0fbe5c4f-76c7-4cc3-b232-633f8268e3e3
tag:World Health Leadership,0fcaca2c-5cde-4829-8811-5a4fce6f3110
tag:World Health Leadership,100192-255853
tag:World Health Leadership,10020a8e-9b5d-4f7b-961b-6355a6c9ea01
tag:World Health Leadership,100895-290470
tag:World Health Leadership,100966-349938
tag:World Health Leadership,100966-350807
tag:World Health Leadership,100966-353221
tag:World Health Leadership,101033-41222
tag:World Health Leadership,101dccc5-9c5d-41e1-92e5-cd3123f0c8d2
tag:World Health Leadership,101f364c-e1ac-46fd-9883-90a620333a47
tag:World Health Leadership,102335-732279
tag:World Health Leadership,102335-747352
tag:World Health Leadership,102335-750898
tag:World Health Leadership,102335-778162
tag:World Health Leadership,102335-779162
tag:World Health Leadership,102335-779693
tag:World Health Leadership,10279b19-21cc-4d9e-824d-e476def3e950
tag:World Health Leadership,102913-10031
tag:World Health Leadership,102913-10665
tag:World Health Leadership,102913-9508
tag:World Health Leadership,102913-9659
tag:World Health Leadership,102913-9887
tag:World Health Leadership,102913-9920
tag:World Health Leadership,102913-9928
tag:World Health Leadership,102915-6831
tag:World Health Leadership,102958-240872
tag:World Health Leadership,102958-248109
tag:World Health Leadership,103018-6548
tag:World Health Leadership,103046-450334
tag:World Health Leadership,103046-461298
tag:World Health Leadership,103189-6369
tag:World Health Leadership,103521-232668
tag:World Health Leadership,103521-235271
tag:World Health Leadership,103623-312289
tag:World Health Leadership,103623-317757
tag:World Health Leadership,103623-321481
tag:World Health Leadership,103660-11395
tag:World Health Leadership,103660-11867
tag:World Health Leadership,103660-12532
tag:World Health Leadership,103660-12658
tag:World Health Leadership,103805-2403
tag:World Health Leadership,103805-2503
tag:World Health Leadership,103805-2810
tag:World Health Leadership,104045-60227
tag:World Health Leadership,104183-86052
tag:World Health Leadership,104252-28645
tag:World Health Leadership,1048e1ca-d7ef-4b29-947a-0be6d0d74de6
tag:World Health Leadership,104939-1685057
tag:World Health Leadership,104939-1688508
tag:World Health Leadership,104939-1716190
tag:World Health Leadership,104939-1716374
tag:World Health Leadership,104939-1722532
tag:World Health Leadership,104939-1743648
tag:World Health Leadership,104939-1749779
tag:World Health Leadership,104939-1752733
tag:World Health Leadership,104939-1759853
tag:World Health Leadership,104939-1761666
tag:World Health Leadership,104939-1762705
tag:World Health Leadership,104939-1762764
tag:World Health Leadership,104939-1762799
tag:World Health Leadership,104939-1763533
tag:World Health Leadership,104939-1794978
tag:World Health Leadership,104984-103953
tag:World Health Leadership,104984-109023
tag:World Health Leadership,104984-114307
tag:World Health Leadership,104984-121503
tag:World Health Leadership,104984-142114
tag:World Health Leadership,104984-78637
tag:World Health Leadership,104984-84003
tag:World Health Leadership,104984-92441
tag:World Health Leadership,104985-228715
tag:World Health Leadership,104b184d-0411-45fa-8d49-3117bd6bf2cc
tag:World Health Leadership,1057cec7-41fc-4bbc-a85f-83b049e896e9
tag:World Health Leadership,105801-837982
tag:World Health Leadership,107442-1046111
tag:World Health Leadership,107442-1049071
tag:World Health Leadership,107442-1112768
tag:World Health Leadership,107442-1116207
tag:World Health Leadership,107442-1129653
tag:World Health Leadership,107442-1132494
tag:World Health Leadership,107442-1135068
tag:World Health Leadership,107442-1153174
tag:World Health Leadership,107442-1183356
tag:World Health Leadership,107442-1214820
tag:World Health Leadership,107442-1224180
tag:World Health Leadership,107442-1238889
tag:World Health Leadership,107442-1283354
tag:World Health Leadership,107442-1286072
tag:World Health Leadership,107442-1286589
tag:World Health Leadership,107442-1308253
tag:World Health Leadership,107442-1315765
tag:World Health Leadership,107442-1328770
tag:World Health Leadership,107442-1336167
tag:World Health Leadership,107442-1344484
tag:World Health Leadership,107442-1365584
tag:World Health Leadership,107442-1375044
tag:World Health Leadership,107442-1386727
tag:World Health Leadership,107442-1391302
tag:World Health Leadership,107442-1408570
tag:World Health Leadership,107442-1419288
tag:World Health Leadership,107442-1442505
tag:World Health Leadership,107442-1444223
tag:World Health Leadership,1075c4fd-377a-4035-9411-ba4a182c849d
tag:World Health Leadership,107740-877723
tag:World Health Leadership,1089f128-d362-4189-a11d-e4ff085dd379
tag:World Health Leadership,108df9ca-a908-422f-8677-c3d083680bf8
tag:World Health Leadership,109053-34721
tag:World Health Leadership,10930534-2109-4ccc-a3f0-0709820055fd
tag:World Health Leadership,1095-2328
tag:World Health Leadership,10bcbb17-c487-4e6f-9302-6f5e07cd4411
tag:World Health Leadership,10ca5ac3-a966-451a-9401-685d686019e1
tag:World Health Leadership,10cc8b9c-8930-4d73-bfa7-fbf7ff85234e
tag:World Health Leadership,10cdad42-1db0-41ce-8298-50bb56c6c1c5
tag:World Health Leadership,10d9fc74-2f96-42e5-8ff5-ac20008f910d
tag:World Health Leadership,10e65f27-77da-4f3b-88a3-367fd5b13daa
tag:World Health Leadership,10e80d02-9111-42c9-b6fb-0e454371a204
tag:World Health Leadership,10ea3692-d95a-40fa-b332-8a12c9d1d898
tag:World Health Leadership,10ec66bc-f884-4363-8945-50c17e23f639
tag:World Health Leadership,10f50af0-c924-44dc-bb73-961159281c2d
tag:World Health Leadership,1101-7435
tag:World Health Leadership,1101-7829
tag:World Health Leadership,110430bb-3ef9-4b5d-b9f6-c69eddfee8c9
tag:World Health Leadership,11064f43-6c42-4eb3-a0ed-3998c7aa0d7b
tag:World Health Leadership,110766-434866
tag:World Health Leadership,110766-439448
tag:World Health Leadership,110766-466742
tag:World Health Leadership,110766-467875
tag:World Health Leadership,110766-509246
tag:World Health Leadership,110766-509547
tag:World Health Leadership,110766-509765
tag:World Health Leadership,11126abb-8cb9-4d0a-bcdb-111603f7bc45
tag:World Health Leadership,112586-172498
tag:World Health Leadership,112625-611519
tag:World Health Leadership,112625-634981
tag:World Health Leadership,112639-105178
tag:World Health Leadership,112646-53934
tag:World Health Leadership,112752-15838
tag:World Health Leadership,112752-15845
tag:World Health Leadership,112752-15868
tag:World Health Leadership,112759-19193
tag:World Health Leadership,112781-18028
tag:World Health Leadership,112792-112943
tag:World Health Leadership,112833-527334
tag:World Health Leadership,112833-530334
tag:World Health Leadership,112833-534264
tag:World Health Leadership,112833-560148
tag:World Health Leadership,112833-560161
tag:World Health Leadership,112836-13871
tag:World Health Leadership,112880-10154
tag:World Health Leadership,112880-9299
tag:World Health Leadership,112880-9704
tag:World Health Leadership,112899-131784
tag:World Health Leadership,112899-147744
tag:World Health Leadership,112899-152549
tag:World Health Leadership,112967-26394
tag:World Health Leadership,112976-58262
tag:World Health Leadership,113223-119409
tag:World Health Leadership,113223-124053
tag:World Health Leadership,113223-126826
tag:World Health Leadership,113223-153894
tag:World Health Leadership,113223-155697
tag:World Health Leadership,1134-14755
tag:World Health Leadership,113471-18333
tag:World Health Leadership,113471-22493
tag:World Health Leadership,113489-213229
tag:World Health Leadership,113489-227272
tag:World Health Leadership,113489-298927
tag:World Health Leadership,113489-304419
tag:World Health Leadership,113489-306982
tag:World Health Leadership,113489-307588
tag:World Health Leadership,113489-320209
tag:World Health Leadership,113489-334140
tag:World Health Leadership,113489-366428
tag:World Health Leadership,113489-379183
tag:World Health Leadership,113489-381668
tag:World Health Leadership,113489-385024
tag:World Health Leadership,113489-385354
tag:World Health Leadership,113489-396487
tag:World Health Leadership,113489-413237
tag:World Health Leadership,113489-450812
tag:World Health Leadership,113489-453344
tag:World Health Leadership,113489-454709
tag:World Health Leadership,113489-455569
tag:World Health Leadership,113489-482462
tag:World Health Leadership,113489-491072
tag:World Health Leadership,113489-495203
tag:World Health Leadership,113489-505225
tag:World Health Leadership,113489-506196
tag:World Health Leadership,113489-524286
tag:World Health Leadership,113489-536627
tag:World Health Leadership,113489-542649
tag:World Health Leadership,113519-1435504
tag:World Health Leadership,113519-1441472
tag:World Health Leadership,113519-1445327
tag:World Health Leadership,113519-1450200
tag:World Health Leadership,113519-1465275
tag:World Health Leadership,113519-1477390
tag:World Health Leadership,113519-1494861
tag:World Health Leadership,113519-1523310
tag:World Health Leadership,113519-1529829
tag:World Health Leadership,113519-1551327
tag:World Health Leadership,113519-1566877
tag:World Health Leadership,113519-1581344
tag:World Health Leadership,113519-1590563
tag:World Health Leadership,113519-1593693
tag:World Health Leadership,113519-1596330
tag:World Health Leadership,113519-1604141
tag:World Health Leadership,113519-1629836
tag:World Health Leadership,113519-1635202
tag:World Health Leadership,113519-1702537
tag:World Health Leadership,113519-1756566
tag:World Health Leadership,113531-40831
tag:World Health Leadership,113551-261583
tag:World Health Leadership,113597-589928
tag:World Health Leadership,113604-97433
tag:World Health Leadership,113631-213844
tag:World Health Leadership,113631-219019
tag:World Health Leadership,113631-220729
tag:World Health Leadership,113642-19857
tag:World Health Leadership,113672-43403
tag:World Health Leadership,113673-332906
tag:World Health Leadership,113673-337662
tag:World Health Leadership,113673-339838
tag:World Health Leadership,113673-340341
tag:World Health Leadership,113673-349901
tag:World Health Leadership,113673-357964
tag:World Health Leadership,113673-390260
tag:World Health Leadership,113673-404118
tag:World Health Leadership,113673-407182
tag:World Health Leadership,113673-411008
tag:World Health Leadership,113673-411382
tag:World Health Leadership,113673-424368
tag:World Health Leadership,113673-443578
tag:World Health Leadership,113673-486496
tag:World Health Leadership,113673-489564
tag:World Health Leadership,113673-491030
tag:World Health Leadership,113673-492126
tag:World Health Leadership,113673-527025
tag:World Health Leadership,113673-537125
tag:World Health Leadership,113673-541902
tag:World Health Leadership,113673-553529
tag:World Health Leadership,113673-554657
tag:World Health Leadership,113673-574978
tag:World Health Leadership,113673-588056
tag:World Health Leadership,113673-594818
tag:World Health Leadership,113679-84929
tag:World Health Leadership,113683-29264
tag:World Health Leadership,113685-697381
tag:World Health Leadership,113692-118478
tag:World Health Leadership,113692-119722
tag:World Health Leadership,113692-138377
tag:World Health Leadership,113692-139009
tag:World Health Leadership,113692-143802
tag:World Health Leadership,113692-149476
tag:World Health Leadership,113692-153345
tag:World Health Leadership,113692-153348
tag:World Health Leadership,113694-106169
tag:World Health Leadership,113725-291351
tag:World Health Leadership,113725-295472
tag:World Health Leadership,113725-305292
tag:World Health Leadership,113725-315906
tag:World Health Leadership,113725-321318
tag:World Health Leadership,113725-323304
tag:World Health Leadership,113767-98550
tag:World Health Leadership,113768-164829
tag:World Health Leadership,113768-169271
tag:World Health Leadership,113768-175095
tag:World Health Leadership,113768-176000
tag:World Health Leadership,113769-33842
tag:World Health Leadership,113770-133352
tag:World Health Leadership,113770-134162
tag:World Health Leadership,113770-134182
tag:World Health Leadership,113770-134435
tag:World Health Leadership,113770-140943
tag:World Health Leadership,113770-141808
tag:World Health Leadership,113770-142230
tag:World Health Leadership,113770-150400
tag:World Health Leadership,113770-150402
tag:World Health Leadership,113772-742638
tag:World Health Leadership,113772-747669
tag:World Health Leadership,113772-778379
tag:World Health Leadership,113798-140197
tag:World Health Leadership,113798-166337
tag:World Health Leadership,113804-890294
tag:World Health Leadership,113823-27530
tag:World Health Leadership,113826-218277
tag:World Health Leadership,113826-228579
tag:World Health Leadership,113845-479800
tag:World Health Leadership,113857-257657
tag:World Health Leadership,113857-261640
tag:World Health Leadership,113857-273099
tag:World Health Leadership,113857-287135
tag:World Health Leadership,113867-44306
tag:World Health Leadership,113884-817881
tag:World Health Leadership,113891-598238
tag:World Health Leadership,113891-600742
tag:World Health Leadership,113911-84958
tag:World Health Leadership,113940-146161
tag:World Health Leadership,113940-156291
tag:World Health Leadership,113941-325562
tag:World Health Leadership,113941-334739
tag:World Health Leadership,113941-353535
tag:World Health Leadership,113941-367162
tag:World Health Leadership,113941-368782
tag:World Health Leadership,113941-381128
tag:World Health Leadership,113941-387894
tag:World Health Leadership,113941-410803
tag:World Health Leadership,113941-421031
tag:World Health Leadership,113941-429952
tag:World Health Leadership,113941-430596
tag:World Health Leadership,113941-430997
tag:World Health Leadership,113941-431145
tag:World Health Leadership,113959-200525
tag:World Health Leadership,113959-202998
tag:World Health Leadership,113959-214580
tag:World Health Leadership,113975-328798
tag:World Health Leadership,113975-351101
tag:World Health Leadership,113975-365037
tag:World Health Leadership,113975-368142
tag:World Health Leadership,113975-399984
tag:World Health Leadership,113975-400374
tag:World Health Leadership,113975-404464
tag:World Health Leadership,113981-359452
tag:World Health Leadership,113981-364893
tag:World Health Leadership,113981-391390
tag:World Health Leadership,113981-392727
tag:World Health Leadership,113981-429152
tag:World Health Leadership,113988-320743
tag:World Health Leadership,113988-333935
tag:World Health Leadership,113991-199107
tag:World Health Leadership,113991-209389
tag:World Health Leadership,113991-213379
tag:World Health Leadership,114014-70956
tag:World Health Leadership,114018-356753
tag:World Health Leadership,114018-395935
tag:World Health Leadership,114018-397576
tag:World Health Leadership,114018-435861
tag:World Health Leadership,114022-260744
tag:World Health Leadership,114022-280131
tag:World Health Leadership,114022-284519
tag:World Health Leadership,114022-311035
tag:World Health Leadership,114023-12177
tag:World Health Leadership,114050-1653606
tag:World Health Leadership,114050-1658626
tag:World Health Leadership,114050-1662025
tag:World Health Leadership,114050-1666812
tag:World Health Leadership,114050-1679557
tag:World Health Leadership,114050-1690901
tag:World Health Leadership,114050-1706359
tag:World Health Leadership,114050-1730430
tag:World Health Leadership,114050-1734182
tag:World Health Leadership,114050-1745869
tag:World Health Leadership,114050-1749556
tag:World Health Leadership,114050-1755931
tag:World Health Leadership,114050-1761685
tag:World Health Leadership,114050-1765695
tag:World Health Leadership,114050-1767113
tag:World Health Leadership,114050-1771516
tag:World Health Leadership,114050-1795319
tag:World Health Leadership,114050-1800057
tag:World Health Leadership,114050-1854748
tag:World Health Leadership,114050-1854784
tag:World Health Leadership,114050-1865227
tag:World Health Leadership,114050-1895831
tag:World Health Leadership,114050-1895854
tag:World Health Leadership,114124-344570
tag:World Health Leadership,114124-345002
tag:World Health Leadership,114124-352318
tag:World Health Leadership,114124-367389
tag:World Health Leadership,114124-382542
tag:World Health Leadership,114124-386140
tag:World Health Leadership,114124-444412
tag:World Health Leadership,114124-456136
tag:World Health Leadership,114124-457259
tag:World Health Leadership,114130-219289
tag:World Health Leadership,114174-75077
tag:World Health Leadership,114202-50182
tag:World Health Leadership,114218-270135
tag:World Health Leadership,114221-884598
tag:World Health Leadership,114228-299690
tag:World Health Leadership,114249-5422
tag:World Health Leadership,114307-729615
tag:World Health Leadership,114307-730443
tag:World Health Leadership,114307-734977
tag:World Health Leadership,114307-739316
tag:World Health Leadership,114329-715366
tag:World Health Leadership,114374-650020
tag:World Health Leadership,114384-245559
tag:World Health Leadership,114384-247241
tag:World Health Leadership,114384-267133
tag:World Health Leadership,114384-267658
tag:World Health Leadership,114389-65917
tag:World Health Leadership,114407-334288
tag:World Health Leadership,114407-357199
tag:World Health Leadership,114407-361669
tag:World Health Leadership,114407-362799
tag:World Health Leadership,114407-379572
tag:World Health Leadership,114407-421302
tag:World Health Leadership,114407-428012
tag:World Health Leadership,114407-435778
tag:World Health Leadership,114423-85359
tag:World Health Leadership,114465-215762
tag:World Health Leadership,114467-524202
tag:World Health Leadership,114467-549002
tag:World Health Leadership,114467-549183
tag:World Health Leadership,114476-72080
tag:World Health Leadership,114488-154714
tag:World Health Leadership,114488-171549
tag:World Health Leadership,114488-176410
tag:World Health Leadership,114498-145652
tag:World Health Leadership,114498-157991
tag:World Health Leadership,114498-170833
tag:World Health Leadership,114498-200953
tag:World Health Leadership,114498-212613
tag:World Health Leadership,114498-215093
tag:World Health Leadership,114498-217616
tag:World Health Leadership,114498-217928
tag:World Health Leadership,114498-228950
tag:World Health Leadership,114498-243213
tag:World Health Leadership,114498-276058
tag:World Health Leadership,114498-276202
tag:World Health Leadership,114498-278589
tag:World Health Leadership,114498-279569
tag:World Health Leadership,114498-290574
tag:World Health Leadership,114498-305116
tag:World Health Leadership,114498-313742
tag:World Health Leadership,114498-317937
tag:World Health Leadership,114498-327415
tag:World Health Leadership,114498-344329
tag:World Health Leadership,114498-355938
tag:World Health Leadership,114498-361841
tag:World Health Leadership,114536-174691
tag:World Health Leadership,114536-181496
tag:World Health Leadership,114540-187861
tag:World Health Leadership,114542-32371
tag:World Health Leadership,114542-33452
tag:World Health Leadership,114556-666154
tag:World Health Leadership,114556-671749
tag:World Health Leadership,114556-685416
tag:World Health Leadership,114556-697523
tag:World Health Leadership,114556-700127
tag:World Health Leadership,114556-748888
tag:World Health Leadership,114556-755867
tag:World Health Leadership,114558-631238
tag:World Health Leadership,114558-638914
tag:World Health Leadership,114558-645963
tag:World Health Leadership,114571-366680
tag:World Health Leadership,114572-372460
tag:World Health Leadership,114572-379237
tag:World Health Leadership,114572-387781
tag:World Health Leadership,114577-743814
tag:World Health Leadership,114577-756171
tag:World Health Leadership,114577-770785
tag:World Health Leadership,114577-772820
tag:World Health Leadership,114581-110888
tag:World Health Leadership,114581-112921
tag:World Health Leadership,114582-136398
tag:World Health Leadership,114582-154413
tag:World Health Leadership,114582-162103
tag:World Health Leadership,114584-199304
tag:World Health Leadership,114584-208494
tag:World Health Leadership,114586-534724
tag:World Health Leadership,114586-539162
tag:World Health Leadership,114587-624797
tag:World Health Leadership,114587-669937
tag:World Health Leadership,114587-784016
tag:World Health Leadership,114589-108551
tag:World Health Leadership,114589-119544
tag:World Health Leadership,114589-124935
tag:World Health Leadership,114589-40220
tag:World Health Leadership,114589-41492
tag:World Health Leadership,114589-70337
tag:World Health Leadership,114589-78145
tag:World Health Leadership,114589-81906
tag:World Health Leadership,114589-91200
tag:World Health Leadership,114591-1002830
tag:World Health Leadership,114591-993695
tag:World Health Leadership,114597-509685
tag:World Health Leadership,114601-150965
tag:World Health Leadership,114610-852719
tag:World Health Leadership,114610-860803
tag:World Health Leadership,114614-292010
tag:World Health Leadership,114614-305396
tag:World Health Leadership,114627-1044865
tag:World Health Leadership,114627-1054163
tag:World Health Leadership,11463211-0ae3-4173-962c-b67f877a781f
tag:World Health Leadership,114637-111815
tag:World Health Leadership,114642-277862
tag:World Health Leadership,114642-282382
tag:World Health Leadership,114642-289047
tag:World Health Leadership,114642-291949
tag:World Health Leadership,114642-297664
tag:World Health Leadership,114644-558620
tag:World Health Leadership,114653-326072
tag:World Health Leadership,114653-333744
tag:World Health Leadership,114653-339227
tag:World Health Leadership,114653-343922
tag:World Health Leadership,114653-359641
tag:World Health Leadership,114653-369094
tag:World Health Leadership,114656-173862
tag:World Health Leadership,114656-174340
tag:World Health Leadership,114657-1226762
tag:World Health Leadership,114657-1227256
tag:World Health Leadership,114657-1243713
tag:World Health Leadership,114657-1263347
tag:World Health Leadership,114657-1287887
tag:World Health Leadership,114657-1291777
tag:World Health Leadership,114657-1363589
tag:World Health Leadership,114662-540294
tag:World Health Leadership,114662-547878
tag:World Health Leadership,114666-635891
tag:World Health Leadership,114667-643946
tag:World Health Leadership,114667-652140
tag:World Health Leadership,114668-663178
tag:World Health Leadership,114668-683677
tag:World Health Leadership,114668-692926
tag:World Health Leadership,114668-694467
tag:World Health Leadership,114668-713305
tag:World Health Leadership,114668-714578
tag:World Health Leadership,114668-722692
tag:World Health Leadership,114668-722997
tag:World Health Leadership,114669-281363
tag:World Health Leadership,114669-285743
tag:World Health Leadership,114669-300472
tag:World Health Leadership,114681-808286
tag:World Health Leadership,114682-637053
tag:World Health Leadership,114682-637228
tag:World Health Leadership,114682-645525
tag:World Health Leadership,114694-145812
tag:World Health Leadership,114694-148114
tag:World Health Leadership,114694-161136
tag:World Health Leadership,114694-162628
tag:World Health Leadership,114694-162640
tag:World Health Leadership,114694-163079
tag:World Health Leadership,114694-175451
tag:World Health Leadership,114694-176809
tag:World Health Leadership,114694-177051
tag:World Health Leadership,114694-177411
tag:World Health Leadership,114694-179913
tag:World Health Leadership,114694-181441
tag:World Health Leadership,114694-185443
tag:World Health Leadership,114694-188433
tag:World Health Leadership,114694-188434
tag:World Health Leadership,114703-362438
tag:World Health Leadership,114705-304158
tag:World Health Leadership,114722-864467
tag:World Health Leadership,114722-907318
tag:World Health Leadership,114722-909507
tag:World Health Leadership,114722-935729
tag:World Health Leadership,114722-962081
tag:World Health Leadership,114722-970049
tag:World Health Leadership,114736-263438
tag:World Health Leadership,114736-276590
tag:World Health Leadership,114738-62105
tag:World Health Leadership,114741-130031
tag:World Health Leadership,114755-1206903
tag:World Health Leadership,114759-346982
tag:World Health Leadership,114770-326398
tag:World Health Leadership,114770-327055
tag:World Health Leadership,114777-176567
tag:World Health Leadership,114805-603738
tag:World Health Leadership,114826-349660
tag:World Health Leadership,114827-89067
tag:World Health Leadership,114829-1095446
tag:World Health Leadership,114829-1098479
tag:World Health Leadership,114829-1134914
tag:World Health Leadership,114835-236874
tag:World Health Leadership,114845-180081
tag:World Health Leadership,114845-184530
tag:World Health Leadership,114845-189745
tag:World Health Leadership,114845-195692
tag:World Health Leadership,114859-318915
tag:World Health Leadership,114861-930690
tag:World Health Leadership,114861-939887
tag:World Health Leadership,114861-957142
tag:World Health Leadership,114872-910369
tag:World Health Leadership,114879-838591
tag:World Health Leadership,114879-849495
tag:World Health Leadership,114879-881879
tag:World Health Leadership,114879-897175
tag:World Health Leadership,114879-921157
tag:World Health Leadership,114882-377125
tag:World Health Leadership,114891-947075
tag:World Health Leadership,114898-229075
tag:World Health Leadership,114899-1454954
tag:World Health Leadership,114899-1481312
tag:World Health Leadership,114899-1481461
tag:World Health Leadership,114899-1508508
tag:World Health Leadership,114899-1514990
tag:World Health Leadership,114899-1543638
tag:World Health Leadership,114899-1573991
tag:World Health Leadership,114899-1585917
tag:World Health Leadership,114899-1598495
tag:World Health Leadership,114899-1601565
tag:World Health Leadership,114899-1623133
tag:World Health Leadership,114899-1631654
tag:World Health Leadership,114899-1650391
tag:World Health Leadership,114899-1653309
tag:World Health Leadership,114899-1659576
tag:World Health Leadership,114899-1667678
tag:World Health Leadership,114899-1679234
tag:World Health Leadership,114899-1679510
tag:World Health Leadership,114899-1685158
tag:World Health Leadership,114899-1693468
tag:World Health Leadership,114899-1706918
tag:World Health Leadership,114899-1713224
tag:World Health Leadership,114899-1730957
tag:World Health Leadership,114899-1734152
tag:World Health Leadership,114903-326834
tag:World Health Leadership,114903-335090
tag:World Health Leadership,114913-159860
tag:World Health Leadership,114913-174199
tag:World Health Leadership,114916-59716
tag:World Health Leadership,114917-89757
tag:World Health Leadership,114928-340629
tag:World Health Leadership,114928-356716
tag:World Health Leadership,114932-765962
tag:World Health Leadership,114937-686713
tag:World Health Leadership,114938-405610
tag:World Health Leadership,114938-415216
tag:World Health Leadership,114938-416498
tag:World Health Leadership,114938-449369
tag:World Health Leadership,114955-262085
tag:World Health Leadership,114973-435243
tag:World Health Leadership,114973-437418
tag:World Health Leadership,114973-444538
tag:World Health Leadership,114973-450493
tag:World Health Leadership,114973-454129
tag:World Health Leadership,114976-1040194
tag:World Health Leadership,114977-276967
tag:World Health Leadership,114977-289950
tag:World Health Leadership,114985-258344
tag:World Health Leadership,114985-263316
tag:World Health Leadership,114985-275218
tag:World Health Leadership,114991-547119
tag:World Health Leadership,114991-566944
tag:World Health Leadership,114991-578565
tag:World Health Leadership,114991-588956
tag:World Health Leadership,114995-330983
tag:World Health Leadership,114995-333733
tag:World Health Leadership,114995-350699
tag:World Health Leadership,114995-373610
tag:World Health Leadership,114995-382955
tag:World Health Leadership,114995-392350
tag:World Health Leadership,114995-396054
tag:World Health Leadership,114995-399539
tag:World Health Leadership,114995-399540
tag:World Health Leadership,115008-545724
tag:World Health Leadership,115008-566083
tag:World Health Leadership,115008-600212
tag:World Health Leadership,115021-30516
tag:World Health Leadership,115030-141529
tag:World Health Leadership,115034-101699
tag:World Health Leadership,115034-125773
tag:World Health Leadership,115034-140048
tag:World Health Leadership,115034-174873
tag:World Health Leadership,115034-180513
tag:World Health Leadership,115034-198953
tag:World Health Leadership,115034-227443
tag:World Health Leadership,115034-236949
tag:World Health Leadership,115040-214447
tag:World Health Leadership,115041-38005
tag:World Health Leadership,115043-223809
tag:World Health Leadership,115047-118651
tag:World Health Leadership,115062-128924
tag:World Health Leadership,115065-20515
tag:World Health Leadership,115065-21294
tag:World Health Leadership,115070-275167
tag:World Health Leadership,115070-281679
tag:World Health Leadership,115070-284268
tag:World Health Leadership,115070-297822
tag:World Health Leadership,115070-300489
tag:World Health Leadership,115070-300532
tag:World Health Leadership,115070-301289
tag:World Health Leadership,115070-302513
tag:World Health Leadership,115070-344612
tag:World Health Leadership,115079-433000
tag:World Health Leadership,115079-444044
tag:World Health Leadership,115079-450405
tag:World Health Leadership,115080-307970
tag:World Health Leadership,115087-27725
tag:World Health Leadership,115099-442926
tag:World Health Leadership,115099-463657
tag:World Health Leadership,115099-480076
tag:World Health Leadership,115099-483323
tag:World Health Leadership,115099-483881
tag:World Health Leadership,115099-484675
tag:World Health Leadership,115099-488518
tag:World Health Leadership,115099-490951
tag:World Health Leadership,115099-497631
tag:World Health Leadership,115100-176307
tag:World Health Leadership,115108-55989
tag:World Health Leadership,115108-61555
tag:World Health Leadership,115110-35601
tag:World Health Leadership,115114-217338
tag:World Health Leadership,115121-28908
tag:World Health Leadership,115125-357702
tag:World Health Leadership,115125-364964
tag:World Health Leadership,115125-378356
tag:World Health Leadership,115125-389775
tag:World Health Leadership,115125-391567
tag:World Health Leadership,115135-140497
tag:World Health Leadership,115140-33310
tag:World Health Leadership,115145-88012
tag:World Health Leadership,115147-97009
tag:World Health Leadership,115147-98082
tag:World Health Leadership,115176-518217
tag:World Health Leadership,115176-518244
tag:World Health Leadership,115176-518249
tag:World Health Leadership,115176-518265
tag:World Health Leadership,115176-518268
tag:World Health Leadership,115176-518273
tag:World Health Leadership,115176-518284
tag:World Health Leadership,115176-518285
tag:World Health Leadership,115176-518288
tag:World Health Leadership,115176-518294
tag:World Health Leadership,115176-518313
tag:World Health Leadership,115176-518333
tag:World Health Leadership,115176-518342
tag:World Health Leadership,115176-518435
tag:World Health Leadership,115176-518442
tag:World Health Leadership,115188-49698
tag:World Health Leadership,115191-859650
tag:World Health Leadership,115208-183518
tag:World Health Leadership,115208-187332
tag:World Health Leadership,115208-194466
tag:World Health Leadership,115208-199882
tag:World Health Leadership,115208-220069
tag:World Health Leadership,115208-221425
tag:World Health Leadership,115208-221746
tag:World Health Leadership,115208-229673
tag:World Health Leadership,115229-95960
tag:World Health Leadership,115238-307692
tag:World Health Leadership,115238-319474
tag:World Health Leadership,115238-332986
tag:World Health Leadership,115238-336237
tag:World Health Leadership,115238-378725
tag:World Health Leadership,115238-388354
tag:World Health Leadership,115238-390106
tag:World Health Leadership,115238-390950
tag:World Health Leadership,115238-404596
tag:World Health Leadership,115265-212073
tag:World Health Leadership,115265-213006
tag:World Health Leadership,115276-20730
tag:World Health Leadership,115287-317748
tag:World Health Leadership,115287-330643
tag:World Health Leadership,115288-182695
tag:World Health Leadership,115288-184796
tag:World Health Leadership,115288-198841
tag:World Health Leadership,115288-225272
tag:World Health Leadership,115293-289864
tag:World Health Leadership,115293-296088
tag:World Health Leadership,115293-317136
tag:World Health Leadership,115293-326164
tag:World Health Leadership,115293-327501
tag:World Health Leadership,115293-327730
tag:World Health Leadership,115294-800138
tag:World Health Leadership,115294-805483
tag:World Health Leadership,115300-385121
tag:World Health Leadership,115300-393611
tag:World Health Leadership,115300-412986
tag:World Health Leadership,115300-433132
tag:World Health Leadership,115300-436789
tag:World Health Leadership,115300-445671
tag:World Health Leadership,115300-452630
tag:World Health Leadership,115300-475658
tag:World Health Leadership,115300-476273
tag:World Health Leadership,115300-476507
tag:World Health Leadership,115304-204665
tag:World Health Leadership,115304-209281
tag:World Health Leadership,115305-377424
tag:World Health Leadership,115729-416046
tag:World Health Leadership,115729-431840
tag:World Health Leadership,115729-436063
tag:World Health Leadership,115729-444215
tag:World Health Leadership,115729-457975
tag:World Health Leadership,115729-458907
tag:World Health Leadership,115729-459305
tag:World Health Leadership,115729-475675
tag:World Health Leadership,116073-127139
tag:World Health Leadership,116073-129529
tag:World Health Leadership,116073-136791
tag:World Health Leadership,116073-141655
tag:World Health Leadership,116073-164880
tag:World Health Leadership,116073-173943
tag:World Health Leadership,116073-173944
tag:World Health Leadership,116075-167785
tag:World Health Leadership,116075-172699
tag:World Health Leadership,116083-214516
tag:World Health Leadership,116083-219008
tag:World Health Leadership,116083-228907
tag:World Health Leadership,116083-242441
tag:World Health Leadership,116083-269891
tag:World Health Leadership,116083-271260
tag:World Health Leadership,116086-200573
tag:World Health Leadership,116086-216532
tag:World Health Leadership,116086-232230
tag:World Health Leadership,116086-244736
tag:World Health Leadership,116086-269528
tag:World Health Leadership,116086-273710
tag:World Health Leadership,116090-301290
tag:World Health Leadership,116090-316727
tag:World Health Leadership,116090-328503
tag:World Health Leadership,116090-330563
tag:World Health Leadership,116090-374041
tag:World Health Leadership,116090-374238
tag:World Health Leadership,116096-106492
tag:World Health Leadership,116098-379716
tag:World Health Leadership,116098-384126
tag:World Health Leadership,116098-396129
tag:World Health Leadership,116098-410012
tag:World Health Leadership,116098-411272
tag:World Health Leadership,116098-449288
tag:World Health Leadership,116098-453940
tag:World Health Leadership,116098-458164
tag:World Health Leadership,116359-556920
tag:World Health Leadership,116359-579169
tag:World Health Leadership,116359-585704
tag:World Health Leadership,116360-328802
tag:World Health Leadership,116360-340648
tag:World Health Leadership,116360-348910
tag:World Health Leadership,116360-349662
tag:World Health Leadership,116360-369269
tag:World Health Leadership,116360-375746
tag:World Health Leadership,116362-639395
tag:World Health Leadership,116362-650116
tag:World Health Leadership,116362-656705
tag:World Health Leadership,116505-168883
tag:World Health Leadership,116505-171177
tag:World Health Leadership,116505-171178
tag:World Health Leadership,116505-171458
tag:World Health Leadership,116505-183816
tag:World Health Leadership,116505-185051
tag:World Health Leadership,116505-185428
tag:World Health Leadership,116505-195147
tag:World Health Leadership,116505-196398
tag:World Health Leadership,116505-196636
tag:World Health Leadership,116505-196970
tag:World Health Leadership,116505-199456
tag:World Health Leadership,116505-201317
tag:World Health Leadership,116505-201509
tag:World Health Leadership,116505-206453
tag:World Health Leadership,116505-210229
tag:World Health Leadership,116505-210230
tag:World Health Leadership,116516-156817
tag:World Health Leadership,116516-164399
tag:World Health Leadership,116516-170868
tag:World Health Leadership,116516-182749
tag:World Health Leadership,116520-368922
tag:World Health Leadership,116520-375899
tag:World Health Leadership,116520-392891
tag:World Health Leadership,116520-404220
tag:World Health Leadership,116520-413058
tag:World Health Leadership,116520-414669
tag:World Health Leadership,116520-424339
tag:World Health Leadership,116520-431068
tag:World Health Leadership,116522-70004
tag:World Health Leadership,116522-80639
tag:World Health Leadership,116525-328054
tag:World Health Leadership,116525-351150
tag:World Health Leadership,116529-299371
tag:World Health Leadership,116529-307576
tag:World Health Leadership,116529-337169
tag:World Health Leadership,116533-55217
tag:World Health Leadership,116533-59608
tag:World Health Leadership,116536-390103
tag:World Health Leadership,116548-135002
tag:World Health Leadership,116548-135977
tag:World Health Leadership,116548-136304
tag:World Health Leadership,116548-139998
tag:World Health Leadership,116550-596464
tag:World Health Leadership,116557-76954
tag:World Health Leadership,116562-716508
tag:World Health Leadership,116567-581556
tag:World Health Leadership,116581-209253
tag:World Health Leadership,116593-112374
tag:World Health Leadership,116593-119149
tag:World Health Leadership,116594-96190
tag:World Health Leadership,116597-528216
tag:World Health Leadership,116599-68768
tag:World Health Leadership,116599-70091
tag:World Health Leadership,116603-203109
tag:World Health Leadership,116603-215915
tag:World Health Leadership,116608-264293
tag:World Health Leadership,116608-279464
tag:World Health Leadership,116632-1000972
tag:World Health Leadership,116632-1007192
tag:World Health Leadership,116632-1011774
tag:World Health Leadership,116632-991210
tag:World Health Leadership,116632-999577
tag:World Health Leadership,116634-144465
tag:World Health Leadership,116635-163836
tag:World Health Leadership,116635-166250
tag:World Health Leadership,116638-205524
tag:World Health Leadership,116648-236516
tag:World Health Leadership,116648-254651
tag:World Health Leadership,116649-90033
tag:World Health Leadership,116649-95738
tag:World Health Leadership,116650-647539
tag:World Health Leadership,116652-302375
tag:World Health Leadership,116652-314012
tag:World Health Leadership,116652-320079
tag:World Health Leadership,116652-321582
tag:World Health Leadership,116654-116312
tag:World Health Leadership,116654-123937
tag:World Health Leadership,116654-138872
tag:World Health Leadership,116654-145623
tag:World Health Leadership,116654-152884
tag:World Health Leadership,116659-202644
tag:World Health Leadership,116659-203302
tag:World Health Leadership,116659-204408
tag:World Health Leadership,116659-204741
tag:World Health Leadership,116659-208602
tag:World Health Leadership,116660-546568
tag:World Health Leadership,116660-549527
tag:World Health Leadership,116660-551719
tag:World Health Leadership,116660-554340
tag:World Health Leadership,116660-562874
tag:World Health Leadership,116660-571574
tag:World Health Leadership,116660-604264
tag:World Health Leadership,116660-611886
tag:World Health Leadership,116660-631175
tag:World Health Leadership,116660-658854
tag:World Health Leadership,116660-667672
tag:World Health Leadership,116660-684532
tag:World Health Leadership,116660-710518
tag:World Health Leadership,116660-716634
tag:World Health Leadership,116660-741578
tag:World Health Leadership,116660-800143
tag:World Health Leadership,116666-233012
tag:World Health Leadership,116668-54763
tag:World Health Leadership,116677-172704
tag:World Health Leadership,116678-24267
tag:World Health Leadership,116679-255418
tag:World Health Leadership,116684-353672
tag:World Health Leadership,116687-87315
tag:World Health Leadership,116687-92484
tag:World Health Leadership,116690-222471
tag:World Health Leadership,116690-230962
tag:World Health Leadership,116696-269755
tag:World Health Leadership,116696-283507
tag:World Health Leadership,116696-288690
tag:World Health Leadership,116702-749548
tag:World Health Leadership,116728-502367
tag:World Health Leadership,116730-324310
tag:World Health Leadership,116730-327021
tag:World Health Leadership,116730-333278
tag:World Health Leadership,116730-340299
tag:World Health Leadership,116730-342165
tag:World Health Leadership,116730-362855
tag:World Health Leadership,116736-330009
tag:World Health Leadership,116736-338590
tag:World Health Leadership,116736-342602
tag:World Health Leadership,116741-468637
tag:World Health Leadership,116741-485951
tag:World Health Leadership,116741-487407
tag:World Health Leadership,116741-496273
tag:World Health Leadership,116741-502140
tag:World Health Leadership,116741-504823
tag:World Health Leadership,116741-532419
tag:World Health Leadership,116742-17544
tag:World Health Leadership,116746-103286
tag:World Health Leadership,116747-165138
tag:World Health Leadership,116747-171366
tag:World Health Leadership,116755-94607
tag:World Health Leadership,116765-66384
tag:World Health Leadership,116775-137758
tag:World Health Leadership,116775-144779
tag:World Health Leadership,116777-81908
tag:World Health Leadership,116778-110458
tag:World Health Leadership,116778-112631
tag:World Health Leadership,116778-112633
tag:World Health Leadership,116778-112637
tag:World Health Leadership,116778-112640
tag:World Health Leadership,116778-112646
tag:World Health Leadership,116778-124335
tag:World Health Leadership,116778-145251
tag:World Health Leadership,116778-148483
tag:World Health Leadership,116778-158267
tag:World Health Leadership,116778-167134
tag:World Health Leadership,116778-176867
tag:World Health Leadership,116790-69111
tag:World Health Leadership,116793-295838
tag:World Health Leadership,116807-76793
tag:World Health Leadership,116808-68687
tag:World Health Leadership,116812-259215
tag:World Health Leadership,116813-443887
tag:World Health Leadership,116836-113320
tag:World Health Leadership,116837-105524
tag:World Health Leadership,116854-245025
tag:World Health Leadership,116854-256042
tag:World Health Leadership,116854-269127
tag:World Health Leadership,116854-298694
tag:World Health Leadership,116854-304949
tag:World Health Leadership,116854-305151
tag:World Health Leadership,116854-305601
tag:World Health Leadership,116863-12658
tag:World Health Leadership,116867-158279
tag:World Health Leadership,116869-169319
tag:World Health Leadership,116869-176007
tag:World Health Leadership,116869-179208
tag:World Health Leadership,116869-184230
tag:World Health Leadership,116884-195543
tag:World Health Leadership,116890-102517
tag:World Health Leadership,116890-104573
tag:World Health Leadership,116890-104574
tag:World Health Leadership,116890-104575
tag:World Health Leadership,116890-104576
tag:World Health Leadership,116890-104577
tag:World Health Leadership,116890-104588
tag:World Health Leadership,116890-104590
tag:World Health Leadership,116890-104617
tag:World Health Leadership,116890-104618
tag:World Health Leadership,116890-114928
tag:World Health Leadership,116926-113072
tag:World Health Leadership,116929-225028
tag:World Health Leadership,116929-227209
tag:World Health Leadership,116929-227213
tag:World Health Leadership,116929-227234
tag:World Health Leadership,116929-227248
tag:World Health Leadership,116929-227252
tag:World Health Leadership,116929-227476
tag:World Health Leadership,116929-227477
tag:World Health Leadership,116929-227478
tag:World Health Leadership,116929-242569
tag:World Health Leadership,116929-244844
tag:World Health Leadership,116929-260103
tag:World Health Leadership,116929-266067
tag:World Health Leadership,116929-272005
tag:World Health Leadership,116929-276197
tag:World Health Leadership,116929-276205
tag:World Health Leadership,116932-236171
tag:World Health Leadership,116933-206877
tag:World Health Leadership,116933-216304
tag:World Health Leadership,116933-220238
tag:World Health Leadership,116935-21238
tag:World Health Leadership,116940-171178
tag:World Health Leadership,116940-176687
tag:World Health Leadership,116940-188192
tag:World Health Leadership,116940-201891
tag:World Health Leadership,116940-202763
tag:World Health Leadership,116942-142628
tag:World Health Leadership,116942-146420
tag:World Health Leadership,116942-148770
tag:World Health Leadership,116946-140070
tag:World Health Leadership,116950-602026
tag:World Health Leadership,116953-15288
tag:World Health Leadership,116954-239766
tag:World Health Leadership,116967-76280
tag:World Health Leadership,116967-77558
tag:World Health Leadership,116969-59593
tag:World Health Leadership,116982-35999
tag:World Health Leadership,116998-135853
tag:World Health Leadership,116998-141307
tag:World Health Leadership,116998-143826
tag:World Health Leadership,116998-144482
tag:World Health Leadership,116998-156941
tag:World Health Leadership,116998-170686
tag:World Health Leadership,116998-201499
tag:World Health Leadership,116998-215154
tag:World Health Leadership,116998-217965
tag:World Health Leadership,116998-221790
tag:World Health Leadership,116998-222195
tag:World Health Leadership,116998-234755
tag:World Health Leadership,116998-253397
tag:World Health Leadership,116998-294879
tag:World Health Leadership,116998-297853
tag:World Health Leadership,116998-299246
tag:World Health Leadership,116998-300327
tag:World Health Leadership,116998-334790
tag:World Health Leadership,116998-344698
tag:World Health Leadership,116998-349406
tag:World Health Leadership,116998-360631
tag:World Health Leadership,116998-361727
tag:World Health Leadership,116998-381889
tag:World Health Leadership,116998-395485
tag:World Health Leadership,116998-402134
tag:World Health Leadership,116998-64323
tag:World Health Leadership,117007-820261
tag:World Health Leadership,117017-52070
tag:World Health Leadership,117023-328510
tag:World Health Leadership,117023-330124
tag:World Health Leadership,117023-334378
tag:World Health Leadership,117023-337496
tag:World Health Leadership,117029-166955
tag:World Health Leadership,117042-40584
tag:World Health Leadership,117042-42632
tag:World Health Leadership,117042-44903
tag:World Health Leadership,117059-156468
tag:World Health Leadership,117059-159874
tag:World Health Leadership,117059-164627
tag:World Health Leadership,117059-166455
tag:World Health Leadership,117059-166482
tag:World Health Leadership,117059-167062
tag:World Health Leadership,117059-182180
tag:World Health Leadership,117059-183913
tag:World Health Leadership,117059-184655
tag:World Health Leadership,117059-190060
tag:World Health Leadership,117059-196402
tag:World Health Leadership,117059-201201
tag:World Health Leadership,117060-330923
tag:World Health Leadership,117061-688779
tag:World Health Leadership,117061-696528
tag:World Health Leadership,117061-697350
tag:World Health Leadership,117061-733495
tag:World Health Leadership,117061-735781
tag:World Health Leadership,117061-753105
tag:World Health Leadership,117077-323344
tag:World Health Leadership,117100-32274
tag:World Health Leadership,117104-91944
tag:World Health Leadership,117112-448551
tag:World Health Leadership,117112-454334
tag:World Health Leadership,117112-469657
tag:World Health Leadership,117112-481330
tag:World Health Leadership,117112-483173
tag:World Health Leadership,117112-488398
tag:World Health Leadership,117112-488813
tag:World Health Leadership,117112-495983
tag:World Health Leadership,117115-59055
tag:World Health Leadership,117116-133248
tag:World Health Leadership,117119-546639
tag:World Health Leadership,117119-551310
tag:World Health Leadership,117119-561629
tag:World Health Leadership,117119-565070
tag:World Health Leadership,117119-595883
tag:World Health Leadership,117119-595950
tag:World Health Leadership,117119-597817
tag:World Health Leadership,117119-598754
tag:World Health Leadership,117119-613057
tag:World Health Leadership,117119-651943
tag:World Health Leadership,117119-658182
tag:World Health Leadership,117119-660842
tag:World Health Leadership,117119-673873
tag:World Health Leadership,117119-684050
tag:World Health Leadership,117119-685714
tag:World Health Leadership,117119-708943
tag:World Health Leadership,117119-726634
tag:World Health Leadership,117126-944960
tag:World Health Leadership,117126-965761
tag:World Health Leadership,117126-969345
tag:World Health Leadership,117147-42387
tag:World Health Leadership,117147-44075
tag:World Health Leadership,117148-491748
tag:World Health Leadership,117148-501812
tag:World Health Leadership,117148-508673
tag:World Health Leadership,117148-509394
tag:World Health Leadership,117148-528557
tag:World Health Leadership,117148-535531
tag:World Health Leadership,117151-11912
tag:World Health Leadership,117155-101947
tag:World Health Leadership,117169-57638
tag:World Health Leadership,117174-158423
tag:World Health Leadership,117181-341950
tag:World Health Leadership,117181-346699
tag:World Health Leadership,117181-356994
tag:World Health Leadership,117181-366158
tag:World Health Leadership,117181-367977
tag:World Health Leadership,117196-19010
tag:World Health Leadership,117237-114457
tag:World Health Leadership,117237-121218
tag:World Health Leadership,117243-311517
tag:World Health Leadership,117243-320989
tag:World Health Leadership,117243-365616
tag:World Health Leadership,117243-374556
tag:World Health Leadership,117243-376290
tag:World Health Leadership,117243-376614
tag:World Health Leadership,117243-377072
tag:World Health Leadership,117243-390644
tag:World Health Leadership,117286-125939
tag:World Health Leadership,117286-129883
tag:World Health Leadership,117286-147457
tag:World Health Leadership,117286-147460
tag:World Health Leadership,117287-441283
tag:World Health Leadership,117287-452046
tag:World Health Leadership,117288-138383
tag:World Health Leadership,117292-152179
tag:World Health Leadership,117294-547473
tag:World Health Leadership,117295-180212
tag:World Health Leadership,117295-183179
tag:World Health Leadership,117295-184881
tag:World Health Leadership,117296-603850
tag:World Health Leadership,117298-173215
tag:World Health Leadership,117298-175755
tag:World Health Leadership,117300-77557
tag:World Health Leadership,117300-84853
tag:World Health Leadership,117309-149752
tag:World Health Leadership,117309-149753
tag:World Health Leadership,117309-149754
tag:World Health Leadership,117309-149757
tag:World Health Leadership,117309-149758
tag:World Health Leadership,117309-149759
tag:World Health Leadership,117309-149761
tag:World Health Leadership,117309-149762
tag:World Health Leadership,117309-149764
tag:World Health Leadership,117309-149765
tag:World Health Leadership,117309-149766
tag:World Health Leadership,117309-149767
tag:World Health Leadership,117309-149769
tag:World Health Leadership,117309-149770
tag:World Health Leadership,117309-149774
tag:World Health Leadership,117309-149775
tag:World Health Leadership,117309-149778
tag:World Health Leadership,117309-149791
tag:World Health Leadership,117309-149792
tag:World Health Leadership,117309-149810
tag:World Health Leadership,117309-149811
tag:World Health Leadership,117309-149812
tag:World Health Leadership,117309-149813
tag:World Health Leadership,117309-149814
tag:World Health Leadership,117309-149815
tag:World Health Leadership,117309-149816
tag:World Health Leadership,117309-149817
tag:World Health Leadership,117309-149819
tag:World Health Leadership,117309-149820
tag:World Health Leadership,117309-149824
tag:World Health Leadership,117309-149859
tag:World Health Leadership,117309-149860
tag:World Health Leadership,117309-149861
tag:World Health Leadership,117309-149865
tag:World Health Leadership,117309-149877
tag:World Health Leadership,117309-149884
tag:World Health Leadership,117309-149887
tag:World Health Leadership,117309-149929
tag:World Health Leadership,117309-149930
tag:World Health Leadership,117309-150198
tag:World Health Leadership,117309-150321
tag:World Health Leadership,117309-150326
tag:World Health Leadership,117309-150347
tag:World Health Leadership,117309-180098
tag:World Health Leadership,117309-195365
tag:World Health Leadership,117309-198365
tag:World Health Leadership,117309-200901
tag:World Health Leadership,117310-222214
tag:World Health Leadership,117312-375334
tag:World Health Leadership,117312-378790
tag:World Health Leadership,117312-379854
tag:World Health Leadership,117312-391500
tag:World Health Leadership,117312-392567
tag:World Health Leadership,117312-396788
tag:World Health Leadership,117312-396790
tag:World Health Leadership,117314-385707
tag:World Health Leadership,117314-391714
tag:World Health Leadership,117314-400172
tag:World Health Leadership,117314-416101
tag:World Health Leadership,117314-418776
tag:World Health Leadership,117323-44527
tag:World Health Leadership,117323-51175
tag:World Health Leadership,117323-51707
tag:World Health Leadership,117326-55567
tag:World Health Leadership,117330-89736
tag:World Health Leadership,117360-200370
tag:World Health Leadership,117376-39679
tag:World Health Leadership,117376-49516
tag:World Health Leadership,117397-273173
tag:World Health Leadership,117409-451562
tag:World Health Leadership,117409-461714
tag:World Health Leadership,117409-476222
tag:World Health Leadership,117409-477812
tag:World Health Leadership,117409-514245
tag:World Health Leadership,117423-146697
tag:World Health Leadership,117440-262351
tag:World Health Leadership,117441-807805
tag:World Health Leadership,117441-837923
tag:World Health Leadership,117448-364483
tag:World Health Leadership,117449-210492
tag:World Health Leadership,117449-212005
tag:World Health Leadership,117452-240261
tag:World Health Leadership,117459-477453
tag:World Health Leadership,117459-479931
tag:World Health Leadership,117459-486191
tag:World Health Leadership,117459-493220
tag:World Health Leadership,117480-48819
tag:World Health Leadership,117481-251273
tag:World Health Leadership,117481-263761
tag:World Health Leadership,117481-270089
tag:World Health Leadership,117482-339848
tag:World Health Leadership,117483-244598
tag:World Health Leadership,117483-246010
tag:World Health Leadership,117483-257829
tag:World Health Leadership,117484-281510
tag:World Health Leadership,117484-291804
tag:World Health Leadership,117484-305634
tag:World Health Leadership,117484-342017
tag:World Health Leadership,117484-350510
tag:World Health Leadership,117484-358100
tag:World Health Leadership,117484-359322
tag:World Health Leadership,117484-359729
tag:World Health Leadership,117484-360167
tag:World Health Leadership,117484-371306
tag:World Health Leadership,117484-374033
tag:World Health Leadership,117485-197836
tag:World Health Leadership,117486-163306
tag:World Health Leadership,117492-329465
tag:World Health Leadership,117492-333806
tag:World Health Leadership,117492-344374
tag:World Health Leadership,117492-357238
tag:World Health Leadership,117492-393172
tag:World Health Leadership,117492-393773
tag:World Health Leadership,117500-165603
tag:World Health Leadership,117500-170416
tag:World Health Leadership,117508-178935
tag:World Health Leadership,117519-129985
tag:World Health Leadership,117519-129987
tag:World Health Leadership,117520-609839
tag:World Health Leadership,117521-540624
tag:World Health Leadership,117521-561075
tag:World Health Leadership,117521-569740
tag:World Health Leadership,117521-569930
tag:World Health Leadership,117521-577042
tag:World Health Leadership,117521-618820
tag:World Health Leadership,117525-248766
tag:World Health Leadership,117525-250269
tag:World Health Leadership,117525-250271
tag:World Health Leadership,117525-250273
tag:World Health Leadership,117525-255862
tag:World Health Leadership,117525-269982
tag:World Health Leadership,117525-286637
tag:World Health Leadership,117526-176201
tag:World Health Leadership,117526-187213
tag:World Health Leadership,117530-606180
tag:World Health Leadership,117530-610258
tag:World Health Leadership,117530-619678
tag:World Health Leadership,117530-627543
tag:World Health Leadership,117530-633412
tag:World Health Leadership,117534-268175
tag:World Health Leadership,117542-265748
tag:World Health Leadership,117542-274326
tag:World Health Leadership,117542-288004
tag:World Health Leadership,117543-570690
tag:World Health Leadership,117543-574626
tag:World Health Leadership,117545-150180
tag:World Health Leadership,117545-164065
tag:World Health Leadership,117563-488292
tag:World Health Leadership,117563-493495
tag:World Health Leadership,117564-9717
tag:World Health Leadership,117569-334573
tag:World Health Leadership,117573-192651
tag:World Health Leadership,117574-350184
tag:World Health Leadership,117574-354308
tag:World Health Leadership,117574-363803
tag:World Health Leadership,117574-376876
tag:World Health Leadership,117574-378537
tag:World Health Leadership,117575-166711
tag:World Health Leadership,117575-170478
tag:World Health Leadership,117575-178898
tag:World Health Leadership,117575-187222
tag:World Health Leadership,117575-188160
tag:World Health Leadership,117575-211374
tag:World Health Leadership,117575-218947
tag:World Health Leadership,117575-225725
tag:World Health Leadership,117575-237308
tag:World Health Leadership,117575-238427
tag:World Health Leadership,117577-289004
tag:World Health Leadership,117578-339118
tag:World Health Leadership,117578-349494
tag:World Health Leadership,117578-371304
tag:World Health Leadership,117578-391190
tag:World Health Leadership,117578-392224
tag:World Health Leadership,117578-445430
tag:World Health Leadership,117578-445614
tag:World Health Leadership,117579-301250
tag:World Health Leadership,117590-242046
tag:World Health Leadership,117590-245827
tag:World Health Leadership,117590-255875
tag:World Health Leadership,117590-268591
tag:World Health Leadership,117590-280780
tag:World Health Leadership,117608-719932
tag:World Health Leadership,117610-398461
tag:World Health Leadership,117610-412074
tag:World Health Leadership,117610-425897
tag:World Health Leadership,117610-427275
tag:World Health Leadership,117610-466068
tag:World Health Leadership,117611-138486
tag:World Health Leadership,117611-145271
tag:World Health Leadership,117619-314751
tag:World Health Leadership,117619-335052
tag:World Health Leadership,117632-375407
tag:World Health Leadership,117632-378732
tag:World Health Leadership,117632-379905
tag:World Health Leadership,117634-507639
tag:World Health Leadership,117634-530074
tag:World Health Leadership,117646-295447
tag:World Health Leadership,117649-157457
tag:World Health Leadership,117671-250472
tag:World Health Leadership,117686-135785
tag:World Health Leadership,117686-142740
tag:World Health Leadership,117686-173336
tag:World Health Leadership,117692-175038
tag:World Health Leadership,117694-128162
tag:World Health Leadership,117703-232572
tag:World Health Leadership,117705-679011
tag:World Health Leadership,117705-685400
tag:World Health Leadership,117705-715200
tag:World Health Leadership,117711-417408
tag:World Health Leadership,117711-418919
tag:World Health Leadership,117711-423532
tag:World Health Leadership,117711-434172
tag:World Health Leadership,117711-442337
tag:World Health Leadership,117711-446896
tag:World Health Leadership,117712-219142
tag:World Health Leadership,117729-371208
tag:World Health Leadership,117729-382171
tag:World Health Leadership,117735-57061
tag:World Health Leadership,117735-58865
tag:World Health Leadership,117735-61163
tag:World Health Leadership,117746-180773
tag:World Health Leadership,117746-182492
tag:World Health Leadership,117746-192699
tag:World Health Leadership,117751-522045
tag:World Health Leadership,117751-562515
tag:World Health Leadership,117751-562535
tag:World Health Leadership,117751-565555
tag:World Health Leadership,117751-565624
tag:World Health Leadership,117751-566482
tag:World Health Leadership,117751-571531
tag:World Health Leadership,117751-588216
tag:World Health Leadership,117751-591600
tag:World Health Leadership,117751-592223
tag:World Health Leadership,117751-593094
tag:World Health Leadership,117751-599509
tag:World Health Leadership,117751-604328
tag:World Health Leadership,117808-75048
tag:World Health Leadership,117808-80056
tag:World Health Leadership,117813-321378
tag:World Health Leadership,117813-325478
tag:World Health Leadership,117813-337290
tag:World Health Leadership,117813-337361
tag:World Health Leadership,117813-352040
tag:World Health Leadership,117813-353745
tag:World Health Leadership,117833-161020
tag:World Health Leadership,117833-162510
tag:World Health Leadership,117833-163526
tag:World Health Leadership,117833-163857
tag:World Health Leadership,117833-167572
tag:World Health Leadership,117833-168340
tag:World Health Leadership,117836-446621
tag:World Health Leadership,117836-464112
tag:World Health Leadership,117836-480891
tag:World Health Leadership,117836-483933
tag:World Health Leadership,117836-491410
tag:World Health Leadership,117836-497095
tag:World Health Leadership,117836-522815
tag:World Health Leadership,117836-531807
tag:World Health Leadership,117836-532196
tag:World Health Leadership,117837-353516
tag:World Health Leadership,117837-372161
tag:World Health Leadership,117837-374243
tag:World Health Leadership,117837-384268
tag:World Health Leadership,117837-386738
tag:World Health Leadership,117837-428157
tag:World Health Leadership,117842-337036
tag:World Health Leadership,117861-410137
tag:World Health Leadership,117861-420792
tag:World Health Leadership,117861-426071
tag:World Health Leadership,117870-296661
tag:World Health Leadership,117870-300450
tag:World Health Leadership,117870-317002
tag:World Health Leadership,117870-317516
tag:World Health Leadership,117870-348769
tag:World Health Leadership,117870-350072
tag:World Health Leadership,117871-188104
tag:World Health Leadership,117871-205529
tag:World Health Leadership,117871-216380
tag:World Health Leadership,117871-218563
tag:World Health Leadership,117871-248804
tag:World Health Leadership,117871-252784
tag:World Health Leadership,117871-256040
tag:World Health Leadership,117872-35101
tag:World Health Leadership,117873-56588
tag:World Health Leadership,117874-441260
tag:World Health Leadership,117874-458819
tag:World Health Leadership,117874-480482
tag:World Health Leadership,117874-482707
tag:World Health Leadership,117874-485998
tag:World Health Leadership,117875-230487
tag:World Health Leadership,117888-223866
tag:World Health Leadership,117888-234734
tag:World Health Leadership,117895-201294
tag:World Health Leadership,117895-201882
tag:World Health Leadership,117904-620173
tag:World Health Leadership,117906-366478
tag:World Health Leadership,117906-379224
tag:World Health Leadership,117914-288756
tag:World Health Leadership,117914-292574
tag:World Health Leadership,117914-305933
tag:World Health Leadership,117915-843904
tag:World Health Leadership,117919-93325
tag:World Health Leadership,117921-140458
tag:World Health Leadership,117921-145838
tag:World Health Leadership,117921-148963
tag:World Health Leadership,117921-161437
tag:World Health Leadership,117921-174746
tag:World Health Leadership,117921-206769
tag:World Health Leadership,117921-219560
tag:World Health Leadership,117921-222029
tag:World Health Leadership,117921-225392
tag:World Health Leadership,117921-225728
tag:World Health Leadership,117921-236921
tag:World Health Leadership,117921-253798
tag:World Health Leadership,117921-291462
tag:World Health Leadership,117921-291663
tag:World Health Leadership,117921-294275
tag:World Health Leadership,117921-295670
tag:World Health Leadership,117921-296586
tag:World Health Leadership,117921-322877
tag:World Health Leadership,117921-331427
tag:World Health Leadership,117921-335508
tag:World Health Leadership,117921-345448
tag:World Health Leadership,117921-346427
tag:World Health Leadership,117921-364213
tag:World Health Leadership,117921-376399
tag:World Health Leadership,117921-382344
tag:World Health Leadership,117921-55890
tag:World Health Leadership,117921-70297
tag:World Health Leadership,117922-234214
tag:World Health Leadership,117929-67249
tag:World Health Leadership,117941-97734
tag:World Health Leadership,117943-405756
tag:World Health Leadership,117943-419271
tag:World Health Leadership,117943-442510
tag:World Health Leadership,117943-467070
tag:World Health Leadership,117945-425278
tag:World Health Leadership,117956-1951776
tag:World Health Leadership,117956-2053042
tag:World Health Leadership,117956-2067410
tag:World Health Leadership,117956-2084696
tag:World Health Leadership,117956-2089987
tag:World Health Leadership,117956-2092398
tag:World Health Leadership,117956-2105986
tag:World Health Leadership,117956-2109830
tag:World Health Leadership,117956-2152709
tag:World Health Leadership,117956-2160996
tag:World Health Leadership,117956-2205277
tag:World Health Leadership,117956-2206397
tag:World Health Leadership,117956-2222467
tag:World Health Leadership,117956-2250415
tag:World Health Leadership,117956-2279108
tag:World Health Leadership,117956-2290850
tag:World Health Leadership,117956-2299095
tag:World Health Leadership,117956-2303181
tag:World Health Leadership,117960-208541
tag:World Health Leadership,117960-211684
tag:World Health Leadership,117962-123972
tag:World Health Leadership,117965-229066
tag:World Health Leadership,117966-216388
tag:World Health Leadership,117966-216404
tag:World Health Leadership,117966-217066
tag:World Health Leadership,117966-218107
tag:World Health Leadership,117966-218433
tag:World Health Leadership,117966-222321
tag:World Health Leadership,117970-73829
tag:World Health Leadership,117971-556788
tag:World Health Leadership,117988-894199
tag:World Health Leadership,117988-930535
tag:World Health Leadership,117992-66667
tag:World Health Leadership,117993-164592
tag:World Health Leadership,117993-165394
tag:World Health Leadership,117993-165662
tag:World Health Leadership,117993-168528
tag:World Health Leadership,117995-149460
tag:World Health Leadership,117999-51935
tag:World Health Leadership,117999-52628
tag:World Health Leadership,117999-54767
tag:World Health Leadership,117d16c8-64d8-444f-a740-43664c6ac030
tag:World Health Leadership,118001-59993
tag:World Health Leadership,118009-298915
tag:World Health Leadership,118009-309854
tag:World Health Leadership,118009-331590
tag:World Health Leadership,118013-233405
tag:World Health Leadership,118013-241757
tag:World Health Leadership,118013-246429
tag:World Health Leadership,118015-437765
tag:World Health Leadership,118015-444993
tag:World Health Leadership,118015-445940
tag:World Health Leadership,118015-446253
tag:World Health Leadership,118015-449749
tag:World Health Leadership,118016-193582
tag:World Health Leadership,118016-199909
tag:World Health Leadership,118017-245396
tag:World Health Leadership,118025-499349
tag:World Health Leadership,118031-257163
tag:World Health Leadership,118041-221550
tag:World Health Leadership,118049-717310
tag:World Health Leadership,118060-235592
tag:World Health Leadership,118061-151183
tag:World Health Leadership,118061-158974
tag:World Health Leadership,118061-170663
tag:World Health Leadership,118073-38801
tag:World Health Leadership,118081-272791
tag:World Health Leadership,118081-275887
tag:World Health Leadership,118081-293537
tag:World Health Leadership,118085-223641
tag:World Health Leadership,118092-366283
tag:World Health Leadership,118124-25697
tag:World Health Leadership,118131-49195
tag:World Health Leadership,118142-839763
tag:World Health Leadership,118162-111322
tag:World Health Leadership,118197-11094
tag:World Health Leadership,118197-13238
tag:World Health Leadership,118197-13256
tag:World Health Leadership,118197-13429
tag:World Health Leadership,118213-110239
tag:World Health Leadership,118213-124721
tag:World Health Leadership,118213-196950
tag:World Health Leadership,118213-202494
tag:World Health Leadership,118213-205722
tag:World Health Leadership,118213-218508
tag:World Health Leadership,118213-232128
tag:World Health Leadership,118213-264207
tag:World Health Leadership,118213-277112
tag:World Health Leadership,118213-279576
tag:World Health Leadership,118213-283034
tag:World Health Leadership,118213-283518
tag:World Health Leadership,118213-294753
tag:World Health Leadership,118213-311904
tag:World Health Leadership,118213-350294
tag:World Health Leadership,118213-350487
tag:World Health Leadership,118213-353257
tag:World Health Leadership,118213-354621
tag:World Health Leadership,118213-355540
tag:World Health Leadership,118213-369350
tag:World Health Leadership,118213-386332
tag:World Health Leadership,118213-395138
tag:World Health Leadership,118213-399348
tag:World Health Leadership,118213-409556
tag:World Health Leadership,118213-410532
tag:World Health Leadership,118213-429044
tag:World Health Leadership,118213-441666
tag:World Health Leadership,118213-447835
tag:World Health Leadership,118226-42588
tag:World Health Leadership,118226-42649
tag:World Health Leadership,118226-44119
tag:World Health Leadership,118259-35523
tag:World Health Leadership,118261-57120
tag:World Health Leadership,118266-101027
tag:World Health Leadership,118282-73545
tag:World Health Leadership,118293-51819
tag:World Health Leadership,118308-674624
tag:World Health Leadership,118330-168044
tag:World Health Leadership,118330-184848
tag:World Health Leadership,118360-507236
tag:World Health Leadership,118360-554662
tag:World Health Leadership,118367-149996
tag:World Health Leadership,118367-151338
tag:World Health Leadership,118386-27493
tag:World Health Leadership,118405-69499
tag:World Health Leadership,118451-75577
tag:World Health Leadership,118451-76564
tag:World Health Leadership,118451-78907
tag:World Health Leadership,118472-66724
tag:World Health Leadership,118478-74470
tag:World Health Leadership,118479-173089
tag:World Health Leadership,118482-386106
tag:World Health Leadership,118482-395730
tag:World Health Leadership,118482-417520
tag:World Health Leadership,118482-437858
tag:World Health Leadership,118482-440666
tag:World Health Leadership,118482-454080
tag:World Health Leadership,118482-461994
tag:World Health Leadership,118497-327080
tag:World Health Leadership,118502-260003
tag:World Health Leadership,118502-281397
tag:World Health Leadership,118502-285011
tag:World Health Leadership,118502-304050
tag:World Health Leadership,118502-306870
tag:World Health Leadership,118502-328513
tag:World Health Leadership,118502-330660
tag:World Health Leadership,118502-331567
tag:World Health Leadership,118502-342248
tag:World Health Leadership,118553-41791
tag:World Health Leadership,118553-47916
tag:World Health Leadership,118566-118583
tag:World Health Leadership,118566-119945
tag:World Health Leadership,118568-217488
tag:World Health Leadership,118570-15466
tag:World Health Leadership,118572-152240
tag:World Health Leadership,118572-172014
tag:World Health Leadership,118589-25891
tag:World Health Leadership,118607-390527
tag:World Health Leadership,118617-60096
tag:World Health Leadership,118617-61324
tag:World Health Leadership,118617-64490
tag:World Health Leadership,118617-64805
tag:World Health Leadership,118617-74200
tag:World Health Leadership,118617-74631
tag:World Health Leadership,118632-410015
tag:World Health Leadership,118646-21749
tag:World Health Leadership,118695-227619
tag:World Health Leadership,118695-238710
tag:World Health Leadership,118698-100211
tag:World Health Leadership,118698-100979
tag:World Health Leadership,118698-103851
tag:World Health Leadership,118698-98937
tag:World Health Leadership,118704-950366
tag:World Health Leadership,118725-168287
tag:World Health Leadership,118725-175057
tag:World Health Leadership,118725-191717
tag:World Health Leadership,118732-99487
tag:World Health Leadership,118735-65041
tag:World Health Leadership,118759-12391
tag:World Health Leadership,118768-297602
tag:World Health Leadership,118786-13735
tag:World Health Leadership,118844-34008
tag:World Health Leadership,118846-18664
tag:World Health Leadership,118853-143453
tag:World Health Leadership,118853-148875
tag:World Health Leadership,118853-152006
tag:World Health Leadership,118853-164467
tag:World Health Leadership,118853-177487
tag:World Health Leadership,118853-209313
tag:World Health Leadership,118853-221912
tag:World Health Leadership,118853-224348
tag:World Health Leadership,118853-227678
tag:World Health Leadership,118853-228008
tag:World Health Leadership,118853-238997
tag:World Health Leadership,118853-255641
tag:World Health Leadership,118853-292774
tag:World Health Leadership,118853-292971
tag:World Health Leadership,118853-295632
tag:World Health Leadership,118853-296937
tag:World Health Leadership,118853-297816
tag:World Health Leadership,118853-311233
tag:World Health Leadership,118853-327677
tag:World Health Leadership,118853-336217
tag:World Health Leadership,118853-340283
tag:World Health Leadership,118853-350382
tag:World Health Leadership,118853-351350
tag:World Health Leadership,118853-369192
tag:World Health Leadership,118853-381384
tag:World Health Leadership,118853-387316
tag:World Health Leadership,118853-58519
tag:World Health Leadership,118853-72591
tag:World Health Leadership,118855-360776
tag:World Health Leadership,118857-66584
tag:World Health Leadership,118857-68915
tag:World Health Leadership,118886-134460
tag:World Health Leadership,118886-136936
tag:World Health Leadership,118886-151113
tag:World Health Leadership,118886-152069
tag:World Health Leadership,118886-152078
tag:World Health Leadership,118886-152402
tag:World Health Leadership,118886-160726
tag:World Health Leadership,118886-161178
tag:World Health Leadership,118886-164372
tag:World Health Leadership,118886-168466
tag:World Health Leadership,118886-171484
tag:World Health Leadership,118886-171485
tag:World Health Leadership,118888-177772
tag:World Health Leadership,118888-177810
tag:World Health Leadership,118920-137278
tag:World Health Leadership,118920-153596
tag:World Health Leadership,118920-154067
tag:World Health Leadership,118929-165084
tag:World Health Leadership,118929-166658
